"id","national_number","pokemon","form","origin_mark","target_type","owned_initial","source_row"
"1:5:ORIGIN_MARK:consola-virtual","1","Bulbasaur","Estándar","Consola Virtual","ORIGIN_MARK","1","5"
"1:5:ORIGIN_MARK:sin-marca-gen-3-5","1","Bulbasaur","Estándar","Sin marca (Gen 3-5)","ORIGIN_MARK","1","5"
"1:5:ORIGIN_MARK:kalos","1","Bulbasaur","Estándar","Kalos","ORIGIN_MARK","1","5"
"1:5:ORIGIN_MARK:alola","1","Bulbasaur","Estándar","Alola","ORIGIN_MARK","1","5"
"1:5:ORIGIN_MARK:pokemon-go","1","Bulbasaur","Estándar","Pokémon GO","ORIGIN_MARK","1","5"
"1:5:ORIGIN_MARK:let-s-go","1","Bulbasaur","Estándar","Let's Go","ORIGIN_MARK","1","5"
"1:5:ORIGIN_MARK:galar","1","Bulbasaur","Estándar","Galar","ORIGIN_MARK","1","5"
"1:5:ORIGIN_MARK:sinnoh-bdsp","1","Bulbasaur","Estándar","Sinnoh (BDSP)","ORIGIN_MARK","0","5"
"1:5:ORIGIN_MARK:paldea","1","Bulbasaur","Estándar","Paldea","ORIGIN_MARK","1","5"
"1:5:ORIGIN_MARK:legends-z-a","1","Bulbasaur","Estándar","Legends: Z-A","ORIGIN_MARK","0","5"
"1:5:DREAM_BALL:dream-ball-v","1","Bulbasaur","Estándar","Dream Ball (V)","DREAM_BALL","1","5"
"2:6:ORIGIN_MARK:consola-virtual","2","Ivysaur","Estándar","Consola Virtual","ORIGIN_MARK","1","6"
"2:6:ORIGIN_MARK:sin-marca-gen-3-5","2","Ivysaur","Estándar","Sin marca (Gen 3-5)","ORIGIN_MARK","1","6"
"2:6:ORIGIN_MARK:kalos","2","Ivysaur","Estándar","Kalos","ORIGIN_MARK","1","6"
"2:6:ORIGIN_MARK:alola","2","Ivysaur","Estándar","Alola","ORIGIN_MARK","1","6"
"2:6:ORIGIN_MARK:pokemon-go","2","Ivysaur","Estándar","Pokémon GO","ORIGIN_MARK","0","6"
"2:6:ORIGIN_MARK:let-s-go","2","Ivysaur","Estándar","Let's Go","ORIGIN_MARK","1","6"
"2:6:ORIGIN_MARK:galar","2","Ivysaur","Estándar","Galar","ORIGIN_MARK","1","6"
"2:6:ORIGIN_MARK:sinnoh-bdsp","2","Ivysaur","Estándar","Sinnoh (BDSP)","ORIGIN_MARK","0","6"
"2:6:ORIGIN_MARK:paldea","2","Ivysaur","Estándar","Paldea","ORIGIN_MARK","1","6"
"2:6:ORIGIN_MARK:legends-z-a","2","Ivysaur","Estándar","Legends: Z-A","ORIGIN_MARK","0","6"
"2:6:DREAM_BALL:dream-ball-v","2","Ivysaur","Estándar","Dream Ball (V)","DREAM_BALL","0","6"
"3:7:ORIGIN_MARK:consola-virtual","3","Venusaur","Estándar","Consola Virtual","ORIGIN_MARK","1","7"
"3:7:ORIGIN_MARK:sin-marca-gen-3-5","3","Venusaur","Estándar","Sin marca (Gen 3-5)","ORIGIN_MARK","1","7"
"3:7:ORIGIN_MARK:kalos","3","Venusaur","Estándar","Kalos","ORIGIN_MARK","1","7"
"3:7:ORIGIN_MARK:alola","3","Venusaur","Estándar","Alola","ORIGIN_MARK","1","7"
"3:7:ORIGIN_MARK:pokemon-go","3","Venusaur","Estándar","Pokémon GO","ORIGIN_MARK","0","7"
"3:7:ORIGIN_MARK:let-s-go","3","Venusaur","Estándar","Let's Go","ORIGIN_MARK","1","7"
"3:7:ORIGIN_MARK:galar","3","Venusaur","Estándar","Galar","ORIGIN_MARK","1","7"
"3:7:ORIGIN_MARK:sinnoh-bdsp","3","Venusaur","Estándar","Sinnoh (BDSP)","ORIGIN_MARK","0","7"
"3:7:ORIGIN_MARK:paldea","3","Venusaur","Estándar","Paldea","ORIGIN_MARK","1","7"
"3:7:ORIGIN_MARK:legends-z-a","3","Venusaur","Estándar","Legends: Z-A","ORIGIN_MARK","0","7"
"3:7:DREAM_BALL:dream-ball-v","3","Venusaur","Estándar","Dream Ball (V)","DREAM_BALL","0","7"
"4:8:ORIGIN_MARK:consola-virtual","4","Charmander","Estándar","Consola Virtual","ORIGIN_MARK","1","8"
"4:8:ORIGIN_MARK:sin-marca-gen-3-5","4","Charmander","Estándar","Sin marca (Gen 3-5)","ORIGIN_MARK","1","8"
"4:8:ORIGIN_MARK:kalos","4","Charmander","Estándar","Kalos","ORIGIN_MARK","1","8"
"4:8:ORIGIN_MARK:alola","4","Charmander","Estándar","Alola","ORIGIN_MARK","1","8"
"4:8:ORIGIN_MARK:pokemon-go","4","Charmander","Estándar","Pokémon GO","ORIGIN_MARK","0","8"
"4:8:ORIGIN_MARK:let-s-go","4","Charmander","Estándar","Let's Go","ORIGIN_MARK","1","8"
"4:8:ORIGIN_MARK:galar","4","Charmander","Estándar","Galar","ORIGIN_MARK","1","8"
"4:8:ORIGIN_MARK:sinnoh-bdsp","4","Charmander","Estándar","Sinnoh (BDSP)","ORIGIN_MARK","0","8"
"4:8:ORIGIN_MARK:paldea","4","Charmander","Estándar","Paldea","ORIGIN_MARK","1","8"
"4:8:ORIGIN_MARK:legends-z-a","4","Charmander","Estándar","Legends: Z-A","ORIGIN_MARK","0","8"
"4:8:DREAM_BALL:dream-ball-v","4","Charmander","Estándar","Dream Ball (V)","DREAM_BALL","1","8"
"5:9:ORIGIN_MARK:consola-virtual","5","Charmeleon","Estándar","Consola Virtual","ORIGIN_MARK","1","9"
"5:9:ORIGIN_MARK:sin-marca-gen-3-5","5","Charmeleon","Estándar","Sin marca (Gen 3-5)","ORIGIN_MARK","1","9"
"5:9:ORIGIN_MARK:kalos","5","Charmeleon","Estándar","Kalos","ORIGIN_MARK","1","9"
"5:9:ORIGIN_MARK:alola","5","Charmeleon","Estándar","Alola","ORIGIN_MARK","1","9"
"5:9:ORIGIN_MARK:pokemon-go","5","Charmeleon","Estándar","Pokémon GO","ORIGIN_MARK","0","9"
"5:9:ORIGIN_MARK:let-s-go","5","Charmeleon","Estándar","Let's Go","ORIGIN_MARK","1","9"
"5:9:ORIGIN_MARK:galar","5","Charmeleon","Estándar","Galar","ORIGIN_MARK","1","9"
"5:9:ORIGIN_MARK:sinnoh-bdsp","5","Charmeleon","Estándar","Sinnoh (BDSP)","ORIGIN_MARK","0","9"
"5:9:ORIGIN_MARK:paldea","5","Charmeleon","Estándar","Paldea","ORIGIN_MARK","1","9"
"5:9:ORIGIN_MARK:legends-z-a","5","Charmeleon","Estándar","Legends: Z-A","ORIGIN_MARK","0","9"
"5:9:DREAM_BALL:dream-ball-v","5","Charmeleon","Estándar","Dream Ball (V)","DREAM_BALL","0","9"
"6:10:ORIGIN_MARK:consola-virtual","6","Charizard","Estándar","Consola Virtual","ORIGIN_MARK","1","10"
"6:10:ORIGIN_MARK:sin-marca-gen-3-5","6","Charizard","Estándar","Sin marca (Gen 3-5)","ORIGIN_MARK","1","10"
"6:10:ORIGIN_MARK:kalos","6","Charizard","Estándar","Kalos","ORIGIN_MARK","1","10"
"6:10:ORIGIN_MARK:alola","6","Charizard","Estándar","Alola","ORIGIN_MARK","1","10"
"6:10:ORIGIN_MARK:pokemon-go","6","Charizard","Estándar","Pokémon GO","ORIGIN_MARK","0","10"
"6:10:ORIGIN_MARK:let-s-go","6","Charizard","Estándar","Let's Go","ORIGIN_MARK","1","10"
"6:10:ORIGIN_MARK:galar","6","Charizard","Estándar","Galar","ORIGIN_MARK","1","10"
"6:10:ORIGIN_MARK:sinnoh-bdsp","6","Charizard","Estándar","Sinnoh (BDSP)","ORIGIN_MARK","0","10"
"6:10:ORIGIN_MARK:paldea","6","Charizard","Estándar","Paldea","ORIGIN_MARK","1","10"
"6:10:ORIGIN_MARK:legends-z-a","6","Charizard","Estándar","Legends: Z-A","ORIGIN_MARK","0","10"
"6:10:DREAM_BALL:dream-ball-v","6","Charizard","Estándar","Dream Ball (V)","DREAM_BALL","0","10"
"7:11:ORIGIN_MARK:consola-virtual","7","Squirtle","Estándar","Consola Virtual","ORIGIN_MARK","1","11"
"7:11:ORIGIN_MARK:sin-marca-gen-3-5","7","Squirtle","Estándar","Sin marca (Gen 3-5)","ORIGIN_MARK","1","11"
"7:11:ORIGIN_MARK:kalos","7","Squirtle","Estándar","Kalos","ORIGIN_MARK","1","11"
"7:11:ORIGIN_MARK:alola","7","Squirtle","Estándar","Alola","ORIGIN_MARK","1","11"
"7:11:ORIGIN_MARK:pokemon-go","7","Squirtle","Estándar","Pokémon GO","ORIGIN_MARK","0","11"
"7:11:ORIGIN_MARK:let-s-go","7","Squirtle","Estándar","Let's Go","ORIGIN_MARK","1","11"
"7:11:ORIGIN_MARK:galar","7","Squirtle","Estándar","Galar","ORIGIN_MARK","1","11"
"7:11:ORIGIN_MARK:sinnoh-bdsp","7","Squirtle","Estándar","Sinnoh (BDSP)","ORIGIN_MARK","0","11"
"7:11:ORIGIN_MARK:paldea","7","Squirtle","Estándar","Paldea","ORIGIN_MARK","1","11"
"7:11:ORIGIN_MARK:legends-z-a","7","Squirtle","Estándar","Legends: Z-A","ORIGIN_MARK","0","11"
"7:11:DREAM_BALL:dream-ball-v","7","Squirtle","Estándar","Dream Ball (V)","DREAM_BALL","1","11"
"8:12:ORIGIN_MARK:consola-virtual","8","Wartortle","Estándar","Consola Virtual","ORIGIN_MARK","1","12"
"8:12:ORIGIN_MARK:sin-marca-gen-3-5","8","Wartortle","Estándar","Sin marca (Gen 3-5)","ORIGIN_MARK","1","12"
"8:12:ORIGIN_MARK:kalos","8","Wartortle","Estándar","Kalos","ORIGIN_MARK","1","12"
"8:12:ORIGIN_MARK:alola","8","Wartortle","Estándar","Alola","ORIGIN_MARK","1","12"
"8:12:ORIGIN_MARK:pokemon-go","8","Wartortle","Estándar","Pokémon GO","ORIGIN_MARK","0","12"
"8:12:ORIGIN_MARK:let-s-go","8","Wartortle","Estándar","Let's Go","ORIGIN_MARK","1","12"
"8:12:ORIGIN_MARK:galar","8","Wartortle","Estándar","Galar","ORIGIN_MARK","1","12"
"8:12:ORIGIN_MARK:sinnoh-bdsp","8","Wartortle","Estándar","Sinnoh (BDSP)","ORIGIN_MARK","0","12"
"8:12:ORIGIN_MARK:paldea","8","Wartortle","Estándar","Paldea","ORIGIN_MARK","1","12"
"8:12:ORIGIN_MARK:legends-z-a","8","Wartortle","Estándar","Legends: Z-A","ORIGIN_MARK","0","12"
"8:12:DREAM_BALL:dream-ball-v","8","Wartortle","Estándar","Dream Ball (V)","DREAM_BALL","0","12"
"9:13:ORIGIN_MARK:consola-virtual","9","Blastoise","Estándar","Consola Virtual","ORIGIN_MARK","1","13"
"9:13:ORIGIN_MARK:sin-marca-gen-3-5","9","Blastoise","Estándar","Sin marca (Gen 3-5)","ORIGIN_MARK","1","13"
"9:13:ORIGIN_MARK:kalos","9","Blastoise","Estándar","Kalos","ORIGIN_MARK","1","13"
"9:13:ORIGIN_MARK:alola","9","Blastoise","Estándar","Alola","ORIGIN_MARK","1","13"
"9:13:ORIGIN_MARK:pokemon-go","9","Blastoise","Estándar","Pokémon GO","ORIGIN_MARK","0","13"
"9:13:ORIGIN_MARK:let-s-go","9","Blastoise","Estándar","Let's Go","ORIGIN_MARK","1","13"
"9:13:ORIGIN_MARK:galar","9","Blastoise","Estándar","Galar","ORIGIN_MARK","1","13"
"9:13:ORIGIN_MARK:sinnoh-bdsp","9","Blastoise","Estándar","Sinnoh (BDSP)","ORIGIN_MARK","0","13"
"9:13:ORIGIN_MARK:paldea","9","Blastoise","Estándar","Paldea","ORIGIN_MARK","1","13"
"9:13:ORIGIN_MARK:legends-z-a","9","Blastoise","Estándar","Legends: Z-A","ORIGIN_MARK","0","13"
"9:13:DREAM_BALL:dream-ball-v","9","Blastoise","Estándar","Dream Ball (V)","DREAM_BALL","0","13"
"10:14:ORIGIN_MARK:consola-virtual","10","Caterpie","Estándar","Consola Virtual","ORIGIN_MARK","1","14"
"10:14:ORIGIN_MARK:sin-marca-gen-3-5","10","Caterpie","Estándar","Sin marca (Gen 3-5)","ORIGIN_MARK","1","14"
"10:14:ORIGIN_MARK:kalos","10","Caterpie","Estándar","Kalos","ORIGIN_MARK","1","14"
"10:14:ORIGIN_MARK:alola","10","Caterpie","Estándar","Alola","ORIGIN_MARK","1","14"
"10:14:ORIGIN_MARK:pokemon-go","10","Caterpie","Estándar","Pokémon GO","ORIGIN_MARK","0","14"
"10:14:ORIGIN_MARK:let-s-go","10","Caterpie","Estándar","Let's Go","ORIGIN_MARK","1","14"
"10:14:ORIGIN_MARK:galar","10","Caterpie","Estándar","Galar","ORIGIN_MARK","1","14"
"10:14:ORIGIN_MARK:sinnoh-bdsp","10","Caterpie","Estándar","Sinnoh (BDSP)","ORIGIN_MARK","0","14"
"11:15:ORIGIN_MARK:consola-virtual","11","Metapod","Estándar","Consola Virtual","ORIGIN_MARK","1","15"
"11:15:ORIGIN_MARK:sin-marca-gen-3-5","11","Metapod","Estándar","Sin marca (Gen 3-5)","ORIGIN_MARK","1","15"
"11:15:ORIGIN_MARK:kalos","11","Metapod","Estándar","Kalos","ORIGIN_MARK","1","15"
"11:15:ORIGIN_MARK:alola","11","Metapod","Estándar","Alola","ORIGIN_MARK","1","15"
"11:15:ORIGIN_MARK:pokemon-go","11","Metapod","Estándar","Pokémon GO","ORIGIN_MARK","0","15"
"11:15:ORIGIN_MARK:let-s-go","11","Metapod","Estándar","Let's Go","ORIGIN_MARK","1","15"
"11:15:ORIGIN_MARK:galar","11","Metapod","Estándar","Galar","ORIGIN_MARK","1","15"
"11:15:ORIGIN_MARK:sinnoh-bdsp","11","Metapod","Estándar","Sinnoh (BDSP)","ORIGIN_MARK","0","15"
"12:16:ORIGIN_MARK:consola-virtual","12","Butterfree","Estándar","Consola Virtual","ORIGIN_MARK","1","16"
"12:16:ORIGIN_MARK:sin-marca-gen-3-5","12","Butterfree","Estándar","Sin marca (Gen 3-5)","ORIGIN_MARK","1","16"
"12:16:ORIGIN_MARK:kalos","12","Butterfree","Estándar","Kalos","ORIGIN_MARK","1","16"
"12:16:ORIGIN_MARK:alola","12","Butterfree","Estándar","Alola","ORIGIN_MARK","1","16"
"12:16:ORIGIN_MARK:pokemon-go","12","Butterfree","Estándar","Pokémon GO","ORIGIN_MARK","0","16"
"12:16:ORIGIN_MARK:let-s-go","12","Butterfree","Estándar","Let's Go","ORIGIN_MARK","1","16"
"12:16:ORIGIN_MARK:galar","12","Butterfree","Estándar","Galar","ORIGIN_MARK","1","16"
"12:16:ORIGIN_MARK:sinnoh-bdsp","12","Butterfree","Estándar","Sinnoh (BDSP)","ORIGIN_MARK","0","16"
"12:16:ORIGIN_MARK:legends-z-a","12","Butterfree","Estándar","Legends: Z-A","ORIGIN_MARK","0","16"
"12:16:DREAM_BALL:dream-ball-v","12","Butterfree","Estándar","Dream Ball (V)","DREAM_BALL","0","16"
"12:16:COLO_XD:colo-xd","12","Butterfree","Estándar","Colo/XD","COLO_XD","0","16"
"13:17:ORIGIN_MARK:consola-virtual","13","Weedle","Estándar","Consola Virtual","ORIGIN_MARK","1","17"
"13:17:ORIGIN_MARK:sin-marca-gen-3-5","13","Weedle","Estándar","Sin marca (Gen 3-5)","ORIGIN_MARK","1","17"
"13:17:ORIGIN_MARK:kalos","13","Weedle","Estándar","Kalos","ORIGIN_MARK","1","17"
"13:17:ORIGIN_MARK:alola","13","Weedle","Estándar","Alola","ORIGIN_MARK","1","17"
"13:17:ORIGIN_MARK:pokemon-go","13","Weedle","Estándar","Pokémon GO","ORIGIN_MARK","0","17"
"13:17:ORIGIN_MARK:let-s-go","13","Weedle","Estándar","Let's Go","ORIGIN_MARK","1","17"
"13:17:ORIGIN_MARK:sinnoh-bdsp","13","Weedle","Estándar","Sinnoh (BDSP)","ORIGIN_MARK","0","17"
"14:18:ORIGIN_MARK:consola-virtual","14","Kakuna","Estándar","Consola Virtual","ORIGIN_MARK","1","18"
"14:18:ORIGIN_MARK:sin-marca-gen-3-5","14","Kakuna","Estándar","Sin marca (Gen 3-5)","ORIGIN_MARK","1","18"
"14:18:ORIGIN_MARK:kalos","14","Kakuna","Estándar","Kalos","ORIGIN_MARK","1","18"
"14:18:ORIGIN_MARK:alola","14","Kakuna","Estándar","Alola","ORIGIN_MARK","1","18"
"14:18:ORIGIN_MARK:pokemon-go","14","Kakuna","Estándar","Pokémon GO","ORIGIN_MARK","0","18"
"14:18:ORIGIN_MARK:let-s-go","14","Kakuna","Estándar","Let's Go","ORIGIN_MARK","1","18"
"14:18:ORIGIN_MARK:sinnoh-bdsp","14","Kakuna","Estándar","Sinnoh (BDSP)","ORIGIN_MARK","0","18"
"15:19:ORIGIN_MARK:consola-virtual","15","Beedrill","Estándar","Consola Virtual","ORIGIN_MARK","1","19"
"15:19:ORIGIN_MARK:sin-marca-gen-3-5","15","Beedrill","Estándar","Sin marca (Gen 3-5)","ORIGIN_MARK","1","19"
"15:19:ORIGIN_MARK:kalos","15","Beedrill","Estándar","Kalos","ORIGIN_MARK","1","19"
"15:19:ORIGIN_MARK:alola","15","Beedrill","Estándar","Alola","ORIGIN_MARK","1","19"
"15:19:ORIGIN_MARK:pokemon-go","15","Beedrill","Estándar","Pokémon GO","ORIGIN_MARK","0","19"
"15:19:ORIGIN_MARK:let-s-go","15","Beedrill","Estándar","Let's Go","ORIGIN_MARK","1","19"
"15:19:ORIGIN_MARK:sinnoh-bdsp","15","Beedrill","Estándar","Sinnoh (BDSP)","ORIGIN_MARK","0","19"
"15:19:ORIGIN_MARK:legends-z-a","15","Beedrill","Estándar","Legends: Z-A","ORIGIN_MARK","0","19"
"15:19:DREAM_BALL:dream-ball-v","15","Beedrill","Estándar","Dream Ball (V)","DREAM_BALL","0","19"
"15:19:COLO_XD:colo-xd","15","Beedrill","Estándar","Colo/XD","COLO_XD","0","19"
"16:20:ORIGIN_MARK:consola-virtual","16","Pidgey","Estándar","Consola Virtual","ORIGIN_MARK","1","20"
"16:20:ORIGIN_MARK:sin-marca-gen-3-5","16","Pidgey","Estándar","Sin marca (Gen 3-5)","ORIGIN_MARK","1","20"
"16:20:ORIGIN_MARK:kalos","16","Pidgey","Estándar","Kalos","ORIGIN_MARK","1","20"
"16:20:ORIGIN_MARK:alola","16","Pidgey","Estándar","Alola","ORIGIN_MARK","1","20"
"16:20:ORIGIN_MARK:pokemon-go","16","Pidgey","Estándar","Pokémon GO","ORIGIN_MARK","0","20"
"16:20:ORIGIN_MARK:let-s-go","16","Pidgey","Estándar","Let's Go","ORIGIN_MARK","1","20"
"16:20:ORIGIN_MARK:sinnoh-bdsp","16","Pidgey","Estándar","Sinnoh (BDSP)","ORIGIN_MARK","0","20"
"16:20:ORIGIN_MARK:legends-z-a","16","Pidgey","Estándar","Legends: Z-A","ORIGIN_MARK","0","20"
"16:20:DREAM_BALL:dream-ball-v","16","Pidgey","Estándar","Dream Ball (V)","DREAM_BALL","0","20"
"17:21:ORIGIN_MARK:consola-virtual","17","Pidgeotto","Estándar","Consola Virtual","ORIGIN_MARK","1","21"
"17:21:ORIGIN_MARK:sin-marca-gen-3-5","17","Pidgeotto","Estándar","Sin marca (Gen 3-5)","ORIGIN_MARK","1","21"
"17:21:ORIGIN_MARK:kalos","17","Pidgeotto","Estándar","Kalos","ORIGIN_MARK","1","21"
"17:21:ORIGIN_MARK:alola","17","Pidgeotto","Estándar","Alola","ORIGIN_MARK","1","21"
"17:21:ORIGIN_MARK:pokemon-go","17","Pidgeotto","Estándar","Pokémon GO","ORIGIN_MARK","0","21"
"17:21:ORIGIN_MARK:let-s-go","17","Pidgeotto","Estándar","Let's Go","ORIGIN_MARK","1","21"
"17:21:ORIGIN_MARK:sinnoh-bdsp","17","Pidgeotto","Estándar","Sinnoh (BDSP)","ORIGIN_MARK","0","21"
"17:21:ORIGIN_MARK:legends-z-a","17","Pidgeotto","Estándar","Legends: Z-A","ORIGIN_MARK","0","21"
"17:21:DREAM_BALL:dream-ball-v","17","Pidgeotto","Estándar","Dream Ball (V)","DREAM_BALL","0","21"
"17:21:COLO_XD:colo-xd","17","Pidgeotto","Estándar","Colo/XD","COLO_XD","0","21"
"18:22:ORIGIN_MARK:consola-virtual","18","Pidgeot","Estándar","Consola Virtual","ORIGIN_MARK","1","22"
"18:22:ORIGIN_MARK:sin-marca-gen-3-5","18","Pidgeot","Estándar","Sin marca (Gen 3-5)","ORIGIN_MARK","1","22"
"18:22:ORIGIN_MARK:kalos","18","Pidgeot","Estándar","Kalos","ORIGIN_MARK","1","22"
"18:22:ORIGIN_MARK:alola","18","Pidgeot","Estándar","Alola","ORIGIN_MARK","1","22"
"18:22:ORIGIN_MARK:pokemon-go","18","Pidgeot","Estándar","Pokémon GO","ORIGIN_MARK","0","22"
"18:22:ORIGIN_MARK:let-s-go","18","Pidgeot","Estándar","Let's Go","ORIGIN_MARK","1","22"
"18:22:ORIGIN_MARK:sinnoh-bdsp","18","Pidgeot","Estándar","Sinnoh (BDSP)","ORIGIN_MARK","0","22"
"18:22:ORIGIN_MARK:legends-z-a","18","Pidgeot","Estándar","Legends: Z-A","ORIGIN_MARK","0","22"
"18:22:DREAM_BALL:dream-ball-v","18","Pidgeot","Estándar","Dream Ball (V)","DREAM_BALL","0","22"
"18:22:COLO_XD:colo-xd","18","Pidgeot","Estándar","Colo/XD","COLO_XD","0","22"
"19:23:ORIGIN_MARK:consola-virtual","19","Rattata","Estándar","Consola Virtual","ORIGIN_MARK","1","23"
"19:23:ORIGIN_MARK:sin-marca-gen-3-5","19","Rattata","Estándar","Sin marca (Gen 3-5)","ORIGIN_MARK","1","23"
"19:23:ORIGIN_MARK:kalos","19","Rattata","Estándar","Kalos","ORIGIN_MARK","1","23"
"19:23:ORIGIN_MARK:alola","19","Rattata","Estándar","Alola","ORIGIN_MARK","1","23"
"19:23:ORIGIN_MARK:pokemon-go","19","Rattata","Estándar","Pokémon GO","ORIGIN_MARK","0","23"
"19:23:ORIGIN_MARK:let-s-go","19","Rattata","Estándar","Let's Go","ORIGIN_MARK","1","23"
"19:23:ORIGIN_MARK:sinnoh-bdsp","19","Rattata","Estándar","Sinnoh (BDSP)","ORIGIN_MARK","0","23"
"19:23:ORIGIN_MARK:legends-z-a","19","Rattata","Estándar","Legends: Z-A","ORIGIN_MARK","0","23"
"19:23:DREAM_BALL:dream-ball-v","19","Rattata","Estándar","Dream Ball (V)","DREAM_BALL","0","23"
"19:24:ORIGIN_MARK:alola","19","Rattata alola","alola","Alola","ORIGIN_MARK","1","24"
"19:24:ORIGIN_MARK:pokemon-go","19","Rattata alola","alola","Pokémon GO","ORIGIN_MARK","0","24"
"19:24:ORIGIN_MARK:let-s-go","19","Rattata alola","alola","Let's Go","ORIGIN_MARK","1","24"
"20:25:ORIGIN_MARK:consola-virtual","20","Raticate","Estándar","Consola Virtual","ORIGIN_MARK","1","25"
"20:25:ORIGIN_MARK:sin-marca-gen-3-5","20","Raticate","Estándar","Sin marca (Gen 3-5)","ORIGIN_MARK","1","25"
"20:25:ORIGIN_MARK:kalos","20","Raticate","Estándar","Kalos","ORIGIN_MARK","1","25"
"20:25:ORIGIN_MARK:alola","20","Raticate","Estándar","Alola","ORIGIN_MARK","1","25"
"20:25:ORIGIN_MARK:pokemon-go","20","Raticate","Estándar","Pokémon GO","ORIGIN_MARK","0","25"
"20:25:ORIGIN_MARK:let-s-go","20","Raticate","Estándar","Let's Go","ORIGIN_MARK","1","25"
"20:25:ORIGIN_MARK:sinnoh-bdsp","20","Raticate","Estándar","Sinnoh (BDSP)","ORIGIN_MARK","0","25"
"20:25:ORIGIN_MARK:legends-z-a","20","Raticate","Estándar","Legends: Z-A","ORIGIN_MARK","0","25"
"20:25:DREAM_BALL:dream-ball-v","20","Raticate","Estándar","Dream Ball (V)","DREAM_BALL","0","25"
"20:25:COLO_XD:colo-xd","20","Raticate","Estándar","Colo/XD","COLO_XD","0","25"
"20:26:ORIGIN_MARK:alola","20","Raticate alola","alola","Alola","ORIGIN_MARK","1","26"
"20:26:ORIGIN_MARK:pokemon-go","20","Raticate alola","alola","Pokémon GO","ORIGIN_MARK","0","26"
"20:26:ORIGIN_MARK:let-s-go","20","Raticate alola","alola","Let's Go","ORIGIN_MARK","1","26"
"21:27:ORIGIN_MARK:consola-virtual","21","Spearow","Estándar","Consola Virtual","ORIGIN_MARK","1","27"
"21:27:ORIGIN_MARK:sin-marca-gen-3-5","21","Spearow","Estándar","Sin marca (Gen 3-5)","ORIGIN_MARK","1","27"
"21:27:ORIGIN_MARK:kalos","21","Spearow","Estándar","Kalos","ORIGIN_MARK","1","27"
"21:27:ORIGIN_MARK:alola","21","Spearow","Estándar","Alola","ORIGIN_MARK","1","27"
"21:27:ORIGIN_MARK:pokemon-go","21","Spearow","Estándar","Pokémon GO","ORIGIN_MARK","0","27"
"21:27:ORIGIN_MARK:let-s-go","21","Spearow","Estándar","Let's Go","ORIGIN_MARK","1","27"
"21:27:ORIGIN_MARK:sinnoh-bdsp","21","Spearow","Estándar","Sinnoh (BDSP)","ORIGIN_MARK","0","27"
"21:27:ORIGIN_MARK:legends-z-a","21","Spearow","Estándar","Legends: Z-A","ORIGIN_MARK","0","27"
"21:27:DREAM_BALL:dream-ball-v","21","Spearow","Estándar","Dream Ball (V)","DREAM_BALL","0","27"
"22:28:ORIGIN_MARK:consola-virtual","22","Fearow","Estándar","Consola Virtual","ORIGIN_MARK","1","28"
"22:28:ORIGIN_MARK:sin-marca-gen-3-5","22","Fearow","Estándar","Sin marca (Gen 3-5)","ORIGIN_MARK","1","28"
"22:28:ORIGIN_MARK:kalos","22","Fearow","Estándar","Kalos","ORIGIN_MARK","1","28"
"22:28:ORIGIN_MARK:alola","22","Fearow","Estándar","Alola","ORIGIN_MARK","1","28"
"22:28:ORIGIN_MARK:pokemon-go","22","Fearow","Estándar","Pokémon GO","ORIGIN_MARK","0","28"
"22:28:ORIGIN_MARK:let-s-go","22","Fearow","Estándar","Let's Go","ORIGIN_MARK","1","28"
"22:28:ORIGIN_MARK:sinnoh-bdsp","22","Fearow","Estándar","Sinnoh (BDSP)","ORIGIN_MARK","0","28"
"22:28:ORIGIN_MARK:legends-z-a","22","Fearow","Estándar","Legends: Z-A","ORIGIN_MARK","0","28"
"22:28:DREAM_BALL:dream-ball-v","22","Fearow","Estándar","Dream Ball (V)","DREAM_BALL","0","28"
"23:29:ORIGIN_MARK:consola-virtual","23","Ekans","Estándar","Consola Virtual","ORIGIN_MARK","1","29"
"23:29:ORIGIN_MARK:sin-marca-gen-3-5","23","Ekans","Estándar","Sin marca (Gen 3-5)","ORIGIN_MARK","1","29"
"23:29:ORIGIN_MARK:kalos","23","Ekans","Estándar","Kalos","ORIGIN_MARK","1","29"
"23:29:ORIGIN_MARK:alola","23","Ekans","Estándar","Alola","ORIGIN_MARK","1","29"
"23:29:ORIGIN_MARK:pokemon-go","23","Ekans","Estándar","Pokémon GO","ORIGIN_MARK","1","29"
"23:29:ORIGIN_MARK:let-s-go","23","Ekans","Estándar","Let's Go","ORIGIN_MARK","1","29"
"23:29:ORIGIN_MARK:sinnoh-bdsp","23","Ekans","Estándar","Sinnoh (BDSP)","ORIGIN_MARK","0","29"
"23:29:ORIGIN_MARK:paldea","23","Ekans","Estándar","Paldea","ORIGIN_MARK","1","29"
"24:30:ORIGIN_MARK:consola-virtual","24","Arbok","Estándar","Consola Virtual","ORIGIN_MARK","1","30"
"24:30:ORIGIN_MARK:sin-marca-gen-3-5","24","Arbok","Estándar","Sin marca (Gen 3-5)","ORIGIN_MARK","1","30"
"24:30:ORIGIN_MARK:kalos","24","Arbok","Estándar","Kalos","ORIGIN_MARK","1","30"
"24:30:ORIGIN_MARK:alola","24","Arbok","Estándar","Alola","ORIGIN_MARK","1","30"
"24:30:ORIGIN_MARK:pokemon-go","24","Arbok","Estándar","Pokémon GO","ORIGIN_MARK","0","30"
"24:30:ORIGIN_MARK:let-s-go","24","Arbok","Estándar","Let's Go","ORIGIN_MARK","1","30"
"24:30:ORIGIN_MARK:sinnoh-bdsp","24","Arbok","Estándar","Sinnoh (BDSP)","ORIGIN_MARK","0","30"
"24:30:ORIGIN_MARK:paldea","24","Arbok","Estándar","Paldea","ORIGIN_MARK","1","30"
"24:30:ORIGIN_MARK:legends-z-a","24","Arbok","Estándar","Legends: Z-A","ORIGIN_MARK","0","30"
"24:30:DREAM_BALL:dream-ball-v","24","Arbok","Estándar","Dream Ball (V)","DREAM_BALL","0","30"
"24:30:COLO_XD:colo-xd","24","Arbok","Estándar","Colo/XD","COLO_XD","0","30"
"25:31:ORIGIN_MARK:consola-virtual","25","Pikachu","Estándar","Consola Virtual","ORIGIN_MARK","1","31"
"25:31:ORIGIN_MARK:sin-marca-gen-3-5","25","Pikachu","Estándar","Sin marca (Gen 3-5)","ORIGIN_MARK","1","31"
"25:31:ORIGIN_MARK:kalos","25","Pikachu","Estándar","Kalos","ORIGIN_MARK","1","31"
"25:31:ORIGIN_MARK:alola","25","Pikachu","Estándar","Alola","ORIGIN_MARK","1","31"
"25:31:ORIGIN_MARK:pokemon-go","25","Pikachu","Estándar","Pokémon GO","ORIGIN_MARK","0","31"
"25:31:ORIGIN_MARK:let-s-go","25","Pikachu","Estándar","Let's Go","ORIGIN_MARK","1","31"
"25:31:ORIGIN_MARK:galar","25","Pikachu","Estándar","Galar","ORIGIN_MARK","1","31"
"25:31:ORIGIN_MARK:sinnoh-bdsp","25","Pikachu","Estándar","Sinnoh (BDSP)","ORIGIN_MARK","0","31"
"25:31:ORIGIN_MARK:hisui-legends-arceus","25","Pikachu","Estándar","Hisui (Legends: Arceus)","ORIGIN_MARK","0","31"
"25:31:ORIGIN_MARK:paldea","25","Pikachu","Estándar","Paldea","ORIGIN_MARK","1","31"
"25:31:ORIGIN_MARK:legends-z-a","25","Pikachu","Estándar","Legends: Z-A","ORIGIN_MARK","0","31"
"25:31:DREAM_BALL:dream-ball-v","25","Pikachu","Estándar","Dream Ball (V)","DREAM_BALL","0","31"
"25:38:ORIGIN_MARK:alola","25","Pikachu Partner cap","Partner cap","Alola","ORIGIN_MARK","1","38"
"26:40:ORIGIN_MARK:consola-virtual","26","Raichu","Estándar","Consola Virtual","ORIGIN_MARK","1","40"
"26:40:ORIGIN_MARK:sin-marca-gen-3-5","26","Raichu","Estándar","Sin marca (Gen 3-5)","ORIGIN_MARK","1","40"
"26:40:ORIGIN_MARK:kalos","26","Raichu","Estándar","Kalos","ORIGIN_MARK","1","40"
"26:40:ORIGIN_MARK:alola","26","Raichu","Estándar","Alola","ORIGIN_MARK","1","40"
"26:40:ORIGIN_MARK:pokemon-go","26","Raichu","Estándar","Pokémon GO","ORIGIN_MARK","0","40"
"26:40:ORIGIN_MARK:let-s-go","26","Raichu","Estándar","Let's Go","ORIGIN_MARK","1","40"
"26:40:ORIGIN_MARK:galar","26","Raichu","Estándar","Galar","ORIGIN_MARK","1","40"
"26:40:ORIGIN_MARK:sinnoh-bdsp","26","Raichu","Estándar","Sinnoh (BDSP)","ORIGIN_MARK","0","40"
"26:40:ORIGIN_MARK:hisui-legends-arceus","26","Raichu","Estándar","Hisui (Legends: Arceus)","ORIGIN_MARK","0","40"
"26:40:ORIGIN_MARK:paldea","26","Raichu","Estándar","Paldea","ORIGIN_MARK","1","40"
"26:40:ORIGIN_MARK:legends-z-a","26","Raichu","Estándar","Legends: Z-A","ORIGIN_MARK","0","40"
"26:40:DREAM_BALL:dream-ball-v","26","Raichu","Estándar","Dream Ball (V)","DREAM_BALL","0","40"
"26:41:ORIGIN_MARK:consola-virtual","26","Raichu alola","alola","Consola Virtual","ORIGIN_MARK","1","41"
"26:41:ORIGIN_MARK:sin-marca-gen-3-5","26","Raichu alola","alola","Sin marca (Gen 3-5)","ORIGIN_MARK","1","41"
"26:41:ORIGIN_MARK:kalos","26","Raichu alola","alola","Kalos","ORIGIN_MARK","1","41"
"26:41:ORIGIN_MARK:alola","26","Raichu alola","alola","Alola","ORIGIN_MARK","1","41"
"26:41:ORIGIN_MARK:pokemon-go","26","Raichu alola","alola","Pokémon GO","ORIGIN_MARK","0","41"
"26:41:ORIGIN_MARK:let-s-go","26","Raichu alola","alola","Let's Go","ORIGIN_MARK","1","41"
"26:41:ORIGIN_MARK:galar","26","Raichu alola","alola","Galar","ORIGIN_MARK","0","41"
"26:41:ORIGIN_MARK:sinnoh-bdsp","26","Raichu alola","alola","Sinnoh (BDSP)","ORIGIN_MARK","0","41"
"26:41:ORIGIN_MARK:paldea","26","Raichu alola","alola","Paldea","ORIGIN_MARK","1","41"
"26:41:ORIGIN_MARK:legends-z-a","26","Raichu alola","alola","Legends: Z-A","ORIGIN_MARK","0","41"
"26:41:DREAM_BALL:dream-ball-v","26","Raichu alola","alola","Dream Ball (V)","DREAM_BALL","1","41"
"27:42:ORIGIN_MARK:consola-virtual","27","Sandshrew","Estándar","Consola Virtual","ORIGIN_MARK","1","42"
"27:42:ORIGIN_MARK:sin-marca-gen-3-5","27","Sandshrew","Estándar","Sin marca (Gen 3-5)","ORIGIN_MARK","1","42"
"27:42:ORIGIN_MARK:kalos","27","Sandshrew","Estándar","Kalos","ORIGIN_MARK","1","42"
"27:42:ORIGIN_MARK:alola","27","Sandshrew","Estándar","Alola","ORIGIN_MARK","1","42"
"27:42:ORIGIN_MARK:pokemon-go","27","Sandshrew","Estándar","Pokémon GO","ORIGIN_MARK","0","42"
"27:42:ORIGIN_MARK:let-s-go","27","Sandshrew","Estándar","Let's Go","ORIGIN_MARK","1","42"
"27:42:ORIGIN_MARK:galar","27","Sandshrew","Estándar","Galar","ORIGIN_MARK","1","42"
"27:42:ORIGIN_MARK:sinnoh-bdsp","27","Sandshrew","Estándar","Sinnoh (BDSP)","ORIGIN_MARK","0","42"
"27:42:ORIGIN_MARK:paldea","27","Sandshrew","Estándar","Paldea","ORIGIN_MARK","1","42"
"27:42:ORIGIN_MARK:legends-z-a","27","Sandshrew","Estándar","Legends: Z-A","ORIGIN_MARK","0","42"
"27:42:DREAM_BALL:dream-ball-v","27","Sandshrew","Estándar","Dream Ball (V)","DREAM_BALL","0","42"
"27:42:COLO_XD:colo-xd","27","Sandshrew","Estándar","Colo/XD","COLO_XD","0","42"
"27:43:ORIGIN_MARK:alola","27","Sandshrew alola","alola","Alola","ORIGIN_MARK","1","43"
"27:43:ORIGIN_MARK:pokemon-go","27","Sandshrew alola","alola","Pokémon GO","ORIGIN_MARK","0","43"
"27:43:ORIGIN_MARK:let-s-go","27","Sandshrew alola","alola","Let's Go","ORIGIN_MARK","1","43"
"27:43:ORIGIN_MARK:galar","27","Sandshrew alola","alola","Galar","ORIGIN_MARK","0","43"
"27:43:ORIGIN_MARK:paldea","27","Sandshrew alola","alola","Paldea","ORIGIN_MARK","1","43"
"28:44:ORIGIN_MARK:consola-virtual","28","Sandslash","Estándar","Consola Virtual","ORIGIN_MARK","1","44"
"28:44:ORIGIN_MARK:sin-marca-gen-3-5","28","Sandslash","Estándar","Sin marca (Gen 3-5)","ORIGIN_MARK","1","44"
"28:44:ORIGIN_MARK:kalos","28","Sandslash","Estándar","Kalos","ORIGIN_MARK","1","44"
"28:44:ORIGIN_MARK:alola","28","Sandslash","Estándar","Alola","ORIGIN_MARK","1","44"
"28:44:ORIGIN_MARK:pokemon-go","28","Sandslash","Estándar","Pokémon GO","ORIGIN_MARK","0","44"
"28:44:ORIGIN_MARK:let-s-go","28","Sandslash","Estándar","Let's Go","ORIGIN_MARK","1","44"
"28:44:ORIGIN_MARK:galar","28","Sandslash","Estándar","Galar","ORIGIN_MARK","1","44"
"28:44:ORIGIN_MARK:sinnoh-bdsp","28","Sandslash","Estándar","Sinnoh (BDSP)","ORIGIN_MARK","0","44"
"28:44:ORIGIN_MARK:paldea","28","Sandslash","Estándar","Paldea","ORIGIN_MARK","1","44"
"28:44:ORIGIN_MARK:legends-z-a","28","Sandslash","Estándar","Legends: Z-A","ORIGIN_MARK","0","44"
"28:44:DREAM_BALL:dream-ball-v","28","Sandslash","Estándar","Dream Ball (V)","DREAM_BALL","0","44"
"28:44:COLO_XD:colo-xd","28","Sandslash","Estándar","Colo/XD","COLO_XD","0","44"
"28:45:ORIGIN_MARK:alola","28","Sandslash alola","alola","Alola","ORIGIN_MARK","1","45"
"28:45:ORIGIN_MARK:pokemon-go","28","Sandslash alola","alola","Pokémon GO","ORIGIN_MARK","0","45"
"28:45:ORIGIN_MARK:let-s-go","28","Sandslash alola","alola","Let's Go","ORIGIN_MARK","1","45"
"28:45:ORIGIN_MARK:galar","28","Sandslash alola","alola","Galar","ORIGIN_MARK","0","45"
"28:45:ORIGIN_MARK:paldea","28","Sandslash alola","alola","Paldea","ORIGIN_MARK","1","45"
"29:46:ORIGIN_MARK:consola-virtual","29","Nidoran♀","Estándar","Consola Virtual","ORIGIN_MARK","1","46"
"29:46:ORIGIN_MARK:sin-marca-gen-3-5","29","Nidoran♀","Estándar","Sin marca (Gen 3-5)","ORIGIN_MARK","1","46"
"29:46:ORIGIN_MARK:kalos","29","Nidoran♀","Estándar","Kalos","ORIGIN_MARK","1","46"
"29:46:ORIGIN_MARK:alola","29","Nidoran♀","Estándar","Alola","ORIGIN_MARK","1","46"
"29:46:ORIGIN_MARK:pokemon-go","29","Nidoran♀","Estándar","Pokémon GO","ORIGIN_MARK","0","46"
"29:46:ORIGIN_MARK:let-s-go","29","Nidoran♀","Estándar","Let's Go","ORIGIN_MARK","1","46"
"29:46:ORIGIN_MARK:galar","29","Nidoran♀","Estándar","Galar","ORIGIN_MARK","1","46"
"29:46:ORIGIN_MARK:sinnoh-bdsp","29","Nidoran♀","Estándar","Sinnoh (BDSP)","ORIGIN_MARK","0","46"
"29:46:ORIGIN_MARK:legends-z-a","29","Nidoran♀","Estándar","Legends: Z-A","ORIGIN_MARK","0","46"
"29:46:DREAM_BALL:dream-ball-v","29","Nidoran♀","Estándar","Dream Ball (V)","DREAM_BALL","0","46"
"30:47:ORIGIN_MARK:consola-virtual","30","Nidorina","Estándar","Consola Virtual","ORIGIN_MARK","1","47"
"30:47:ORIGIN_MARK:sin-marca-gen-3-5","30","Nidorina","Estándar","Sin marca (Gen 3-5)","ORIGIN_MARK","1","47"
"30:47:ORIGIN_MARK:kalos","30","Nidorina","Estándar","Kalos","ORIGIN_MARK","1","47"
"30:47:ORIGIN_MARK:alola","30","Nidorina","Estándar","Alola","ORIGIN_MARK","1","47"
"30:47:ORIGIN_MARK:pokemon-go","30","Nidorina","Estándar","Pokémon GO","ORIGIN_MARK","0","47"
"30:47:ORIGIN_MARK:let-s-go","30","Nidorina","Estándar","Let's Go","ORIGIN_MARK","1","47"
"30:47:ORIGIN_MARK:galar","30","Nidorina","Estándar","Galar","ORIGIN_MARK","1","47"
"30:47:ORIGIN_MARK:sinnoh-bdsp","30","Nidorina","Estándar","Sinnoh (BDSP)","ORIGIN_MARK","0","47"
"30:47:ORIGIN_MARK:legends-z-a","30","Nidorina","Estándar","Legends: Z-A","ORIGIN_MARK","0","47"
"30:47:DREAM_BALL:dream-ball-v","30","Nidorina","Estándar","Dream Ball (V)","DREAM_BALL","0","47"
"31:48:ORIGIN_MARK:consola-virtual","31","Nidoqueen","Estándar","Consola Virtual","ORIGIN_MARK","1","48"
"31:48:ORIGIN_MARK:sin-marca-gen-3-5","31","Nidoqueen","Estándar","Sin marca (Gen 3-5)","ORIGIN_MARK","1","48"
"31:48:ORIGIN_MARK:kalos","31","Nidoqueen","Estándar","Kalos","ORIGIN_MARK","1","48"
"31:48:ORIGIN_MARK:alola","31","Nidoqueen","Estándar","Alola","ORIGIN_MARK","1","48"
"31:48:ORIGIN_MARK:pokemon-go","31","Nidoqueen","Estándar","Pokémon GO","ORIGIN_MARK","0","48"
"31:48:ORIGIN_MARK:let-s-go","31","Nidoqueen","Estándar","Let's Go","ORIGIN_MARK","1","48"
"31:48:ORIGIN_MARK:galar","31","Nidoqueen","Estándar","Galar","ORIGIN_MARK","1","48"
"31:48:ORIGIN_MARK:sinnoh-bdsp","31","Nidoqueen","Estándar","Sinnoh (BDSP)","ORIGIN_MARK","0","48"
"31:48:ORIGIN_MARK:legends-z-a","31","Nidoqueen","Estándar","Legends: Z-A","ORIGIN_MARK","0","48"
"31:48:DREAM_BALL:dream-ball-v","31","Nidoqueen","Estándar","Dream Ball (V)","DREAM_BALL","0","48"
"32:49:ORIGIN_MARK:consola-virtual","32","Nidoran♂","Estándar","Consola Virtual","ORIGIN_MARK","1","49"
"32:49:ORIGIN_MARK:sin-marca-gen-3-5","32","Nidoran♂","Estándar","Sin marca (Gen 3-5)","ORIGIN_MARK","1","49"
"32:49:ORIGIN_MARK:kalos","32","Nidoran♂","Estándar","Kalos","ORIGIN_MARK","1","49"
"32:49:ORIGIN_MARK:alola","32","Nidoran♂","Estándar","Alola","ORIGIN_MARK","1","49"
"32:49:ORIGIN_MARK:pokemon-go","32","Nidoran♂","Estándar","Pokémon GO","ORIGIN_MARK","0","49"
"32:49:ORIGIN_MARK:let-s-go","32","Nidoran♂","Estándar","Let's Go","ORIGIN_MARK","1","49"
"32:49:ORIGIN_MARK:galar","32","Nidoran♂","Estándar","Galar","ORIGIN_MARK","1","49"
"32:49:ORIGIN_MARK:sinnoh-bdsp","32","Nidoran♂","Estándar","Sinnoh (BDSP)","ORIGIN_MARK","0","49"
"32:49:ORIGIN_MARK:legends-z-a","32","Nidoran♂","Estándar","Legends: Z-A","ORIGIN_MARK","0","49"
"32:49:DREAM_BALL:dream-ball-v","32","Nidoran♂","Estándar","Dream Ball (V)","DREAM_BALL","0","49"
"33:50:ORIGIN_MARK:consola-virtual","33","Nidorino","Estándar","Consola Virtual","ORIGIN_MARK","1","50"
"33:50:ORIGIN_MARK:sin-marca-gen-3-5","33","Nidorino","Estándar","Sin marca (Gen 3-5)","ORIGIN_MARK","1","50"
"33:50:ORIGIN_MARK:kalos","33","Nidorino","Estándar","Kalos","ORIGIN_MARK","1","50"
"33:50:ORIGIN_MARK:alola","33","Nidorino","Estándar","Alola","ORIGIN_MARK","1","50"
"33:50:ORIGIN_MARK:pokemon-go","33","Nidorino","Estándar","Pokémon GO","ORIGIN_MARK","0","50"
"33:50:ORIGIN_MARK:let-s-go","33","Nidorino","Estándar","Let's Go","ORIGIN_MARK","1","50"
"33:50:ORIGIN_MARK:galar","33","Nidorino","Estándar","Galar","ORIGIN_MARK","1","50"
"33:50:ORIGIN_MARK:sinnoh-bdsp","33","Nidorino","Estándar","Sinnoh (BDSP)","ORIGIN_MARK","0","50"
"33:50:ORIGIN_MARK:legends-z-a","33","Nidorino","Estándar","Legends: Z-A","ORIGIN_MARK","0","50"
"33:50:DREAM_BALL:dream-ball-v","33","Nidorino","Estándar","Dream Ball (V)","DREAM_BALL","0","50"
"34:51:ORIGIN_MARK:consola-virtual","34","Nidoking","Estándar","Consola Virtual","ORIGIN_MARK","1","51"
"34:51:ORIGIN_MARK:sin-marca-gen-3-5","34","Nidoking","Estándar","Sin marca (Gen 3-5)","ORIGIN_MARK","1","51"
"34:51:ORIGIN_MARK:kalos","34","Nidoking","Estándar","Kalos","ORIGIN_MARK","1","51"
"34:51:ORIGIN_MARK:alola","34","Nidoking","Estándar","Alola","ORIGIN_MARK","1","51"
"34:51:ORIGIN_MARK:pokemon-go","34","Nidoking","Estándar","Pokémon GO","ORIGIN_MARK","0","51"
"34:51:ORIGIN_MARK:let-s-go","34","Nidoking","Estándar","Let's Go","ORIGIN_MARK","1","51"
"34:51:ORIGIN_MARK:galar","34","Nidoking","Estándar","Galar","ORIGIN_MARK","1","51"
"34:51:ORIGIN_MARK:sinnoh-bdsp","34","Nidoking","Estándar","Sinnoh (BDSP)","ORIGIN_MARK","0","51"
"34:51:ORIGIN_MARK:legends-z-a","34","Nidoking","Estándar","Legends: Z-A","ORIGIN_MARK","0","51"
"34:51:DREAM_BALL:dream-ball-v","34","Nidoking","Estándar","Dream Ball (V)","DREAM_BALL","0","51"
"35:52:ORIGIN_MARK:consola-virtual","35","Clefairy","Estándar","Consola Virtual","ORIGIN_MARK","1","52"
"35:52:ORIGIN_MARK:sin-marca-gen-3-5","35","Clefairy","Estándar","Sin marca (Gen 3-5)","ORIGIN_MARK","1","52"
"35:52:ORIGIN_MARK:kalos","35","Clefairy","Estándar","Kalos","ORIGIN_MARK","1","52"
"35:52:ORIGIN_MARK:alola","35","Clefairy","Estándar","Alola","ORIGIN_MARK","1","52"
"35:52:ORIGIN_MARK:pokemon-go","35","Clefairy","Estándar","Pokémon GO","ORIGIN_MARK","0","52"
"35:52:ORIGIN_MARK:let-s-go","35","Clefairy","Estándar","Let's Go","ORIGIN_MARK","1","52"
"35:52:ORIGIN_MARK:galar","35","Clefairy","Estándar","Galar","ORIGIN_MARK","1","52"
"35:52:ORIGIN_MARK:sinnoh-bdsp","35","Clefairy","Estándar","Sinnoh (BDSP)","ORIGIN_MARK","0","52"
"35:52:ORIGIN_MARK:hisui-legends-arceus","35","Clefairy","Estándar","Hisui (Legends: Arceus)","ORIGIN_MARK","0","52"
"35:52:ORIGIN_MARK:paldea","35","Clefairy","Estándar","Paldea","ORIGIN_MARK","1","52"
"35:52:ORIGIN_MARK:legends-z-a","35","Clefairy","Estándar","Legends: Z-A","ORIGIN_MARK","0","52"
"35:52:DREAM_BALL:dream-ball-v","35","Clefairy","Estándar","Dream Ball (V)","DREAM_BALL","0","52"
"36:53:ORIGIN_MARK:consola-virtual","36","Clefable","Estándar","Consola Virtual","ORIGIN_MARK","1","53"
"36:53:ORIGIN_MARK:sin-marca-gen-3-5","36","Clefable","Estándar","Sin marca (Gen 3-5)","ORIGIN_MARK","1","53"
"36:53:ORIGIN_MARK:kalos","36","Clefable","Estándar","Kalos","ORIGIN_MARK","1","53"
"36:53:ORIGIN_MARK:alola","36","Clefable","Estándar","Alola","ORIGIN_MARK","1","53"
"36:53:ORIGIN_MARK:pokemon-go","36","Clefable","Estándar","Pokémon GO","ORIGIN_MARK","0","53"
"36:53:ORIGIN_MARK:let-s-go","36","Clefable","Estándar","Let's Go","ORIGIN_MARK","1","53"
"36:53:ORIGIN_MARK:galar","36","Clefable","Estándar","Galar","ORIGIN_MARK","1","53"
"36:53:ORIGIN_MARK:sinnoh-bdsp","36","Clefable","Estándar","Sinnoh (BDSP)","ORIGIN_MARK","0","53"
"36:53:ORIGIN_MARK:hisui-legends-arceus","36","Clefable","Estándar","Hisui (Legends: Arceus)","ORIGIN_MARK","0","53"
"36:53:ORIGIN_MARK:paldea","36","Clefable","Estándar","Paldea","ORIGIN_MARK","1","53"
"36:53:ORIGIN_MARK:legends-z-a","36","Clefable","Estándar","Legends: Z-A","ORIGIN_MARK","0","53"
"36:53:DREAM_BALL:dream-ball-v","36","Clefable","Estándar","Dream Ball (V)","DREAM_BALL","0","53"
"37:54:ORIGIN_MARK:consola-virtual","37","Vulpix","Estándar","Consola Virtual","ORIGIN_MARK","1","54"
"37:54:ORIGIN_MARK:sin-marca-gen-3-5","37","Vulpix","Estándar","Sin marca (Gen 3-5)","ORIGIN_MARK","1","54"
"37:54:ORIGIN_MARK:kalos","37","Vulpix","Estándar","Kalos","ORIGIN_MARK","1","54"
"37:54:ORIGIN_MARK:alola","37","Vulpix","Estándar","Alola","ORIGIN_MARK","1","54"
"37:54:ORIGIN_MARK:pokemon-go","37","Vulpix","Estándar","Pokémon GO","ORIGIN_MARK","0","54"
"37:54:ORIGIN_MARK:let-s-go","37","Vulpix","Estándar","Let's Go","ORIGIN_MARK","1","54"
"37:54:ORIGIN_MARK:galar","37","Vulpix","Estándar","Galar","ORIGIN_MARK","1","54"
"37:54:ORIGIN_MARK:sinnoh-bdsp","37","Vulpix","Estándar","Sinnoh (BDSP)","ORIGIN_MARK","0","54"
"37:54:ORIGIN_MARK:hisui-legends-arceus","37","Vulpix","Estándar","Hisui (Legends: Arceus)","ORIGIN_MARK","0","54"
"37:54:ORIGIN_MARK:paldea","37","Vulpix","Estándar","Paldea","ORIGIN_MARK","1","54"
"37:54:ORIGIN_MARK:legends-z-a","37","Vulpix","Estándar","Legends: Z-A","ORIGIN_MARK","0","54"
"37:54:DREAM_BALL:dream-ball-v","37","Vulpix","Estándar","Dream Ball (V)","DREAM_BALL","0","54"
"37:54:COLO_XD:colo-xd","37","Vulpix","Estándar","Colo/XD","COLO_XD","0","54"
"37:55:ORIGIN_MARK:alola","37","Vulpix alola","alola","Alola","ORIGIN_MARK","1","55"
"37:55:ORIGIN_MARK:pokemon-go","37","Vulpix alola","alola","Pokémon GO","ORIGIN_MARK","0","55"
"37:55:ORIGIN_MARK:let-s-go","37","Vulpix alola","alola","Let's Go","ORIGIN_MARK","1","55"
"37:55:ORIGIN_MARK:galar","37","Vulpix alola","alola","Galar","ORIGIN_MARK","0","55"
"37:55:ORIGIN_MARK:paldea","37","Vulpix alola","alola","Paldea","ORIGIN_MARK","1","55"
"38:56:ORIGIN_MARK:consola-virtual","38","Ninetales","Estándar","Consola Virtual","ORIGIN_MARK","1","56"
"38:56:ORIGIN_MARK:sin-marca-gen-3-5","38","Ninetales","Estándar","Sin marca (Gen 3-5)","ORIGIN_MARK","1","56"
"38:56:ORIGIN_MARK:kalos","38","Ninetales","Estándar","Kalos","ORIGIN_MARK","1","56"
"38:56:ORIGIN_MARK:alola","38","Ninetales","Estándar","Alola","ORIGIN_MARK","1","56"
"38:56:ORIGIN_MARK:pokemon-go","38","Ninetales","Estándar","Pokémon GO","ORIGIN_MARK","0","56"
"38:56:ORIGIN_MARK:let-s-go","38","Ninetales","Estándar","Let's Go","ORIGIN_MARK","1","56"
"38:56:ORIGIN_MARK:galar","38","Ninetales","Estándar","Galar","ORIGIN_MARK","1","56"
"38:56:ORIGIN_MARK:sinnoh-bdsp","38","Ninetales","Estándar","Sinnoh (BDSP)","ORIGIN_MARK","0","56"
"38:56:ORIGIN_MARK:hisui-legends-arceus","38","Ninetales","Estándar","Hisui (Legends: Arceus)","ORIGIN_MARK","0","56"
"38:56:ORIGIN_MARK:paldea","38","Ninetales","Estándar","Paldea","ORIGIN_MARK","1","56"
"38:56:ORIGIN_MARK:legends-z-a","38","Ninetales","Estándar","Legends: Z-A","ORIGIN_MARK","0","56"
"38:56:DREAM_BALL:dream-ball-v","38","Ninetales","Estándar","Dream Ball (V)","DREAM_BALL","0","56"
"38:56:COLO_XD:colo-xd","38","Ninetales","Estándar","Colo/XD","COLO_XD","0","56"
"38:57:ORIGIN_MARK:alola","38","Ninetales alola","alola","Alola","ORIGIN_MARK","1","57"
"38:57:ORIGIN_MARK:pokemon-go","38","Ninetales alola","alola","Pokémon GO","ORIGIN_MARK","0","57"
"38:57:ORIGIN_MARK:let-s-go","38","Ninetales alola","alola","Let's Go","ORIGIN_MARK","1","57"
"38:57:ORIGIN_MARK:galar","38","Ninetales alola","alola","Galar","ORIGIN_MARK","0","57"
"38:57:ORIGIN_MARK:paldea","38","Ninetales alola","alola","Paldea","ORIGIN_MARK","1","57"
"39:58:ORIGIN_MARK:consola-virtual","39","Jigglypuff","Estándar","Consola Virtual","ORIGIN_MARK","1","58"
"39:58:ORIGIN_MARK:sin-marca-gen-3-5","39","Jigglypuff","Estándar","Sin marca (Gen 3-5)","ORIGIN_MARK","1","58"
"39:58:ORIGIN_MARK:kalos","39","Jigglypuff","Estándar","Kalos","ORIGIN_MARK","1","58"
"39:58:ORIGIN_MARK:alola","39","Jigglypuff","Estándar","Alola","ORIGIN_MARK","1","58"
"39:58:ORIGIN_MARK:pokemon-go","39","Jigglypuff","Estándar","Pokémon GO","ORIGIN_MARK","0","58"
"39:58:ORIGIN_MARK:let-s-go","39","Jigglypuff","Estándar","Let's Go","ORIGIN_MARK","1","58"
"39:58:ORIGIN_MARK:galar","39","Jigglypuff","Estándar","Galar","ORIGIN_MARK","1","58"
"39:58:ORIGIN_MARK:sinnoh-bdsp","39","Jigglypuff","Estándar","Sinnoh (BDSP)","ORIGIN_MARK","0","58"
"39:58:ORIGIN_MARK:paldea","39","Jigglypuff","Estándar","Paldea","ORIGIN_MARK","1","58"
"39:58:ORIGIN_MARK:legends-z-a","39","Jigglypuff","Estándar","Legends: Z-A","ORIGIN_MARK","0","58"
"39:58:DREAM_BALL:dream-ball-v","39","Jigglypuff","Estándar","Dream Ball (V)","DREAM_BALL","0","58"
"40:59:ORIGIN_MARK:consola-virtual","40","Wigglytuff","Estándar","Consola Virtual","ORIGIN_MARK","1","59"
"40:59:ORIGIN_MARK:sin-marca-gen-3-5","40","Wigglytuff","Estándar","Sin marca (Gen 3-5)","ORIGIN_MARK","1","59"
"40:59:ORIGIN_MARK:kalos","40","Wigglytuff","Estándar","Kalos","ORIGIN_MARK","1","59"
"40:59:ORIGIN_MARK:alola","40","Wigglytuff","Estándar","Alola","ORIGIN_MARK","1","59"
"40:59:ORIGIN_MARK:pokemon-go","40","Wigglytuff","Estándar","Pokémon GO","ORIGIN_MARK","0","59"
"40:59:ORIGIN_MARK:let-s-go","40","Wigglytuff","Estándar","Let's Go","ORIGIN_MARK","1","59"
"40:59:ORIGIN_MARK:galar","40","Wigglytuff","Estándar","Galar","ORIGIN_MARK","1","59"
"40:59:ORIGIN_MARK:sinnoh-bdsp","40","Wigglytuff","Estándar","Sinnoh (BDSP)","ORIGIN_MARK","0","59"
"40:59:ORIGIN_MARK:paldea","40","Wigglytuff","Estándar","Paldea","ORIGIN_MARK","1","59"
"40:59:ORIGIN_MARK:legends-z-a","40","Wigglytuff","Estándar","Legends: Z-A","ORIGIN_MARK","0","59"
"40:59:DREAM_BALL:dream-ball-v","40","Wigglytuff","Estándar","Dream Ball (V)","DREAM_BALL","0","59"
"41:60:ORIGIN_MARK:consola-virtual","41","Zubat","Estándar","Consola Virtual","ORIGIN_MARK","1","60"
"41:60:ORIGIN_MARK:sin-marca-gen-3-5","41","Zubat","Estándar","Sin marca (Gen 3-5)","ORIGIN_MARK","1","60"
"41:60:ORIGIN_MARK:kalos","41","Zubat","Estándar","Kalos","ORIGIN_MARK","1","60"
"41:60:ORIGIN_MARK:alola","41","Zubat","Estándar","Alola","ORIGIN_MARK","1","60"
"41:60:ORIGIN_MARK:pokemon-go","41","Zubat","Estándar","Pokémon GO","ORIGIN_MARK","0","60"
"41:60:ORIGIN_MARK:let-s-go","41","Zubat","Estándar","Let's Go","ORIGIN_MARK","1","60"
"41:60:ORIGIN_MARK:galar","41","Zubat","Estándar","Galar","ORIGIN_MARK","1","60"
"41:60:ORIGIN_MARK:sinnoh-bdsp","41","Zubat","Estándar","Sinnoh (BDSP)","ORIGIN_MARK","0","60"
"41:60:ORIGIN_MARK:hisui-legends-arceus","41","Zubat","Estándar","Hisui (Legends: Arceus)","ORIGIN_MARK","0","60"
"41:60:ORIGIN_MARK:legends-z-a","41","Zubat","Estándar","Legends: Z-A","ORIGIN_MARK","0","60"
"41:60:DREAM_BALL:dream-ball-v","41","Zubat","Estándar","Dream Ball (V)","DREAM_BALL","0","60"
"41:60:COLO_XD:colo-xd","41","Zubat","Estándar","Colo/XD","COLO_XD","0","60"
"42:61:ORIGIN_MARK:consola-virtual","42","Golbat","Estándar","Consola Virtual","ORIGIN_MARK","1","61"
"42:61:ORIGIN_MARK:sin-marca-gen-3-5","42","Golbat","Estándar","Sin marca (Gen 3-5)","ORIGIN_MARK","1","61"
"42:61:ORIGIN_MARK:kalos","42","Golbat","Estándar","Kalos","ORIGIN_MARK","1","61"
"42:61:ORIGIN_MARK:alola","42","Golbat","Estándar","Alola","ORIGIN_MARK","1","61"
"42:61:ORIGIN_MARK:pokemon-go","42","Golbat","Estándar","Pokémon GO","ORIGIN_MARK","0","61"
"42:61:ORIGIN_MARK:let-s-go","42","Golbat","Estándar","Let's Go","ORIGIN_MARK","1","61"
"42:61:ORIGIN_MARK:galar","42","Golbat","Estándar","Galar","ORIGIN_MARK","1","61"
"42:61:ORIGIN_MARK:sinnoh-bdsp","42","Golbat","Estándar","Sinnoh (BDSP)","ORIGIN_MARK","0","61"
"42:61:ORIGIN_MARK:hisui-legends-arceus","42","Golbat","Estándar","Hisui (Legends: Arceus)","ORIGIN_MARK","0","61"
"42:61:ORIGIN_MARK:legends-z-a","42","Golbat","Estándar","Legends: Z-A","ORIGIN_MARK","0","61"
"42:61:DREAM_BALL:dream-ball-v","42","Golbat","Estándar","Dream Ball (V)","DREAM_BALL","0","61"
"42:61:COLO_XD:colo-xd","42","Golbat","Estándar","Colo/XD","COLO_XD","0","61"
"43:62:ORIGIN_MARK:consola-virtual","43","Oddish","Estándar","Consola Virtual","ORIGIN_MARK","1","62"
"43:62:ORIGIN_MARK:sin-marca-gen-3-5","43","Oddish","Estándar","Sin marca (Gen 3-5)","ORIGIN_MARK","1","62"
"43:62:ORIGIN_MARK:kalos","43","Oddish","Estándar","Kalos","ORIGIN_MARK","1","62"
"43:62:ORIGIN_MARK:alola","43","Oddish","Estándar","Alola","ORIGIN_MARK","1","62"
"43:62:ORIGIN_MARK:pokemon-go","43","Oddish","Estándar","Pokémon GO","ORIGIN_MARK","0","62"
"43:62:ORIGIN_MARK:let-s-go","43","Oddish","Estándar","Let's Go","ORIGIN_MARK","1","62"
"43:62:ORIGIN_MARK:galar","43","Oddish","Estándar","Galar","ORIGIN_MARK","1","62"
"43:62:ORIGIN_MARK:sinnoh-bdsp","43","Oddish","Estándar","Sinnoh (BDSP)","ORIGIN_MARK","0","62"
"43:62:ORIGIN_MARK:paldea","43","Oddish","Estándar","Paldea","ORIGIN_MARK","1","62"
"43:62:ORIGIN_MARK:legends-z-a","43","Oddish","Estándar","Legends: Z-A","ORIGIN_MARK","0","62"
"43:62:DREAM_BALL:dream-ball-v","43","Oddish","Estándar","Dream Ball (V)","DREAM_BALL","0","62"
"44:63:ORIGIN_MARK:consola-virtual","44","Gloom","Estándar","Consola Virtual","ORIGIN_MARK","1","63"
"44:63:ORIGIN_MARK:sin-marca-gen-3-5","44","Gloom","Estándar","Sin marca (Gen 3-5)","ORIGIN_MARK","1","63"
"44:63:ORIGIN_MARK:kalos","44","Gloom","Estándar","Kalos","ORIGIN_MARK","1","63"
"44:63:ORIGIN_MARK:alola","44","Gloom","Estándar","Alola","ORIGIN_MARK","1","63"
"44:63:ORIGIN_MARK:pokemon-go","44","Gloom","Estándar","Pokémon GO","ORIGIN_MARK","0","63"
"44:63:ORIGIN_MARK:let-s-go","44","Gloom","Estándar","Let's Go","ORIGIN_MARK","1","63"
"44:63:ORIGIN_MARK:galar","44","Gloom","Estándar","Galar","ORIGIN_MARK","1","63"
"44:63:ORIGIN_MARK:sinnoh-bdsp","44","Gloom","Estándar","Sinnoh (BDSP)","ORIGIN_MARK","0","63"
"44:63:ORIGIN_MARK:paldea","44","Gloom","Estándar","Paldea","ORIGIN_MARK","1","63"
"44:63:ORIGIN_MARK:legends-z-a","44","Gloom","Estándar","Legends: Z-A","ORIGIN_MARK","0","63"
"44:63:DREAM_BALL:dream-ball-v","44","Gloom","Estándar","Dream Ball (V)","DREAM_BALL","0","63"
"45:64:ORIGIN_MARK:consola-virtual","45","Vileplume","Estándar","Consola Virtual","ORIGIN_MARK","1","64"
"45:64:ORIGIN_MARK:sin-marca-gen-3-5","45","Vileplume","Estándar","Sin marca (Gen 3-5)","ORIGIN_MARK","1","64"
"45:64:ORIGIN_MARK:kalos","45","Vileplume","Estándar","Kalos","ORIGIN_MARK","1","64"
"45:64:ORIGIN_MARK:alola","45","Vileplume","Estándar","Alola","ORIGIN_MARK","1","64"
"45:64:ORIGIN_MARK:pokemon-go","45","Vileplume","Estándar","Pokémon GO","ORIGIN_MARK","0","64"
"45:64:ORIGIN_MARK:let-s-go","45","Vileplume","Estándar","Let's Go","ORIGIN_MARK","1","64"
"45:64:ORIGIN_MARK:galar","45","Vileplume","Estándar","Galar","ORIGIN_MARK","1","64"
"45:64:ORIGIN_MARK:sinnoh-bdsp","45","Vileplume","Estándar","Sinnoh (BDSP)","ORIGIN_MARK","0","64"
"45:64:ORIGIN_MARK:paldea","45","Vileplume","Estándar","Paldea","ORIGIN_MARK","1","64"
"45:64:ORIGIN_MARK:legends-z-a","45","Vileplume","Estándar","Legends: Z-A","ORIGIN_MARK","0","64"
"45:64:DREAM_BALL:dream-ball-v","45","Vileplume","Estándar","Dream Ball (V)","DREAM_BALL","0","64"
"46:65:ORIGIN_MARK:consola-virtual","46","Paras","Estándar","Consola Virtual","ORIGIN_MARK","1","65"
"46:65:ORIGIN_MARK:sin-marca-gen-3-5","46","Paras","Estándar","Sin marca (Gen 3-5)","ORIGIN_MARK","1","65"
"46:65:ORIGIN_MARK:kalos","46","Paras","Estándar","Kalos","ORIGIN_MARK","1","65"
"46:65:ORIGIN_MARK:alola","46","Paras","Estándar","Alola","ORIGIN_MARK","1","65"
"46:65:ORIGIN_MARK:pokemon-go","46","Paras","Estándar","Pokémon GO","ORIGIN_MARK","0","65"
"46:65:ORIGIN_MARK:let-s-go","46","Paras","Estándar","Let's Go","ORIGIN_MARK","1","65"
"46:65:ORIGIN_MARK:sinnoh-bdsp","46","Paras","Estándar","Sinnoh (BDSP)","ORIGIN_MARK","0","65"
"46:65:ORIGIN_MARK:hisui-legends-arceus","46","Paras","Estándar","Hisui (Legends: Arceus)","ORIGIN_MARK","0","65"
"46:65:ORIGIN_MARK:legends-z-a","46","Paras","Estándar","Legends: Z-A","ORIGIN_MARK","0","65"
"46:65:DREAM_BALL:dream-ball-v","46","Paras","Estándar","Dream Ball (V)","DREAM_BALL","0","65"
"46:65:COLO_XD:colo-xd","46","Paras","Estándar","Colo/XD","COLO_XD","0","65"
"47:66:ORIGIN_MARK:consola-virtual","47","Parasect","Estándar","Consola Virtual","ORIGIN_MARK","1","66"
"47:66:ORIGIN_MARK:sin-marca-gen-3-5","47","Parasect","Estándar","Sin marca (Gen 3-5)","ORIGIN_MARK","1","66"
"47:66:ORIGIN_MARK:kalos","47","Parasect","Estándar","Kalos","ORIGIN_MARK","1","66"
"47:66:ORIGIN_MARK:alola","47","Parasect","Estándar","Alola","ORIGIN_MARK","1","66"
"47:66:ORIGIN_MARK:pokemon-go","47","Parasect","Estándar","Pokémon GO","ORIGIN_MARK","0","66"
"47:66:ORIGIN_MARK:let-s-go","47","Parasect","Estándar","Let's Go","ORIGIN_MARK","1","66"
"47:66:ORIGIN_MARK:sinnoh-bdsp","47","Parasect","Estándar","Sinnoh (BDSP)","ORIGIN_MARK","0","66"
"47:66:ORIGIN_MARK:hisui-legends-arceus","47","Parasect","Estándar","Hisui (Legends: Arceus)","ORIGIN_MARK","0","66"
"47:66:ORIGIN_MARK:legends-z-a","47","Parasect","Estándar","Legends: Z-A","ORIGIN_MARK","0","66"
"47:66:DREAM_BALL:dream-ball-v","47","Parasect","Estándar","Dream Ball (V)","DREAM_BALL","0","66"
"47:66:COLO_XD:colo-xd","47","Parasect","Estándar","Colo/XD","COLO_XD","0","66"
"48:67:ORIGIN_MARK:consola-virtual","48","Venonat","Estándar","Consola Virtual","ORIGIN_MARK","1","67"
"48:67:ORIGIN_MARK:sin-marca-gen-3-5","48","Venonat","Estándar","Sin marca (Gen 3-5)","ORIGIN_MARK","1","67"
"48:67:ORIGIN_MARK:kalos","48","Venonat","Estándar","Kalos","ORIGIN_MARK","1","67"
"48:67:ORIGIN_MARK:alola","48","Venonat","Estándar","Alola","ORIGIN_MARK","1","67"
"48:67:ORIGIN_MARK:pokemon-go","48","Venonat","Estándar","Pokémon GO","ORIGIN_MARK","0","67"
"48:67:ORIGIN_MARK:let-s-go","48","Venonat","Estándar","Let's Go","ORIGIN_MARK","1","67"
"48:67:ORIGIN_MARK:sinnoh-bdsp","48","Venonat","Estándar","Sinnoh (BDSP)","ORIGIN_MARK","0","67"
"48:67:ORIGIN_MARK:paldea","48","Venonat","Estándar","Paldea","ORIGIN_MARK","1","67"
"48:67:ORIGIN_MARK:legends-z-a","48","Venonat","Estándar","Legends: Z-A","ORIGIN_MARK","0","67"
"48:67:DREAM_BALL:dream-ball-v","48","Venonat","Estándar","Dream Ball (V)","DREAM_BALL","0","67"
"49:68:ORIGIN_MARK:consola-virtual","49","Venomoth","Estándar","Consola Virtual","ORIGIN_MARK","1","68"
"49:68:ORIGIN_MARK:sin-marca-gen-3-5","49","Venomoth","Estándar","Sin marca (Gen 3-5)","ORIGIN_MARK","1","68"
"49:68:ORIGIN_MARK:kalos","49","Venomoth","Estándar","Kalos","ORIGIN_MARK","1","68"
"49:68:ORIGIN_MARK:alola","49","Venomoth","Estándar","Alola","ORIGIN_MARK","1","68"
"49:68:ORIGIN_MARK:pokemon-go","49","Venomoth","Estándar","Pokémon GO","ORIGIN_MARK","0","68"
"49:68:ORIGIN_MARK:let-s-go","49","Venomoth","Estándar","Let's Go","ORIGIN_MARK","1","68"
"49:68:ORIGIN_MARK:sinnoh-bdsp","49","Venomoth","Estándar","Sinnoh (BDSP)","ORIGIN_MARK","0","68"
"49:68:ORIGIN_MARK:paldea","49","Venomoth","Estándar","Paldea","ORIGIN_MARK","1","68"
"49:68:ORIGIN_MARK:legends-z-a","49","Venomoth","Estándar","Legends: Z-A","ORIGIN_MARK","0","68"
"49:68:DREAM_BALL:dream-ball-v","49","Venomoth","Estándar","Dream Ball (V)","DREAM_BALL","0","68"
"49:68:COLO_XD:colo-xd","49","Venomoth","Estándar","Colo/XD","COLO_XD","0","68"
"50:69:ORIGIN_MARK:consola-virtual","50","Diglett","Estándar","Consola Virtual","ORIGIN_MARK","1","69"
"50:69:ORIGIN_MARK:sin-marca-gen-3-5","50","Diglett","Estándar","Sin marca (Gen 3-5)","ORIGIN_MARK","1","69"
"50:69:ORIGIN_MARK:kalos","50","Diglett","Estándar","Kalos","ORIGIN_MARK","1","69"
"50:69:ORIGIN_MARK:alola","50","Diglett","Estándar","Alola","ORIGIN_MARK","1","69"
"50:69:ORIGIN_MARK:pokemon-go","50","Diglett","Estándar","Pokémon GO","ORIGIN_MARK","0","69"
"50:69:ORIGIN_MARK:let-s-go","50","Diglett","Estándar","Let's Go","ORIGIN_MARK","1","69"
"50:69:ORIGIN_MARK:galar","50","Diglett","Estándar","Galar","ORIGIN_MARK","1","69"
"50:69:ORIGIN_MARK:sinnoh-bdsp","50","Diglett","Estándar","Sinnoh (BDSP)","ORIGIN_MARK","0","69"
"50:69:ORIGIN_MARK:paldea","50","Diglett","Estándar","Paldea","ORIGIN_MARK","1","69"
"50:69:ORIGIN_MARK:legends-z-a","50","Diglett","Estándar","Legends: Z-A","ORIGIN_MARK","0","69"
"50:69:DREAM_BALL:dream-ball-v","50","Diglett","Estándar","Dream Ball (V)","DREAM_BALL","0","69"
"50:70:ORIGIN_MARK:alola","50","Diglett alola","alola","Alola","ORIGIN_MARK","1","70"
"50:70:ORIGIN_MARK:pokemon-go","50","Diglett alola","alola","Pokémon GO","ORIGIN_MARK","0","70"
"50:70:ORIGIN_MARK:let-s-go","50","Diglett alola","alola","Let's Go","ORIGIN_MARK","1","70"
"50:70:ORIGIN_MARK:galar","50","Diglett alola","alola","Galar","ORIGIN_MARK","0","70"
"50:70:ORIGIN_MARK:paldea","50","Diglett alola","alola","Paldea","ORIGIN_MARK","1","70"
"51:71:ORIGIN_MARK:consola-virtual","51","Dugtrio","Estándar","Consola Virtual","ORIGIN_MARK","1","71"
"51:71:ORIGIN_MARK:sin-marca-gen-3-5","51","Dugtrio","Estándar","Sin marca (Gen 3-5)","ORIGIN_MARK","1","71"
"51:71:ORIGIN_MARK:kalos","51","Dugtrio","Estándar","Kalos","ORIGIN_MARK","1","71"
"51:71:ORIGIN_MARK:alola","51","Dugtrio","Estándar","Alola","ORIGIN_MARK","1","71"
"51:71:ORIGIN_MARK:pokemon-go","51","Dugtrio","Estándar","Pokémon GO","ORIGIN_MARK","0","71"
"51:71:ORIGIN_MARK:let-s-go","51","Dugtrio","Estándar","Let's Go","ORIGIN_MARK","1","71"
"51:71:ORIGIN_MARK:galar","51","Dugtrio","Estándar","Galar","ORIGIN_MARK","1","71"
"51:71:ORIGIN_MARK:sinnoh-bdsp","51","Dugtrio","Estándar","Sinnoh (BDSP)","ORIGIN_MARK","0","71"
"51:71:ORIGIN_MARK:paldea","51","Dugtrio","Estándar","Paldea","ORIGIN_MARK","1","71"
"51:71:ORIGIN_MARK:legends-z-a","51","Dugtrio","Estándar","Legends: Z-A","ORIGIN_MARK","0","71"
"51:71:DREAM_BALL:dream-ball-v","51","Dugtrio","Estándar","Dream Ball (V)","DREAM_BALL","0","71"
"51:71:COLO_XD:colo-xd","51","Dugtrio","Estándar","Colo/XD","COLO_XD","0","71"
"51:72:ORIGIN_MARK:alola","51","Dugtrio alola","alola","Alola","ORIGIN_MARK","1","72"
"51:72:ORIGIN_MARK:pokemon-go","51","Dugtrio alola","alola","Pokémon GO","ORIGIN_MARK","0","72"
"51:72:ORIGIN_MARK:let-s-go","51","Dugtrio alola","alola","Let's Go","ORIGIN_MARK","1","72"
"51:72:ORIGIN_MARK:galar","51","Dugtrio alola","alola","Galar","ORIGIN_MARK","0","72"
"51:72:ORIGIN_MARK:paldea","51","Dugtrio alola","alola","Paldea","ORIGIN_MARK","1","72"
"52:73:ORIGIN_MARK:consola-virtual","52","Meowth","Estándar","Consola Virtual","ORIGIN_MARK","1","73"
"52:73:ORIGIN_MARK:sin-marca-gen-3-5","52","Meowth","Estándar","Sin marca (Gen 3-5)","ORIGIN_MARK","1","73"
"52:73:ORIGIN_MARK:kalos","52","Meowth","Estándar","Kalos","ORIGIN_MARK","1","73"
"52:73:ORIGIN_MARK:alola","52","Meowth","Estándar","Alola","ORIGIN_MARK","1","73"
"52:73:ORIGIN_MARK:pokemon-go","52","Meowth","Estándar","Pokémon GO","ORIGIN_MARK","0","73"
"52:73:ORIGIN_MARK:let-s-go","52","Meowth","Estándar","Let's Go","ORIGIN_MARK","1","73"
"52:73:ORIGIN_MARK:galar","52","Meowth","Estándar","Galar","ORIGIN_MARK","1","73"
"52:73:ORIGIN_MARK:sinnoh-bdsp","52","Meowth","Estándar","Sinnoh (BDSP)","ORIGIN_MARK","0","73"
"52:73:ORIGIN_MARK:paldea","52","Meowth","Estándar","Paldea","ORIGIN_MARK","1","73"
"52:73:ORIGIN_MARK:legends-z-a","52","Meowth","Estándar","Legends: Z-A","ORIGIN_MARK","0","73"
"52:73:DREAM_BALL:dream-ball-v","52","Meowth","Estándar","Dream Ball (V)","DREAM_BALL","0","73"
"52:73:COLO_XD:colo-xd","52","Meowth","Estándar","Colo/XD","COLO_XD","0","73"
"52:74:ORIGIN_MARK:alola","52","Meowth alola","alola","Alola","ORIGIN_MARK","1","74"
"52:74:ORIGIN_MARK:pokemon-go","52","Meowth alola","alola","Pokémon GO","ORIGIN_MARK","0","74"
"52:74:ORIGIN_MARK:let-s-go","52","Meowth alola","alola","Let's Go","ORIGIN_MARK","1","74"
"52:74:ORIGIN_MARK:galar","52","Meowth alola","alola","Galar","ORIGIN_MARK","0","74"
"52:74:ORIGIN_MARK:paldea","52","Meowth alola","alola","Paldea","ORIGIN_MARK","1","74"
"52:75:ORIGIN_MARK:pokemon-go","52","Meowth galar","galar","Pokémon GO","ORIGIN_MARK","0","75"
"52:75:ORIGIN_MARK:galar","52","Meowth galar","galar","Galar","ORIGIN_MARK","1","75"
"52:75:ORIGIN_MARK:paldea","52","Meowth galar","galar","Paldea","ORIGIN_MARK","1","75"
"53:76:ORIGIN_MARK:consola-virtual","53","Persian","Estándar","Consola Virtual","ORIGIN_MARK","1","76"
"53:76:ORIGIN_MARK:sin-marca-gen-3-5","53","Persian","Estándar","Sin marca (Gen 3-5)","ORIGIN_MARK","1","76"
"53:76:ORIGIN_MARK:kalos","53","Persian","Estándar","Kalos","ORIGIN_MARK","1","76"
"53:76:ORIGIN_MARK:alola","53","Persian","Estándar","Alola","ORIGIN_MARK","1","76"
"53:76:ORIGIN_MARK:pokemon-go","53","Persian","Estándar","Pokémon GO","ORIGIN_MARK","0","76"
"53:76:ORIGIN_MARK:let-s-go","53","Persian","Estándar","Let's Go","ORIGIN_MARK","1","76"
"53:76:ORIGIN_MARK:galar","53","Persian","Estándar","Galar","ORIGIN_MARK","1","76"
"53:76:ORIGIN_MARK:sinnoh-bdsp","53","Persian","Estándar","Sinnoh (BDSP)","ORIGIN_MARK","0","76"
"53:76:ORIGIN_MARK:paldea","53","Persian","Estándar","Paldea","ORIGIN_MARK","1","76"
"53:76:ORIGIN_MARK:legends-z-a","53","Persian","Estándar","Legends: Z-A","ORIGIN_MARK","0","76"
"53:76:DREAM_BALL:dream-ball-v","53","Persian","Estándar","Dream Ball (V)","DREAM_BALL","0","76"
"53:76:COLO_XD:colo-xd","53","Persian","Estándar","Colo/XD","COLO_XD","0","76"
"53:77:ORIGIN_MARK:alola","53","Persian alola","alola","Alola","ORIGIN_MARK","1","77"
"53:77:ORIGIN_MARK:pokemon-go","53","Persian alola","alola","Pokémon GO","ORIGIN_MARK","0","77"
"53:77:ORIGIN_MARK:let-s-go","53","Persian alola","alola","Let's Go","ORIGIN_MARK","1","77"
"53:77:ORIGIN_MARK:galar","53","Persian alola","alola","Galar","ORIGIN_MARK","0","77"
"53:77:ORIGIN_MARK:paldea","53","Persian alola","alola","Paldea","ORIGIN_MARK","1","77"
"54:78:ORIGIN_MARK:consola-virtual","54","Psyduck","Estándar","Consola Virtual","ORIGIN_MARK","1","78"
"54:78:ORIGIN_MARK:sin-marca-gen-3-5","54","Psyduck","Estándar","Sin marca (Gen 3-5)","ORIGIN_MARK","1","78"
"54:78:ORIGIN_MARK:kalos","54","Psyduck","Estándar","Kalos","ORIGIN_MARK","1","78"
"54:78:ORIGIN_MARK:alola","54","Psyduck","Estándar","Alola","ORIGIN_MARK","1","78"
"54:78:ORIGIN_MARK:pokemon-go","54","Psyduck","Estándar","Pokémon GO","ORIGIN_MARK","0","78"
"54:78:ORIGIN_MARK:let-s-go","54","Psyduck","Estándar","Let's Go","ORIGIN_MARK","1","78"
"54:78:ORIGIN_MARK:galar","54","Psyduck","Estándar","Galar","ORIGIN_MARK","1","78"
"54:78:ORIGIN_MARK:sinnoh-bdsp","54","Psyduck","Estándar","Sinnoh (BDSP)","ORIGIN_MARK","0","78"
"54:78:ORIGIN_MARK:hisui-legends-arceus","54","Psyduck","Estándar","Hisui (Legends: Arceus)","ORIGIN_MARK","0","78"
"54:78:ORIGIN_MARK:paldea","54","Psyduck","Estándar","Paldea","ORIGIN_MARK","1","78"
"54:78:ORIGIN_MARK:legends-z-a","54","Psyduck","Estándar","Legends: Z-A","ORIGIN_MARK","0","78"
"54:78:DREAM_BALL:dream-ball-v","54","Psyduck","Estándar","Dream Ball (V)","DREAM_BALL","0","78"
"55:79:ORIGIN_MARK:consola-virtual","55","Golduck","Estándar","Consola Virtual","ORIGIN_MARK","1","79"
"55:79:ORIGIN_MARK:sin-marca-gen-3-5","55","Golduck","Estándar","Sin marca (Gen 3-5)","ORIGIN_MARK","1","79"
"55:79:ORIGIN_MARK:kalos","55","Golduck","Estándar","Kalos","ORIGIN_MARK","1","79"
"55:79:ORIGIN_MARK:alola","55","Golduck","Estándar","Alola","ORIGIN_MARK","1","79"
"55:79:ORIGIN_MARK:pokemon-go","55","Golduck","Estándar","Pokémon GO","ORIGIN_MARK","0","79"
"55:79:ORIGIN_MARK:let-s-go","55","Golduck","Estándar","Let's Go","ORIGIN_MARK","1","79"
"55:79:ORIGIN_MARK:galar","55","Golduck","Estándar","Galar","ORIGIN_MARK","1","79"
"55:79:ORIGIN_MARK:sinnoh-bdsp","55","Golduck","Estándar","Sinnoh (BDSP)","ORIGIN_MARK","0","79"
"55:79:ORIGIN_MARK:hisui-legends-arceus","55","Golduck","Estándar","Hisui (Legends: Arceus)","ORIGIN_MARK","0","79"
"55:79:ORIGIN_MARK:paldea","55","Golduck","Estándar","Paldea","ORIGIN_MARK","1","79"
"55:79:ORIGIN_MARK:legends-z-a","55","Golduck","Estándar","Legends: Z-A","ORIGIN_MARK","0","79"
"55:79:DREAM_BALL:dream-ball-v","55","Golduck","Estándar","Dream Ball (V)","DREAM_BALL","0","79"
"55:79:COLO_XD:colo-xd","55","Golduck","Estándar","Colo/XD","COLO_XD","0","79"
"56:80:ORIGIN_MARK:consola-virtual","56","Mankey","Estándar","Consola Virtual","ORIGIN_MARK","1","80"
"56:80:ORIGIN_MARK:sin-marca-gen-3-5","56","Mankey","Estándar","Sin marca (Gen 3-5)","ORIGIN_MARK","1","80"
"56:80:ORIGIN_MARK:kalos","56","Mankey","Estándar","Kalos","ORIGIN_MARK","1","80"
"56:80:ORIGIN_MARK:alola","56","Mankey","Estándar","Alola","ORIGIN_MARK","1","80"
"56:80:ORIGIN_MARK:pokemon-go","56","Mankey","Estándar","Pokémon GO","ORIGIN_MARK","0","80"
"56:80:ORIGIN_MARK:let-s-go","56","Mankey","Estándar","Let's Go","ORIGIN_MARK","1","80"
"56:80:ORIGIN_MARK:sinnoh-bdsp","56","Mankey","Estándar","Sinnoh (BDSP)","ORIGIN_MARK","0","80"
"56:80:ORIGIN_MARK:paldea","56","Mankey","Estándar","Paldea","ORIGIN_MARK","1","80"
"56:80:ORIGIN_MARK:legends-z-a","56","Mankey","Estándar","Legends: Z-A","ORIGIN_MARK","0","80"
"56:80:DREAM_BALL:dream-ball-v","56","Mankey","Estándar","Dream Ball (V)","DREAM_BALL","0","80"
"57:81:ORIGIN_MARK:consola-virtual","57","Primeape","Estándar","Consola Virtual","ORIGIN_MARK","1","81"
"57:81:ORIGIN_MARK:sin-marca-gen-3-5","57","Primeape","Estándar","Sin marca (Gen 3-5)","ORIGIN_MARK","1","81"
"57:81:ORIGIN_MARK:kalos","57","Primeape","Estándar","Kalos","ORIGIN_MARK","1","81"
"57:81:ORIGIN_MARK:alola","57","Primeape","Estándar","Alola","ORIGIN_MARK","1","81"
"57:81:ORIGIN_MARK:pokemon-go","57","Primeape","Estándar","Pokémon GO","ORIGIN_MARK","0","81"
"57:81:ORIGIN_MARK:let-s-go","57","Primeape","Estándar","Let's Go","ORIGIN_MARK","1","81"
"57:81:ORIGIN_MARK:sinnoh-bdsp","57","Primeape","Estándar","Sinnoh (BDSP)","ORIGIN_MARK","0","81"
"57:81:ORIGIN_MARK:paldea","57","Primeape","Estándar","Paldea","ORIGIN_MARK","1","81"
"57:81:ORIGIN_MARK:legends-z-a","57","Primeape","Estándar","Legends: Z-A","ORIGIN_MARK","0","81"
"57:81:DREAM_BALL:dream-ball-v","57","Primeape","Estándar","Dream Ball (V)","DREAM_BALL","0","81"
"57:81:COLO_XD:colo-xd","57","Primeape","Estándar","Colo/XD","COLO_XD","0","81"
"58:82:ORIGIN_MARK:consola-virtual","58","Growlithe","Estándar","Consola Virtual","ORIGIN_MARK","1","82"
"58:82:ORIGIN_MARK:sin-marca-gen-3-5","58","Growlithe","Estándar","Sin marca (Gen 3-5)","ORIGIN_MARK","1","82"
"58:82:ORIGIN_MARK:kalos","58","Growlithe","Estándar","Kalos","ORIGIN_MARK","1","82"
"58:82:ORIGIN_MARK:alola","58","Growlithe","Estándar","Alola","ORIGIN_MARK","1","82"
"58:82:ORIGIN_MARK:pokemon-go","58","Growlithe","Estándar","Pokémon GO","ORIGIN_MARK","0","82"
"58:82:ORIGIN_MARK:let-s-go","58","Growlithe","Estándar","Let's Go","ORIGIN_MARK","1","82"
"58:82:ORIGIN_MARK:galar","58","Growlithe","Estándar","Galar","ORIGIN_MARK","1","82"
"58:82:ORIGIN_MARK:sinnoh-bdsp","58","Growlithe","Estándar","Sinnoh (BDSP)","ORIGIN_MARK","0","82"
"58:82:ORIGIN_MARK:paldea","58","Growlithe","Estándar","Paldea","ORIGIN_MARK","1","82"
"58:82:ORIGIN_MARK:legends-z-a","58","Growlithe","Estándar","Legends: Z-A","ORIGIN_MARK","0","82"
"58:82:DREAM_BALL:dream-ball-v","58","Growlithe","Estándar","Dream Ball (V)","DREAM_BALL","0","82"
"58:82:COLO_XD:colo-xd","58","Growlithe","Estándar","Colo/XD","COLO_XD","0","82"
"58:83:ORIGIN_MARK:pokemon-go","58","Growlithe hisui","hisui","Pokémon GO","ORIGIN_MARK","0","83"
"58:83:ORIGIN_MARK:hisui-legends-arceus","58","Growlithe hisui","hisui","Hisui (Legends: Arceus)","ORIGIN_MARK","0","83"
"58:83:ORIGIN_MARK:paldea","58","Growlithe hisui","hisui","Paldea","ORIGIN_MARK","1","83"
"59:84:ORIGIN_MARK:consola-virtual","59","Arcanine","Estándar","Consola Virtual","ORIGIN_MARK","1","84"
"59:84:ORIGIN_MARK:sin-marca-gen-3-5","59","Arcanine","Estándar","Sin marca (Gen 3-5)","ORIGIN_MARK","1","84"
"59:84:ORIGIN_MARK:kalos","59","Arcanine","Estándar","Kalos","ORIGIN_MARK","1","84"
"59:84:ORIGIN_MARK:alola","59","Arcanine","Estándar","Alola","ORIGIN_MARK","1","84"
"59:84:ORIGIN_MARK:pokemon-go","59","Arcanine","Estándar","Pokémon GO","ORIGIN_MARK","0","84"
"59:84:ORIGIN_MARK:let-s-go","59","Arcanine","Estándar","Let's Go","ORIGIN_MARK","1","84"
"59:84:ORIGIN_MARK:galar","59","Arcanine","Estándar","Galar","ORIGIN_MARK","1","84"
"59:84:ORIGIN_MARK:sinnoh-bdsp","59","Arcanine","Estándar","Sinnoh (BDSP)","ORIGIN_MARK","0","84"
"59:84:ORIGIN_MARK:paldea","59","Arcanine","Estándar","Paldea","ORIGIN_MARK","1","84"
"59:84:ORIGIN_MARK:legends-z-a","59","Arcanine","Estándar","Legends: Z-A","ORIGIN_MARK","0","84"
"59:84:DREAM_BALL:dream-ball-v","59","Arcanine","Estándar","Dream Ball (V)","DREAM_BALL","0","84"
"59:84:COLO_XD:colo-xd","59","Arcanine","Estándar","Colo/XD","COLO_XD","0","84"
"59:85:ORIGIN_MARK:pokemon-go","59","Arcanine hisui","hisui","Pokémon GO","ORIGIN_MARK","0","85"
"59:85:ORIGIN_MARK:hisui-legends-arceus","59","Arcanine hisui","hisui","Hisui (Legends: Arceus)","ORIGIN_MARK","0","85"
"59:85:ORIGIN_MARK:paldea","59","Arcanine hisui","hisui","Paldea","ORIGIN_MARK","1","85"
"60:86:ORIGIN_MARK:consola-virtual","60","Poliwag","Estándar","Consola Virtual","ORIGIN_MARK","1","86"
"60:86:ORIGIN_MARK:sin-marca-gen-3-5","60","Poliwag","Estándar","Sin marca (Gen 3-5)","ORIGIN_MARK","1","86"
"60:86:ORIGIN_MARK:kalos","60","Poliwag","Estándar","Kalos","ORIGIN_MARK","1","86"
"60:86:ORIGIN_MARK:alola","60","Poliwag","Estándar","Alola","ORIGIN_MARK","1","86"
"60:86:ORIGIN_MARK:pokemon-go","60","Poliwag","Estándar","Pokémon GO","ORIGIN_MARK","0","86"
"60:86:ORIGIN_MARK:let-s-go","60","Poliwag","Estándar","Let's Go","ORIGIN_MARK","1","86"
"60:86:ORIGIN_MARK:galar","60","Poliwag","Estándar","Galar","ORIGIN_MARK","1","86"
"60:86:ORIGIN_MARK:sinnoh-bdsp","60","Poliwag","Estándar","Sinnoh (BDSP)","ORIGIN_MARK","0","86"
"60:86:ORIGIN_MARK:paldea","60","Poliwag","Estándar","Paldea","ORIGIN_MARK","1","86"
"60:86:ORIGIN_MARK:legends-z-a","60","Poliwag","Estándar","Legends: Z-A","ORIGIN_MARK","0","86"
"60:86:DREAM_BALL:dream-ball-v","60","Poliwag","Estándar","Dream Ball (V)","DREAM_BALL","0","86"
"61:87:ORIGIN_MARK:consola-virtual","61","Poliwhirl","Estándar","Consola Virtual","ORIGIN_MARK","1","87"
"61:87:ORIGIN_MARK:sin-marca-gen-3-5","61","Poliwhirl","Estándar","Sin marca (Gen 3-5)","ORIGIN_MARK","1","87"
"61:87:ORIGIN_MARK:kalos","61","Poliwhirl","Estándar","Kalos","ORIGIN_MARK","1","87"
"61:87:ORIGIN_MARK:alola","61","Poliwhirl","Estándar","Alola","ORIGIN_MARK","1","87"
"61:87:ORIGIN_MARK:pokemon-go","61","Poliwhirl","Estándar","Pokémon GO","ORIGIN_MARK","0","87"
"61:87:ORIGIN_MARK:let-s-go","61","Poliwhirl","Estándar","Let's Go","ORIGIN_MARK","1","87"
"61:87:ORIGIN_MARK:galar","61","Poliwhirl","Estándar","Galar","ORIGIN_MARK","1","87"
"61:87:ORIGIN_MARK:sinnoh-bdsp","61","Poliwhirl","Estándar","Sinnoh (BDSP)","ORIGIN_MARK","0","87"
"61:87:ORIGIN_MARK:paldea","61","Poliwhirl","Estándar","Paldea","ORIGIN_MARK","1","87"
"61:87:ORIGIN_MARK:legends-z-a","61","Poliwhirl","Estándar","Legends: Z-A","ORIGIN_MARK","0","87"
"61:87:DREAM_BALL:dream-ball-v","61","Poliwhirl","Estándar","Dream Ball (V)","DREAM_BALL","0","87"
"62:88:ORIGIN_MARK:consola-virtual","62","Poliwrath","Estándar","Consola Virtual","ORIGIN_MARK","1","88"
"62:88:ORIGIN_MARK:sin-marca-gen-3-5","62","Poliwrath","Estándar","Sin marca (Gen 3-5)","ORIGIN_MARK","1","88"
"62:88:ORIGIN_MARK:kalos","62","Poliwrath","Estándar","Kalos","ORIGIN_MARK","1","88"
"62:88:ORIGIN_MARK:alola","62","Poliwrath","Estándar","Alola","ORIGIN_MARK","1","88"
"62:88:ORIGIN_MARK:pokemon-go","62","Poliwrath","Estándar","Pokémon GO","ORIGIN_MARK","0","88"
"62:88:ORIGIN_MARK:let-s-go","62","Poliwrath","Estándar","Let's Go","ORIGIN_MARK","1","88"
"62:88:ORIGIN_MARK:galar","62","Poliwrath","Estándar","Galar","ORIGIN_MARK","1","88"
"62:88:ORIGIN_MARK:sinnoh-bdsp","62","Poliwrath","Estándar","Sinnoh (BDSP)","ORIGIN_MARK","0","88"
"62:88:ORIGIN_MARK:paldea","62","Poliwrath","Estándar","Paldea","ORIGIN_MARK","1","88"
"62:88:ORIGIN_MARK:legends-z-a","62","Poliwrath","Estándar","Legends: Z-A","ORIGIN_MARK","0","88"
"62:88:DREAM_BALL:dream-ball-v","62","Poliwrath","Estándar","Dream Ball (V)","DREAM_BALL","0","88"
"62:88:COLO_XD:colo-xd","62","Poliwrath","Estándar","Colo/XD","COLO_XD","0","88"
"63:89:ORIGIN_MARK:consola-virtual","63","Abra","Estándar","Consola Virtual","ORIGIN_MARK","1","89"
"63:89:ORIGIN_MARK:sin-marca-gen-3-5","63","Abra","Estándar","Sin marca (Gen 3-5)","ORIGIN_MARK","1","89"
"63:89:ORIGIN_MARK:kalos","63","Abra","Estándar","Kalos","ORIGIN_MARK","1","89"
"63:89:ORIGIN_MARK:alola","63","Abra","Estándar","Alola","ORIGIN_MARK","1","89"
"63:89:ORIGIN_MARK:pokemon-go","63","Abra","Estándar","Pokémon GO","ORIGIN_MARK","0","89"
"63:89:ORIGIN_MARK:let-s-go","63","Abra","Estándar","Let's Go","ORIGIN_MARK","1","89"
"63:89:ORIGIN_MARK:galar","63","Abra","Estándar","Galar","ORIGIN_MARK","1","89"
"63:89:ORIGIN_MARK:sinnoh-bdsp","63","Abra","Estándar","Sinnoh (BDSP)","ORIGIN_MARK","0","89"
"63:89:ORIGIN_MARK:hisui-legends-arceus","63","Abra","Estándar","Hisui (Legends: Arceus)","ORIGIN_MARK","0","89"
"63:89:ORIGIN_MARK:legends-z-a","63","Abra","Estándar","Legends: Z-A","ORIGIN_MARK","0","89"
"63:89:DREAM_BALL:dream-ball-v","63","Abra","Estándar","Dream Ball (V)","DREAM_BALL","0","89"
"64:90:ORIGIN_MARK:consola-virtual","64","Kadabra","Estándar","Consola Virtual","ORIGIN_MARK","1","90"
"64:90:ORIGIN_MARK:sin-marca-gen-3-5","64","Kadabra","Estándar","Sin marca (Gen 3-5)","ORIGIN_MARK","1","90"
"64:90:ORIGIN_MARK:kalos","64","Kadabra","Estándar","Kalos","ORIGIN_MARK","1","90"
"64:90:ORIGIN_MARK:alola","64","Kadabra","Estándar","Alola","ORIGIN_MARK","1","90"
"64:90:ORIGIN_MARK:pokemon-go","64","Kadabra","Estándar","Pokémon GO","ORIGIN_MARK","0","90"
"64:90:ORIGIN_MARK:let-s-go","64","Kadabra","Estándar","Let's Go","ORIGIN_MARK","1","90"
"64:90:ORIGIN_MARK:galar","64","Kadabra","Estándar","Galar","ORIGIN_MARK","1","90"
"64:90:ORIGIN_MARK:sinnoh-bdsp","64","Kadabra","Estándar","Sinnoh (BDSP)","ORIGIN_MARK","0","90"
"64:90:ORIGIN_MARK:hisui-legends-arceus","64","Kadabra","Estándar","Hisui (Legends: Arceus)","ORIGIN_MARK","0","90"
"64:90:ORIGIN_MARK:legends-z-a","64","Kadabra","Estándar","Legends: Z-A","ORIGIN_MARK","0","90"
"64:90:DREAM_BALL:dream-ball-v","64","Kadabra","Estándar","Dream Ball (V)","DREAM_BALL","0","90"
"65:91:ORIGIN_MARK:consola-virtual","65","Alakazam","Estándar","Consola Virtual","ORIGIN_MARK","1","91"
"65:91:ORIGIN_MARK:sin-marca-gen-3-5","65","Alakazam","Estándar","Sin marca (Gen 3-5)","ORIGIN_MARK","1","91"
"65:91:ORIGIN_MARK:kalos","65","Alakazam","Estándar","Kalos","ORIGIN_MARK","1","91"
"65:91:ORIGIN_MARK:alola","65","Alakazam","Estándar","Alola","ORIGIN_MARK","1","91"
"65:91:ORIGIN_MARK:pokemon-go","65","Alakazam","Estándar","Pokémon GO","ORIGIN_MARK","0","91"
"65:91:ORIGIN_MARK:let-s-go","65","Alakazam","Estándar","Let's Go","ORIGIN_MARK","1","91"
"65:91:ORIGIN_MARK:galar","65","Alakazam","Estándar","Galar","ORIGIN_MARK","1","91"
"65:91:ORIGIN_MARK:sinnoh-bdsp","65","Alakazam","Estándar","Sinnoh (BDSP)","ORIGIN_MARK","0","91"
"65:91:ORIGIN_MARK:hisui-legends-arceus","65","Alakazam","Estándar","Hisui (Legends: Arceus)","ORIGIN_MARK","0","91"
"65:91:ORIGIN_MARK:legends-z-a","65","Alakazam","Estándar","Legends: Z-A","ORIGIN_MARK","0","91"
"65:91:DREAM_BALL:dream-ball-v","65","Alakazam","Estándar","Dream Ball (V)","DREAM_BALL","0","91"
"66:92:ORIGIN_MARK:consola-virtual","66","Machop","Estándar","Consola Virtual","ORIGIN_MARK","1","92"
"66:92:ORIGIN_MARK:sin-marca-gen-3-5","66","Machop","Estándar","Sin marca (Gen 3-5)","ORIGIN_MARK","1","92"
"66:92:ORIGIN_MARK:kalos","66","Machop","Estándar","Kalos","ORIGIN_MARK","1","92"
"66:92:ORIGIN_MARK:alola","66","Machop","Estándar","Alola","ORIGIN_MARK","1","92"
"66:92:ORIGIN_MARK:pokemon-go","66","Machop","Estándar","Pokémon GO","ORIGIN_MARK","0","92"
"66:92:ORIGIN_MARK:let-s-go","66","Machop","Estándar","Let's Go","ORIGIN_MARK","1","92"
"66:92:ORIGIN_MARK:galar","66","Machop","Estándar","Galar","ORIGIN_MARK","1","92"
"66:92:ORIGIN_MARK:sinnoh-bdsp","66","Machop","Estándar","Sinnoh (BDSP)","ORIGIN_MARK","0","92"
"66:92:ORIGIN_MARK:hisui-legends-arceus","66","Machop","Estándar","Hisui (Legends: Arceus)","ORIGIN_MARK","0","92"
"66:92:ORIGIN_MARK:legends-z-a","66","Machop","Estándar","Legends: Z-A","ORIGIN_MARK","0","92"
"66:92:DREAM_BALL:dream-ball-v","66","Machop","Estándar","Dream Ball (V)","DREAM_BALL","0","92"
"67:93:ORIGIN_MARK:consola-virtual","67","Machoke","Estándar","Consola Virtual","ORIGIN_MARK","1","93"
"67:93:ORIGIN_MARK:sin-marca-gen-3-5","67","Machoke","Estándar","Sin marca (Gen 3-5)","ORIGIN_MARK","1","93"
"67:93:ORIGIN_MARK:kalos","67","Machoke","Estándar","Kalos","ORIGIN_MARK","1","93"
"67:93:ORIGIN_MARK:alola","67","Machoke","Estándar","Alola","ORIGIN_MARK","1","93"
"67:93:ORIGIN_MARK:pokemon-go","67","Machoke","Estándar","Pokémon GO","ORIGIN_MARK","0","93"
"67:93:ORIGIN_MARK:let-s-go","67","Machoke","Estándar","Let's Go","ORIGIN_MARK","1","93"
"67:93:ORIGIN_MARK:galar","67","Machoke","Estándar","Galar","ORIGIN_MARK","1","93"
"67:93:ORIGIN_MARK:sinnoh-bdsp","67","Machoke","Estándar","Sinnoh (BDSP)","ORIGIN_MARK","0","93"
"67:93:ORIGIN_MARK:hisui-legends-arceus","67","Machoke","Estándar","Hisui (Legends: Arceus)","ORIGIN_MARK","0","93"
"67:93:ORIGIN_MARK:legends-z-a","67","Machoke","Estándar","Legends: Z-A","ORIGIN_MARK","0","93"
"67:93:DREAM_BALL:dream-ball-v","67","Machoke","Estándar","Dream Ball (V)","DREAM_BALL","0","93"
"68:94:ORIGIN_MARK:consola-virtual","68","Machamp","Estándar","Consola Virtual","ORIGIN_MARK","1","94"
"68:94:ORIGIN_MARK:sin-marca-gen-3-5","68","Machamp","Estándar","Sin marca (Gen 3-5)","ORIGIN_MARK","1","94"
"68:94:ORIGIN_MARK:kalos","68","Machamp","Estándar","Kalos","ORIGIN_MARK","1","94"
"68:94:ORIGIN_MARK:alola","68","Machamp","Estándar","Alola","ORIGIN_MARK","1","94"
"68:94:ORIGIN_MARK:pokemon-go","68","Machamp","Estándar","Pokémon GO","ORIGIN_MARK","0","94"
"68:94:ORIGIN_MARK:let-s-go","68","Machamp","Estándar","Let's Go","ORIGIN_MARK","1","94"
"68:94:ORIGIN_MARK:galar","68","Machamp","Estándar","Galar","ORIGIN_MARK","1","94"
"68:94:ORIGIN_MARK:sinnoh-bdsp","68","Machamp","Estándar","Sinnoh (BDSP)","ORIGIN_MARK","0","94"
"68:94:ORIGIN_MARK:hisui-legends-arceus","68","Machamp","Estándar","Hisui (Legends: Arceus)","ORIGIN_MARK","0","94"
"68:94:ORIGIN_MARK:legends-z-a","68","Machamp","Estándar","Legends: Z-A","ORIGIN_MARK","0","94"
"68:94:DREAM_BALL:dream-ball-v","68","Machamp","Estándar","Dream Ball (V)","DREAM_BALL","0","94"
"69:95:ORIGIN_MARK:consola-virtual","69","Bellsprout","Estándar","Consola Virtual","ORIGIN_MARK","1","95"
"69:95:ORIGIN_MARK:sin-marca-gen-3-5","69","Bellsprout","Estándar","Sin marca (Gen 3-5)","ORIGIN_MARK","1","95"
"69:95:ORIGIN_MARK:kalos","69","Bellsprout","Estándar","Kalos","ORIGIN_MARK","1","95"
"69:95:ORIGIN_MARK:alola","69","Bellsprout","Estándar","Alola","ORIGIN_MARK","1","95"
"69:95:ORIGIN_MARK:pokemon-go","69","Bellsprout","Estándar","Pokémon GO","ORIGIN_MARK","0","95"
"69:95:ORIGIN_MARK:let-s-go","69","Bellsprout","Estándar","Let's Go","ORIGIN_MARK","1","95"
"69:95:ORIGIN_MARK:sinnoh-bdsp","69","Bellsprout","Estándar","Sinnoh (BDSP)","ORIGIN_MARK","0","95"
"69:95:ORIGIN_MARK:paldea","69","Bellsprout","Estándar","Paldea","ORIGIN_MARK","1","95"
"69:95:ORIGIN_MARK:legends-z-a","69","Bellsprout","Estándar","Legends: Z-A","ORIGIN_MARK","0","95"
"69:95:DREAM_BALL:dream-ball-v","69","Bellsprout","Estándar","Dream Ball (V)","DREAM_BALL","0","95"
"70:96:ORIGIN_MARK:consola-virtual","70","Weepinbell","Estándar","Consola Virtual","ORIGIN_MARK","1","96"
"70:96:ORIGIN_MARK:sin-marca-gen-3-5","70","Weepinbell","Estándar","Sin marca (Gen 3-5)","ORIGIN_MARK","1","96"
"70:96:ORIGIN_MARK:kalos","70","Weepinbell","Estándar","Kalos","ORIGIN_MARK","1","96"
"70:96:ORIGIN_MARK:alola","70","Weepinbell","Estándar","Alola","ORIGIN_MARK","1","96"
"70:96:ORIGIN_MARK:pokemon-go","70","Weepinbell","Estándar","Pokémon GO","ORIGIN_MARK","0","96"
"70:96:ORIGIN_MARK:let-s-go","70","Weepinbell","Estándar","Let's Go","ORIGIN_MARK","1","96"
"70:96:ORIGIN_MARK:sinnoh-bdsp","70","Weepinbell","Estándar","Sinnoh (BDSP)","ORIGIN_MARK","0","96"
"70:96:ORIGIN_MARK:paldea","70","Weepinbell","Estándar","Paldea","ORIGIN_MARK","1","96"
"70:96:ORIGIN_MARK:legends-z-a","70","Weepinbell","Estándar","Legends: Z-A","ORIGIN_MARK","0","96"
"70:96:DREAM_BALL:dream-ball-v","70","Weepinbell","Estándar","Dream Ball (V)","DREAM_BALL","0","96"
"70:96:COLO_XD:colo-xd","70","Weepinbell","Estándar","Colo/XD","COLO_XD","0","96"
"71:97:ORIGIN_MARK:consola-virtual","71","Victreebel","Estándar","Consola Virtual","ORIGIN_MARK","1","97"
"71:97:ORIGIN_MARK:sin-marca-gen-3-5","71","Victreebel","Estándar","Sin marca (Gen 3-5)","ORIGIN_MARK","1","97"
"71:97:ORIGIN_MARK:kalos","71","Victreebel","Estándar","Kalos","ORIGIN_MARK","1","97"
"71:97:ORIGIN_MARK:alola","71","Victreebel","Estándar","Alola","ORIGIN_MARK","1","97"
"71:97:ORIGIN_MARK:pokemon-go","71","Victreebel","Estándar","Pokémon GO","ORIGIN_MARK","0","97"
"71:97:ORIGIN_MARK:let-s-go","71","Victreebel","Estándar","Let's Go","ORIGIN_MARK","1","97"
"71:97:ORIGIN_MARK:sinnoh-bdsp","71","Victreebel","Estándar","Sinnoh (BDSP)","ORIGIN_MARK","0","97"
"71:97:ORIGIN_MARK:paldea","71","Victreebel","Estándar","Paldea","ORIGIN_MARK","1","97"
"71:97:ORIGIN_MARK:legends-z-a","71","Victreebel","Estándar","Legends: Z-A","ORIGIN_MARK","0","97"
"71:97:DREAM_BALL:dream-ball-v","71","Victreebel","Estándar","Dream Ball (V)","DREAM_BALL","0","97"
"71:97:COLO_XD:colo-xd","71","Victreebel","Estándar","Colo/XD","COLO_XD","0","97"
"72:98:ORIGIN_MARK:consola-virtual","72","Tentacool","Estándar","Consola Virtual","ORIGIN_MARK","1","98"
"72:98:ORIGIN_MARK:sin-marca-gen-3-5","72","Tentacool","Estándar","Sin marca (Gen 3-5)","ORIGIN_MARK","1","98"
"72:98:ORIGIN_MARK:kalos","72","Tentacool","Estándar","Kalos","ORIGIN_MARK","1","98"
"72:98:ORIGIN_MARK:alola","72","Tentacool","Estándar","Alola","ORIGIN_MARK","1","98"
"72:98:ORIGIN_MARK:let-s-go","72","Tentacool","Estándar","Let's Go","ORIGIN_MARK","1","98"
"72:98:ORIGIN_MARK:galar","72","Tentacool","Estándar","Galar","ORIGIN_MARK","1","98"
"72:98:ORIGIN_MARK:sinnoh-bdsp","72","Tentacool","Estándar","Sinnoh (BDSP)","ORIGIN_MARK","0","98"
"72:98:ORIGIN_MARK:hisui-legends-arceus","72","Tentacool","Estándar","Hisui (Legends: Arceus)","ORIGIN_MARK","0","98"
"72:98:ORIGIN_MARK:paldea","72","Tentacool","Estándar","Paldea","ORIGIN_MARK","1","98"
"72:98:ORIGIN_MARK:legends-z-a","72","Tentacool","Estándar","Legends: Z-A","ORIGIN_MARK","0","98"
"72:98:DREAM_BALL:dream-ball-v","72","Tentacool","Estándar","Dream Ball (V)","DREAM_BALL","0","98"
"73:99:ORIGIN_MARK:consola-virtual","73","Tentacruel","Estándar","Consola Virtual","ORIGIN_MARK","1","99"
"73:99:ORIGIN_MARK:sin-marca-gen-3-5","73","Tentacruel","Estándar","Sin marca (Gen 3-5)","ORIGIN_MARK","1","99"
"73:99:ORIGIN_MARK:kalos","73","Tentacruel","Estándar","Kalos","ORIGIN_MARK","1","99"
"73:99:ORIGIN_MARK:alola","73","Tentacruel","Estándar","Alola","ORIGIN_MARK","1","99"
"73:99:ORIGIN_MARK:pokemon-go","73","Tentacruel","Estándar","Pokémon GO","ORIGIN_MARK","0","99"
"73:99:ORIGIN_MARK:let-s-go","73","Tentacruel","Estándar","Let's Go","ORIGIN_MARK","1","99"
"73:99:ORIGIN_MARK:galar","73","Tentacruel","Estándar","Galar","ORIGIN_MARK","1","99"
"73:99:ORIGIN_MARK:sinnoh-bdsp","73","Tentacruel","Estándar","Sinnoh (BDSP)","ORIGIN_MARK","0","99"
"73:99:ORIGIN_MARK:hisui-legends-arceus","73","Tentacruel","Estándar","Hisui (Legends: Arceus)","ORIGIN_MARK","0","99"
"73:99:ORIGIN_MARK:paldea","73","Tentacruel","Estándar","Paldea","ORIGIN_MARK","1","99"
"73:99:ORIGIN_MARK:legends-z-a","73","Tentacruel","Estándar","Legends: Z-A","ORIGIN_MARK","0","99"
"73:99:DREAM_BALL:dream-ball-v","73","Tentacruel","Estándar","Dream Ball (V)","DREAM_BALL","0","99"
"74:100:ORIGIN_MARK:consola-virtual","74","Geodude","Estándar","Consola Virtual","ORIGIN_MARK","1","100"
"74:100:ORIGIN_MARK:sin-marca-gen-3-5","74","Geodude","Estándar","Sin marca (Gen 3-5)","ORIGIN_MARK","1","100"
"74:100:ORIGIN_MARK:kalos","74","Geodude","Estándar","Kalos","ORIGIN_MARK","1","100"
"74:100:ORIGIN_MARK:alola","74","Geodude","Estándar","Alola","ORIGIN_MARK","1","100"
"74:100:ORIGIN_MARK:pokemon-go","74","Geodude","Estándar","Pokémon GO","ORIGIN_MARK","0","100"
"74:100:ORIGIN_MARK:let-s-go","74","Geodude","Estándar","Let's Go","ORIGIN_MARK","1","100"
"74:100:ORIGIN_MARK:sinnoh-bdsp","74","Geodude","Estándar","Sinnoh (BDSP)","ORIGIN_MARK","0","100"
"74:100:ORIGIN_MARK:hisui-legends-arceus","74","Geodude","Estándar","Hisui (Legends: Arceus)","ORIGIN_MARK","0","100"
"74:100:ORIGIN_MARK:paldea","74","Geodude","Estándar","Paldea","ORIGIN_MARK","1","100"
"74:100:ORIGIN_MARK:legends-z-a","74","Geodude","Estándar","Legends: Z-A","ORIGIN_MARK","0","100"
"74:100:DREAM_BALL:dream-ball-v","74","Geodude","Estándar","Dream Ball (V)","DREAM_BALL","0","100"
"74:101:ORIGIN_MARK:alola","74","Geodude alola","alola","Alola","ORIGIN_MARK","1","101"
"74:101:ORIGIN_MARK:pokemon-go","74","Geodude alola","alola","Pokémon GO","ORIGIN_MARK","1","101"
"74:101:ORIGIN_MARK:let-s-go","74","Geodude alola","alola","Let's Go","ORIGIN_MARK","1","101"
"74:101:ORIGIN_MARK:paldea","74","Geodude alola","alola","Paldea","ORIGIN_MARK","1","101"
"75:102:ORIGIN_MARK:consola-virtual","75","Graveler","Estándar","Consola Virtual","ORIGIN_MARK","1","102"
"75:102:ORIGIN_MARK:sin-marca-gen-3-5","75","Graveler","Estándar","Sin marca (Gen 3-5)","ORIGIN_MARK","1","102"
"75:102:ORIGIN_MARK:kalos","75","Graveler","Estándar","Kalos","ORIGIN_MARK","1","102"
"75:102:ORIGIN_MARK:alola","75","Graveler","Estándar","Alola","ORIGIN_MARK","1","102"
"75:102:ORIGIN_MARK:pokemon-go","75","Graveler","Estándar","Pokémon GO","ORIGIN_MARK","0","102"
"75:102:ORIGIN_MARK:let-s-go","75","Graveler","Estándar","Let's Go","ORIGIN_MARK","1","102"
"75:102:ORIGIN_MARK:sinnoh-bdsp","75","Graveler","Estándar","Sinnoh (BDSP)","ORIGIN_MARK","0","102"
"75:102:ORIGIN_MARK:hisui-legends-arceus","75","Graveler","Estándar","Hisui (Legends: Arceus)","ORIGIN_MARK","0","102"
"75:102:ORIGIN_MARK:paldea","75","Graveler","Estándar","Paldea","ORIGIN_MARK","1","102"
"75:102:ORIGIN_MARK:legends-z-a","75","Graveler","Estándar","Legends: Z-A","ORIGIN_MARK","0","102"
"75:102:DREAM_BALL:dream-ball-v","75","Graveler","Estándar","Dream Ball (V)","DREAM_BALL","0","102"
"75:103:ORIGIN_MARK:alola","75","Graveler alola","alola","Alola","ORIGIN_MARK","1","103"
"75:103:ORIGIN_MARK:pokemon-go","75","Graveler alola","alola","Pokémon GO","ORIGIN_MARK","1","103"
"75:103:ORIGIN_MARK:let-s-go","75","Graveler alola","alola","Let's Go","ORIGIN_MARK","0","103"
"75:103:ORIGIN_MARK:paldea","75","Graveler alola","alola","Paldea","ORIGIN_MARK","1","103"
"76:104:ORIGIN_MARK:consola-virtual","76","Golem","Estándar","Consola Virtual","ORIGIN_MARK","1","104"
"76:104:ORIGIN_MARK:sin-marca-gen-3-5","76","Golem","Estándar","Sin marca (Gen 3-5)","ORIGIN_MARK","1","104"
"76:104:ORIGIN_MARK:kalos","76","Golem","Estándar","Kalos","ORIGIN_MARK","1","104"
"76:104:ORIGIN_MARK:alola","76","Golem","Estándar","Alola","ORIGIN_MARK","1","104"
"76:104:ORIGIN_MARK:pokemon-go","76","Golem","Estándar","Pokémon GO","ORIGIN_MARK","0","104"
"76:104:ORIGIN_MARK:let-s-go","76","Golem","Estándar","Let's Go","ORIGIN_MARK","1","104"
"76:104:ORIGIN_MARK:sinnoh-bdsp","76","Golem","Estándar","Sinnoh (BDSP)","ORIGIN_MARK","0","104"
"76:104:ORIGIN_MARK:hisui-legends-arceus","76","Golem","Estándar","Hisui (Legends: Arceus)","ORIGIN_MARK","0","104"
"76:104:ORIGIN_MARK:paldea","76","Golem","Estándar","Paldea","ORIGIN_MARK","1","104"
"76:104:ORIGIN_MARK:legends-z-a","76","Golem","Estándar","Legends: Z-A","ORIGIN_MARK","0","104"
"76:104:DREAM_BALL:dream-ball-v","76","Golem","Estándar","Dream Ball (V)","DREAM_BALL","0","104"
"76:105:ORIGIN_MARK:alola","76","Golem alola","alola","Alola","ORIGIN_MARK","1","105"
"76:105:ORIGIN_MARK:pokemon-go","76","Golem alola","alola","Pokémon GO","ORIGIN_MARK","1","105"
"76:105:ORIGIN_MARK:let-s-go","76","Golem alola","alola","Let's Go","ORIGIN_MARK","1","105"
"76:105:ORIGIN_MARK:paldea","76","Golem alola","alola","Paldea","ORIGIN_MARK","1","105"
"77:106:ORIGIN_MARK:consola-virtual","77","Ponyta","Estándar","Consola Virtual","ORIGIN_MARK","1","106"
"77:106:ORIGIN_MARK:sin-marca-gen-3-5","77","Ponyta","Estándar","Sin marca (Gen 3-5)","ORIGIN_MARK","1","106"
"77:106:ORIGIN_MARK:kalos","77","Ponyta","Estándar","Kalos","ORIGIN_MARK","1","106"
"77:106:ORIGIN_MARK:alola","77","Ponyta","Estándar","Alola","ORIGIN_MARK","1","106"
"77:106:ORIGIN_MARK:pokemon-go","77","Ponyta","Estándar","Pokémon GO","ORIGIN_MARK","0","106"
"77:106:ORIGIN_MARK:let-s-go","77","Ponyta","Estándar","Let's Go","ORIGIN_MARK","1","106"
"77:106:ORIGIN_MARK:galar","77","Ponyta","Estándar","Galar","ORIGIN_MARK","0","106"
"77:106:ORIGIN_MARK:sinnoh-bdsp","77","Ponyta","Estándar","Sinnoh (BDSP)","ORIGIN_MARK","0","106"
"77:106:ORIGIN_MARK:hisui-legends-arceus","77","Ponyta","Estándar","Hisui (Legends: Arceus)","ORIGIN_MARK","0","106"
"77:106:ORIGIN_MARK:legends-z-a","77","Ponyta","Estándar","Legends: Z-A","ORIGIN_MARK","0","106"
"77:106:DREAM_BALL:dream-ball-v","77","Ponyta","Estándar","Dream Ball (V)","DREAM_BALL","0","106"
"77:107:ORIGIN_MARK:pokemon-go","77","Ponyta galar","galar","Pokémon GO","ORIGIN_MARK","0","107"
"77:107:ORIGIN_MARK:galar","77","Ponyta galar","galar","Galar","ORIGIN_MARK","1","107"
"78:108:ORIGIN_MARK:consola-virtual","78","Rapidash","Estándar","Consola Virtual","ORIGIN_MARK","1","108"
"78:108:ORIGIN_MARK:sin-marca-gen-3-5","78","Rapidash","Estándar","Sin marca (Gen 3-5)","ORIGIN_MARK","1","108"
"78:108:ORIGIN_MARK:kalos","78","Rapidash","Estándar","Kalos","ORIGIN_MARK","1","108"
"78:108:ORIGIN_MARK:alola","78","Rapidash","Estándar","Alola","ORIGIN_MARK","1","108"
"78:108:ORIGIN_MARK:pokemon-go","78","Rapidash","Estándar","Pokémon GO","ORIGIN_MARK","0","108"
"78:108:ORIGIN_MARK:let-s-go","78","Rapidash","Estándar","Let's Go","ORIGIN_MARK","1","108"
"78:108:ORIGIN_MARK:galar","78","Rapidash","Estándar","Galar","ORIGIN_MARK","0","108"
"78:108:ORIGIN_MARK:sinnoh-bdsp","78","Rapidash","Estándar","Sinnoh (BDSP)","ORIGIN_MARK","0","108"
"78:108:ORIGIN_MARK:hisui-legends-arceus","78","Rapidash","Estándar","Hisui (Legends: Arceus)","ORIGIN_MARK","0","108"
"78:108:ORIGIN_MARK:legends-z-a","78","Rapidash","Estándar","Legends: Z-A","ORIGIN_MARK","0","108"
"78:108:DREAM_BALL:dream-ball-v","78","Rapidash","Estándar","Dream Ball (V)","DREAM_BALL","0","108"
"78:108:COLO_XD:colo-xd","78","Rapidash","Estándar","Colo/XD","COLO_XD","0","108"
"78:109:ORIGIN_MARK:pokemon-go","78","Rapidash galar","galar","Pokémon GO","ORIGIN_MARK","0","109"
"78:109:ORIGIN_MARK:galar","78","Rapidash galar","galar","Galar","ORIGIN_MARK","1","109"
"79:110:ORIGIN_MARK:consola-virtual","79","Slowpoke","Estándar","Consola Virtual","ORIGIN_MARK","1","110"
"79:110:ORIGIN_MARK:sin-marca-gen-3-5","79","Slowpoke","Estándar","Sin marca (Gen 3-5)","ORIGIN_MARK","1","110"
"79:110:ORIGIN_MARK:kalos","79","Slowpoke","Estándar","Kalos","ORIGIN_MARK","1","110"
"79:110:ORIGIN_MARK:alola","79","Slowpoke","Estándar","Alola","ORIGIN_MARK","1","110"
"79:110:ORIGIN_MARK:pokemon-go","79","Slowpoke","Estándar","Pokémon GO","ORIGIN_MARK","1","110"
"79:110:ORIGIN_MARK:let-s-go","79","Slowpoke","Estándar","Let's Go","ORIGIN_MARK","1","110"
"79:110:ORIGIN_MARK:galar","79","Slowpoke","Estándar","Galar","ORIGIN_MARK","0","110"
"79:110:ORIGIN_MARK:sinnoh-bdsp","79","Slowpoke","Estándar","Sinnoh (BDSP)","ORIGIN_MARK","0","110"
"79:110:ORIGIN_MARK:paldea","79","Slowpoke","Estándar","Paldea","ORIGIN_MARK","1","110"
"79:110:ORIGIN_MARK:legends-z-a","79","Slowpoke","Estándar","Legends: Z-A","ORIGIN_MARK","0","110"
"79:110:DREAM_BALL:dream-ball-v","79","Slowpoke","Estándar","Dream Ball (V)","DREAM_BALL","1","110"
"79:111:ORIGIN_MARK:pokemon-go","79","Slowpoke galar","galar","Pokémon GO","ORIGIN_MARK","0","111"
"79:111:ORIGIN_MARK:galar","79","Slowpoke galar","galar","Galar","ORIGIN_MARK","1","111"
"79:111:ORIGIN_MARK:paldea","79","Slowpoke galar","galar","Paldea","ORIGIN_MARK","1","111"
"80:112:ORIGIN_MARK:consola-virtual","80","Slowbro","Estándar","Consola Virtual","ORIGIN_MARK","1","112"
"80:112:ORIGIN_MARK:sin-marca-gen-3-5","80","Slowbro","Estándar","Sin marca (Gen 3-5)","ORIGIN_MARK","1","112"
"80:112:ORIGIN_MARK:kalos","80","Slowbro","Estándar","Kalos","ORIGIN_MARK","1","112"
"80:112:ORIGIN_MARK:alola","80","Slowbro","Estándar","Alola","ORIGIN_MARK","1","112"
"80:112:ORIGIN_MARK:pokemon-go","80","Slowbro","Estándar","Pokémon GO","ORIGIN_MARK","1","112"
"80:112:ORIGIN_MARK:let-s-go","80","Slowbro","Estándar","Let's Go","ORIGIN_MARK","1","112"
"80:112:ORIGIN_MARK:galar","80","Slowbro","Estándar","Galar","ORIGIN_MARK","0","112"
"80:112:ORIGIN_MARK:sinnoh-bdsp","80","Slowbro","Estándar","Sinnoh (BDSP)","ORIGIN_MARK","0","112"
"80:112:ORIGIN_MARK:paldea","80","Slowbro","Estándar","Paldea","ORIGIN_MARK","1","112"
"80:112:ORIGIN_MARK:legends-z-a","80","Slowbro","Estándar","Legends: Z-A","ORIGIN_MARK","0","112"
"80:112:DREAM_BALL:dream-ball-v","80","Slowbro","Estándar","Dream Ball (V)","DREAM_BALL","0","112"
"80:113:ORIGIN_MARK:pokemon-go","80","Slowbro galar","galar","Pokémon GO","ORIGIN_MARK","0","113"
"80:113:ORIGIN_MARK:galar","80","Slowbro galar","galar","Galar","ORIGIN_MARK","1","113"
"80:113:ORIGIN_MARK:paldea","80","Slowbro galar","galar","Paldea","ORIGIN_MARK","1","113"
"81:114:ORIGIN_MARK:consola-virtual","81","Magnemite","Estándar","Consola Virtual","ORIGIN_MARK","1","114"
"81:114:ORIGIN_MARK:sin-marca-gen-3-5","81","Magnemite","Estándar","Sin marca (Gen 3-5)","ORIGIN_MARK","1","114"
"81:114:ORIGIN_MARK:kalos","81","Magnemite","Estándar","Kalos","ORIGIN_MARK","1","114"
"81:114:ORIGIN_MARK:alola","81","Magnemite","Estándar","Alola","ORIGIN_MARK","1","114"
"81:114:ORIGIN_MARK:pokemon-go","81","Magnemite","Estándar","Pokémon GO","ORIGIN_MARK","0","114"
"81:114:ORIGIN_MARK:let-s-go","81","Magnemite","Estándar","Let's Go","ORIGIN_MARK","1","114"
"81:114:ORIGIN_MARK:galar","81","Magnemite","Estándar","Galar","ORIGIN_MARK","1","114"
"81:114:ORIGIN_MARK:sinnoh-bdsp","81","Magnemite","Estándar","Sinnoh (BDSP)","ORIGIN_MARK","0","114"
"81:114:ORIGIN_MARK:hisui-legends-arceus","81","Magnemite","Estándar","Hisui (Legends: Arceus)","ORIGIN_MARK","0","114"
"81:114:ORIGIN_MARK:paldea","81","Magnemite","Estándar","Paldea","ORIGIN_MARK","1","114"
"81:114:ORIGIN_MARK:legends-z-a","81","Magnemite","Estándar","Legends: Z-A","ORIGIN_MARK","0","114"
"81:114:DREAM_BALL:dream-ball-v","81","Magnemite","Estándar","Dream Ball (V)","DREAM_BALL","0","114"
"82:115:ORIGIN_MARK:consola-virtual","82","Magneton","Estándar","Consola Virtual","ORIGIN_MARK","1","115"
"82:115:ORIGIN_MARK:sin-marca-gen-3-5","82","Magneton","Estándar","Sin marca (Gen 3-5)","ORIGIN_MARK","1","115"
"82:115:ORIGIN_MARK:kalos","82","Magneton","Estándar","Kalos","ORIGIN_MARK","1","115"
"82:115:ORIGIN_MARK:alola","82","Magneton","Estándar","Alola","ORIGIN_MARK","1","115"
"82:115:ORIGIN_MARK:pokemon-go","82","Magneton","Estándar","Pokémon GO","ORIGIN_MARK","0","115"
"82:115:ORIGIN_MARK:let-s-go","82","Magneton","Estándar","Let's Go","ORIGIN_MARK","1","115"
"82:115:ORIGIN_MARK:galar","82","Magneton","Estándar","Galar","ORIGIN_MARK","1","115"
"82:115:ORIGIN_MARK:sinnoh-bdsp","82","Magneton","Estándar","Sinnoh (BDSP)","ORIGIN_MARK","0","115"
"82:115:ORIGIN_MARK:hisui-legends-arceus","82","Magneton","Estándar","Hisui (Legends: Arceus)","ORIGIN_MARK","0","115"
"82:115:ORIGIN_MARK:paldea","82","Magneton","Estándar","Paldea","ORIGIN_MARK","1","115"
"82:115:ORIGIN_MARK:legends-z-a","82","Magneton","Estándar","Legends: Z-A","ORIGIN_MARK","0","115"
"82:115:DREAM_BALL:dream-ball-v","82","Magneton","Estándar","Dream Ball (V)","DREAM_BALL","0","115"
"82:115:COLO_XD:colo-xd","82","Magneton","Estándar","Colo/XD","COLO_XD","0","115"
"83:116:ORIGIN_MARK:consola-virtual","83","Farfetch'd","Estándar","Consola Virtual","ORIGIN_MARK","1","116"
"83:116:ORIGIN_MARK:sin-marca-gen-3-5","83","Farfetch'd","Estándar","Sin marca (Gen 3-5)","ORIGIN_MARK","1","116"
"83:116:ORIGIN_MARK:kalos","83","Farfetch'd","Estándar","Kalos","ORIGIN_MARK","1","116"
"83:116:ORIGIN_MARK:alola","83","Farfetch'd","Estándar","Alola","ORIGIN_MARK","1","116"
"83:116:ORIGIN_MARK:pokemon-go","83","Farfetch'd","Estándar","Pokémon GO","ORIGIN_MARK","0","116"
"83:116:ORIGIN_MARK:let-s-go","83","Farfetch'd","Estándar","Let's Go","ORIGIN_MARK","1","116"
"83:116:ORIGIN_MARK:galar","83","Farfetch'd","Estándar","Galar","ORIGIN_MARK","0","116"
"83:116:ORIGIN_MARK:sinnoh-bdsp","83","Farfetch'd","Estándar","Sinnoh (BDSP)","ORIGIN_MARK","0","116"
"83:116:ORIGIN_MARK:legends-z-a","83","Farfetch'd","Estándar","Legends: Z-A","ORIGIN_MARK","0","116"
"83:116:DREAM_BALL:dream-ball-v","83","Farfetch'd","Estándar","Dream Ball (V)","DREAM_BALL","0","116"
"83:116:COLO_XD:colo-xd","83","Farfetch'd","Estándar","Colo/XD","COLO_XD","0","116"
"83:117:ORIGIN_MARK:pokemon-go","83","Farfetch'd galar","","Pokémon GO","ORIGIN_MARK","0","117"
"83:117:ORIGIN_MARK:galar","83","Farfetch'd galar","","Galar","ORIGIN_MARK","1","117"
"84:118:ORIGIN_MARK:consola-virtual","84","Doduo","Estándar","Consola Virtual","ORIGIN_MARK","1","118"
"84:118:ORIGIN_MARK:sin-marca-gen-3-5","84","Doduo","Estándar","Sin marca (Gen 3-5)","ORIGIN_MARK","1","118"
"84:118:ORIGIN_MARK:kalos","84","Doduo","Estándar","Kalos","ORIGIN_MARK","1","118"
"84:118:ORIGIN_MARK:alola","84","Doduo","Estándar","Alola","ORIGIN_MARK","1","118"
"84:118:ORIGIN_MARK:pokemon-go","84","Doduo","Estándar","Pokémon GO","ORIGIN_MARK","0","118"
"84:118:ORIGIN_MARK:let-s-go","84","Doduo","Estándar","Let's Go","ORIGIN_MARK","1","118"
"84:118:ORIGIN_MARK:sinnoh-bdsp","84","Doduo","Estándar","Sinnoh (BDSP)","ORIGIN_MARK","0","118"
"84:118:ORIGIN_MARK:paldea","84","Doduo","Estándar","Paldea","ORIGIN_MARK","1","118"
"84:118:ORIGIN_MARK:legends-z-a","84","Doduo","Estándar","Legends: Z-A","ORIGIN_MARK","0","118"
"84:118:DREAM_BALL:dream-ball-v","84","Doduo","Estándar","Dream Ball (V)","DREAM_BALL","0","118"
"85:119:ORIGIN_MARK:consola-virtual","85","Dodrio","Estándar","Consola Virtual","ORIGIN_MARK","1","119"
"85:119:ORIGIN_MARK:sin-marca-gen-3-5","85","Dodrio","Estándar","Sin marca (Gen 3-5)","ORIGIN_MARK","1","119"
"85:119:ORIGIN_MARK:kalos","85","Dodrio","Estándar","Kalos","ORIGIN_MARK","1","119"
"85:119:ORIGIN_MARK:alola","85","Dodrio","Estándar","Alola","ORIGIN_MARK","1","119"
"85:119:ORIGIN_MARK:pokemon-go","85","Dodrio","Estándar","Pokémon GO","ORIGIN_MARK","0","119"
"85:119:ORIGIN_MARK:let-s-go","85","Dodrio","Estándar","Let's Go","ORIGIN_MARK","1","119"
"85:119:ORIGIN_MARK:sinnoh-bdsp","85","Dodrio","Estándar","Sinnoh (BDSP)","ORIGIN_MARK","0","119"
"85:119:ORIGIN_MARK:paldea","85","Dodrio","Estándar","Paldea","ORIGIN_MARK","1","119"
"85:119:ORIGIN_MARK:legends-z-a","85","Dodrio","Estándar","Legends: Z-A","ORIGIN_MARK","0","119"
"85:119:DREAM_BALL:dream-ball-v","85","Dodrio","Estándar","Dream Ball (V)","DREAM_BALL","0","119"
"85:119:COLO_XD:colo-xd","85","Dodrio","Estándar","Colo/XD","COLO_XD","0","119"
"86:120:ORIGIN_MARK:consola-virtual","86","Seel","Estándar","Consola Virtual","ORIGIN_MARK","1","120"
"86:120:ORIGIN_MARK:sin-marca-gen-3-5","86","Seel","Estándar","Sin marca (Gen 3-5)","ORIGIN_MARK","1","120"
"86:120:ORIGIN_MARK:kalos","86","Seel","Estándar","Kalos","ORIGIN_MARK","1","120"
"86:120:ORIGIN_MARK:alola","86","Seel","Estándar","Alola","ORIGIN_MARK","1","120"
"86:120:ORIGIN_MARK:pokemon-go","86","Seel","Estándar","Pokémon GO","ORIGIN_MARK","0","120"
"86:120:ORIGIN_MARK:let-s-go","86","Seel","Estándar","Let's Go","ORIGIN_MARK","1","120"
"86:120:ORIGIN_MARK:sinnoh-bdsp","86","Seel","Estándar","Sinnoh (BDSP)","ORIGIN_MARK","0","120"
"86:120:ORIGIN_MARK:paldea","86","Seel","Estándar","Paldea","ORIGIN_MARK","1","120"
"86:120:ORIGIN_MARK:legends-z-a","86","Seel","Estándar","Legends: Z-A","ORIGIN_MARK","0","120"
"86:120:DREAM_BALL:dream-ball-v","86","Seel","Estándar","Dream Ball (V)","DREAM_BALL","0","120"
"86:120:COLO_XD:colo-xd","86","Seel","Estándar","Colo/XD","COLO_XD","0","120"
"87:121:ORIGIN_MARK:consola-virtual","87","Dewgong","Estándar","Consola Virtual","ORIGIN_MARK","1","121"
"87:121:ORIGIN_MARK:sin-marca-gen-3-5","87","Dewgong","Estándar","Sin marca (Gen 3-5)","ORIGIN_MARK","1","121"
"87:121:ORIGIN_MARK:kalos","87","Dewgong","Estándar","Kalos","ORIGIN_MARK","1","121"
"87:121:ORIGIN_MARK:alola","87","Dewgong","Estándar","Alola","ORIGIN_MARK","1","121"
"87:121:ORIGIN_MARK:pokemon-go","87","Dewgong","Estándar","Pokémon GO","ORIGIN_MARK","0","121"
"87:121:ORIGIN_MARK:let-s-go","87","Dewgong","Estándar","Let's Go","ORIGIN_MARK","1","121"
"87:121:ORIGIN_MARK:sinnoh-bdsp","87","Dewgong","Estándar","Sinnoh (BDSP)","ORIGIN_MARK","0","121"
"87:121:ORIGIN_MARK:paldea","87","Dewgong","Estándar","Paldea","ORIGIN_MARK","1","121"
"87:121:ORIGIN_MARK:legends-z-a","87","Dewgong","Estándar","Legends: Z-A","ORIGIN_MARK","0","121"
"87:121:DREAM_BALL:dream-ball-v","87","Dewgong","Estándar","Dream Ball (V)","DREAM_BALL","0","121"
"87:121:COLO_XD:colo-xd","87","Dewgong","Estándar","Colo/XD","COLO_XD","0","121"
"88:122:ORIGIN_MARK:consola-virtual","88","Grimer","Estándar","Consola Virtual","ORIGIN_MARK","1","122"
"88:122:ORIGIN_MARK:sin-marca-gen-3-5","88","Grimer","Estándar","Sin marca (Gen 3-5)","ORIGIN_MARK","1","122"
"88:122:ORIGIN_MARK:kalos","88","Grimer","Estándar","Kalos","ORIGIN_MARK","1","122"
"88:122:ORIGIN_MARK:alola","88","Grimer","Estándar","Alola","ORIGIN_MARK","1","122"
"88:122:ORIGIN_MARK:pokemon-go","88","Grimer","Estándar","Pokémon GO","ORIGIN_MARK","0","122"
"88:122:ORIGIN_MARK:let-s-go","88","Grimer","Estándar","Let's Go","ORIGIN_MARK","1","122"
"88:122:ORIGIN_MARK:sinnoh-bdsp","88","Grimer","Estándar","Sinnoh (BDSP)","ORIGIN_MARK","0","122"
"88:122:ORIGIN_MARK:paldea","88","Grimer","Estándar","Paldea","ORIGIN_MARK","1","122"
"88:122:ORIGIN_MARK:legends-z-a","88","Grimer","Estándar","Legends: Z-A","ORIGIN_MARK","0","122"
"88:122:DREAM_BALL:dream-ball-v","88","Grimer","Estándar","Dream Ball (V)","DREAM_BALL","0","122"
"88:122:COLO_XD:colo-xd","88","Grimer","Estándar","Colo/XD","COLO_XD","0","122"
"88:123:ORIGIN_MARK:alola","88","Grimer alola","alola","Alola","ORIGIN_MARK","1","123"
"88:123:ORIGIN_MARK:pokemon-go","88","Grimer alola","alola","Pokémon GO","ORIGIN_MARK","0","123"
"88:123:ORIGIN_MARK:let-s-go","88","Grimer alola","alola","Let's Go","ORIGIN_MARK","1","123"
"88:123:ORIGIN_MARK:paldea","88","Grimer alola","alola","Paldea","ORIGIN_MARK","1","123"
"89:124:ORIGIN_MARK:consola-virtual","89","Muk","Estándar","Consola Virtual","ORIGIN_MARK","1","124"
"89:124:ORIGIN_MARK:sin-marca-gen-3-5","89","Muk","Estándar","Sin marca (Gen 3-5)","ORIGIN_MARK","1","124"
"89:124:ORIGIN_MARK:kalos","89","Muk","Estándar","Kalos","ORIGIN_MARK","1","124"
"89:124:ORIGIN_MARK:alola","89","Muk","Estándar","Alola","ORIGIN_MARK","1","124"
"89:124:ORIGIN_MARK:pokemon-go","89","Muk","Estándar","Pokémon GO","ORIGIN_MARK","0","124"
"89:124:ORIGIN_MARK:let-s-go","89","Muk","Estándar","Let's Go","ORIGIN_MARK","1","124"
"89:124:ORIGIN_MARK:sinnoh-bdsp","89","Muk","Estándar","Sinnoh (BDSP)","ORIGIN_MARK","0","124"
"89:124:ORIGIN_MARK:paldea","89","Muk","Estándar","Paldea","ORIGIN_MARK","1","124"
"89:124:ORIGIN_MARK:legends-z-a","89","Muk","Estándar","Legends: Z-A","ORIGIN_MARK","0","124"
"89:124:DREAM_BALL:dream-ball-v","89","Muk","Estándar","Dream Ball (V)","DREAM_BALL","0","124"
"89:124:COLO_XD:colo-xd","89","Muk","Estándar","Colo/XD","COLO_XD","0","124"
"89:125:ORIGIN_MARK:alola","89","Muk alola","alola","Alola","ORIGIN_MARK","1","125"
"89:125:ORIGIN_MARK:pokemon-go","89","Muk alola","alola","Pokémon GO","ORIGIN_MARK","0","125"
"89:125:ORIGIN_MARK:let-s-go","89","Muk alola","alola","Let's Go","ORIGIN_MARK","1","125"
"89:125:ORIGIN_MARK:paldea","89","Muk alola","alola","Paldea","ORIGIN_MARK","1","125"
"90:126:ORIGIN_MARK:consola-virtual","90","Shellder","Estándar","Consola Virtual","ORIGIN_MARK","1","126"
"90:126:ORIGIN_MARK:sin-marca-gen-3-5","90","Shellder","Estándar","Sin marca (Gen 3-5)","ORIGIN_MARK","1","126"
"90:126:ORIGIN_MARK:kalos","90","Shellder","Estándar","Kalos","ORIGIN_MARK","1","126"
"90:126:ORIGIN_MARK:alola","90","Shellder","Estándar","Alola","ORIGIN_MARK","1","126"
"90:126:ORIGIN_MARK:pokemon-go","90","Shellder","Estándar","Pokémon GO","ORIGIN_MARK","0","126"
"90:126:ORIGIN_MARK:let-s-go","90","Shellder","Estándar","Let's Go","ORIGIN_MARK","1","126"
"90:126:ORIGIN_MARK:galar","90","Shellder","Estándar","Galar","ORIGIN_MARK","1","126"
"90:126:ORIGIN_MARK:sinnoh-bdsp","90","Shellder","Estándar","Sinnoh (BDSP)","ORIGIN_MARK","0","126"
"90:126:ORIGIN_MARK:paldea","90","Shellder","Estándar","Paldea","ORIGIN_MARK","1","126"
"90:126:ORIGIN_MARK:legends-z-a","90","Shellder","Estándar","Legends: Z-A","ORIGIN_MARK","0","126"
"90:126:DREAM_BALL:dream-ball-v","90","Shellder","Estándar","Dream Ball (V)","DREAM_BALL","0","126"
"90:126:COLO_XD:colo-xd","90","Shellder","Estándar","Colo/XD","COLO_XD","0","126"
"91:127:ORIGIN_MARK:consola-virtual","91","Cloyster","Estándar","Consola Virtual","ORIGIN_MARK","1","127"
"91:127:ORIGIN_MARK:sin-marca-gen-3-5","91","Cloyster","Estándar","Sin marca (Gen 3-5)","ORIGIN_MARK","1","127"
"91:127:ORIGIN_MARK:kalos","91","Cloyster","Estándar","Kalos","ORIGIN_MARK","1","127"
"91:127:ORIGIN_MARK:alola","91","Cloyster","Estándar","Alola","ORIGIN_MARK","1","127"
"91:127:ORIGIN_MARK:pokemon-go","91","Cloyster","Estándar","Pokémon GO","ORIGIN_MARK","0","127"
"91:127:ORIGIN_MARK:let-s-go","91","Cloyster","Estándar","Let's Go","ORIGIN_MARK","1","127"
"91:127:ORIGIN_MARK:galar","91","Cloyster","Estándar","Galar","ORIGIN_MARK","1","127"
"91:127:ORIGIN_MARK:sinnoh-bdsp","91","Cloyster","Estándar","Sinnoh (BDSP)","ORIGIN_MARK","0","127"
"91:127:ORIGIN_MARK:paldea","91","Cloyster","Estándar","Paldea","ORIGIN_MARK","1","127"
"91:127:ORIGIN_MARK:legends-z-a","91","Cloyster","Estándar","Legends: Z-A","ORIGIN_MARK","0","127"
"91:127:DREAM_BALL:dream-ball-v","91","Cloyster","Estándar","Dream Ball (V)","DREAM_BALL","0","127"
"91:127:COLO_XD:colo-xd","91","Cloyster","Estándar","Colo/XD","COLO_XD","0","127"
"92:128:ORIGIN_MARK:consola-virtual","92","Gastly","Estándar","Consola Virtual","ORIGIN_MARK","1","128"
"92:128:ORIGIN_MARK:sin-marca-gen-3-5","92","Gastly","Estándar","Sin marca (Gen 3-5)","ORIGIN_MARK","1","128"
"92:128:ORIGIN_MARK:kalos","92","Gastly","Estándar","Kalos","ORIGIN_MARK","1","128"
"92:128:ORIGIN_MARK:alola","92","Gastly","Estándar","Alola","ORIGIN_MARK","1","128"
"92:128:ORIGIN_MARK:pokemon-go","92","Gastly","Estándar","Pokémon GO","ORIGIN_MARK","0","128"
"92:128:ORIGIN_MARK:let-s-go","92","Gastly","Estándar","Let's Go","ORIGIN_MARK","1","128"
"92:128:ORIGIN_MARK:galar","92","Gastly","Estándar","Galar","ORIGIN_MARK","1","128"
"92:128:ORIGIN_MARK:sinnoh-bdsp","92","Gastly","Estándar","Sinnoh (BDSP)","ORIGIN_MARK","0","128"
"92:128:ORIGIN_MARK:hisui-legends-arceus","92","Gastly","Estándar","Hisui (Legends: Arceus)","ORIGIN_MARK","0","128"
"92:128:ORIGIN_MARK:paldea","92","Gastly","Estándar","Paldea","ORIGIN_MARK","1","128"
"92:128:ORIGIN_MARK:legends-z-a","92","Gastly","Estándar","Legends: Z-A","ORIGIN_MARK","0","128"
"92:128:DREAM_BALL:dream-ball-v","92","Gastly","Estándar","Dream Ball (V)","DREAM_BALL","0","128"
"93:129:ORIGIN_MARK:consola-virtual","93","Haunter","Estándar","Consola Virtual","ORIGIN_MARK","1","129"
"93:129:ORIGIN_MARK:sin-marca-gen-3-5","93","Haunter","Estándar","Sin marca (Gen 3-5)","ORIGIN_MARK","1","129"
"93:129:ORIGIN_MARK:kalos","93","Haunter","Estándar","Kalos","ORIGIN_MARK","1","129"
"93:129:ORIGIN_MARK:alola","93","Haunter","Estándar","Alola","ORIGIN_MARK","1","129"
"93:129:ORIGIN_MARK:pokemon-go","93","Haunter","Estándar","Pokémon GO","ORIGIN_MARK","0","129"
"93:129:ORIGIN_MARK:let-s-go","93","Haunter","Estándar","Let's Go","ORIGIN_MARK","1","129"
"93:129:ORIGIN_MARK:galar","93","Haunter","Estándar","Galar","ORIGIN_MARK","1","129"
"93:129:ORIGIN_MARK:sinnoh-bdsp","93","Haunter","Estándar","Sinnoh (BDSP)","ORIGIN_MARK","0","129"
"93:129:ORIGIN_MARK:hisui-legends-arceus","93","Haunter","Estándar","Hisui (Legends: Arceus)","ORIGIN_MARK","0","129"
"93:129:ORIGIN_MARK:paldea","93","Haunter","Estándar","Paldea","ORIGIN_MARK","1","129"
"93:129:ORIGIN_MARK:legends-z-a","93","Haunter","Estándar","Legends: Z-A","ORIGIN_MARK","0","129"
"93:129:DREAM_BALL:dream-ball-v","93","Haunter","Estándar","Dream Ball (V)","DREAM_BALL","0","129"
"94:130:ORIGIN_MARK:consola-virtual","94","Gengar","Estándar","Consola Virtual","ORIGIN_MARK","1","130"
"94:130:ORIGIN_MARK:sin-marca-gen-3-5","94","Gengar","Estándar","Sin marca (Gen 3-5)","ORIGIN_MARK","1","130"
"94:130:ORIGIN_MARK:kalos","94","Gengar","Estándar","Kalos","ORIGIN_MARK","1","130"
"94:130:ORIGIN_MARK:alola","94","Gengar","Estándar","Alola","ORIGIN_MARK","1","130"
"94:130:ORIGIN_MARK:pokemon-go","94","Gengar","Estándar","Pokémon GO","ORIGIN_MARK","0","130"
"94:130:ORIGIN_MARK:let-s-go","94","Gengar","Estándar","Let's Go","ORIGIN_MARK","1","130"
"94:130:ORIGIN_MARK:galar","94","Gengar","Estándar","Galar","ORIGIN_MARK","1","130"
"94:130:ORIGIN_MARK:sinnoh-bdsp","94","Gengar","Estándar","Sinnoh (BDSP)","ORIGIN_MARK","0","130"
"94:130:ORIGIN_MARK:hisui-legends-arceus","94","Gengar","Estándar","Hisui (Legends: Arceus)","ORIGIN_MARK","0","130"
"94:130:ORIGIN_MARK:paldea","94","Gengar","Estándar","Paldea","ORIGIN_MARK","1","130"
"94:130:ORIGIN_MARK:legends-z-a","94","Gengar","Estándar","Legends: Z-A","ORIGIN_MARK","0","130"
"94:130:DREAM_BALL:dream-ball-v","94","Gengar","Estándar","Dream Ball (V)","DREAM_BALL","0","130"
"95:131:ORIGIN_MARK:consola-virtual","95","Onix","Estándar","Consola Virtual","ORIGIN_MARK","1","131"
"95:131:ORIGIN_MARK:sin-marca-gen-3-5","95","Onix","Estándar","Sin marca (Gen 3-5)","ORIGIN_MARK","1","131"
"95:131:ORIGIN_MARK:kalos","95","Onix","Estándar","Kalos","ORIGIN_MARK","1","131"
"95:131:ORIGIN_MARK:alola","95","Onix","Estándar","Alola","ORIGIN_MARK","1","131"
"95:131:ORIGIN_MARK:pokemon-go","95","Onix","Estándar","Pokémon GO","ORIGIN_MARK","0","131"
"95:131:ORIGIN_MARK:let-s-go","95","Onix","Estándar","Let's Go","ORIGIN_MARK","1","131"
"95:131:ORIGIN_MARK:galar","95","Onix","Estándar","Galar","ORIGIN_MARK","1","131"
"95:131:ORIGIN_MARK:sinnoh-bdsp","95","Onix","Estándar","Sinnoh (BDSP)","ORIGIN_MARK","0","131"
"95:131:ORIGIN_MARK:hisui-legends-arceus","95","Onix","Estándar","Hisui (Legends: Arceus)","ORIGIN_MARK","0","131"
"95:131:ORIGIN_MARK:legends-z-a","95","Onix","Estándar","Legends: Z-A","ORIGIN_MARK","0","131"
"95:131:DREAM_BALL:dream-ball-v","95","Onix","Estándar","Dream Ball (V)","DREAM_BALL","0","131"
"96:132:ORIGIN_MARK:consola-virtual","96","Drowzee","Estándar","Consola Virtual","ORIGIN_MARK","1","132"
"96:132:ORIGIN_MARK:sin-marca-gen-3-5","96","Drowzee","Estándar","Sin marca (Gen 3-5)","ORIGIN_MARK","1","132"
"96:132:ORIGIN_MARK:kalos","96","Drowzee","Estándar","Kalos","ORIGIN_MARK","1","132"
"96:132:ORIGIN_MARK:alola","96","Drowzee","Estándar","Alola","ORIGIN_MARK","1","132"
"96:132:ORIGIN_MARK:pokemon-go","96","Drowzee","Estándar","Pokémon GO","ORIGIN_MARK","0","132"
"96:132:ORIGIN_MARK:let-s-go","96","Drowzee","Estándar","Let's Go","ORIGIN_MARK","1","132"
"96:132:ORIGIN_MARK:sinnoh-bdsp","96","Drowzee","Estándar","Sinnoh (BDSP)","ORIGIN_MARK","0","132"
"96:132:ORIGIN_MARK:paldea","96","Drowzee","Estándar","Paldea","ORIGIN_MARK","1","132"
"96:132:ORIGIN_MARK:legends-z-a","96","Drowzee","Estándar","Legends: Z-A","ORIGIN_MARK","0","132"
"96:132:DREAM_BALL:dream-ball-v","96","Drowzee","Estándar","Dream Ball (V)","DREAM_BALL","0","132"
"97:133:ORIGIN_MARK:consola-virtual","97","Hypno","Estándar","Consola Virtual","ORIGIN_MARK","1","133"
"97:133:ORIGIN_MARK:sin-marca-gen-3-5","97","Hypno","Estándar","Sin marca (Gen 3-5)","ORIGIN_MARK","1","133"
"97:133:ORIGIN_MARK:kalos","97","Hypno","Estándar","Kalos","ORIGIN_MARK","1","133"
"97:133:ORIGIN_MARK:alola","97","Hypno","Estándar","Alola","ORIGIN_MARK","1","133"
"97:133:ORIGIN_MARK:pokemon-go","97","Hypno","Estándar","Pokémon GO","ORIGIN_MARK","0","133"
"97:133:ORIGIN_MARK:let-s-go","97","Hypno","Estándar","Let's Go","ORIGIN_MARK","1","133"
"97:133:ORIGIN_MARK:sinnoh-bdsp","97","Hypno","Estándar","Sinnoh (BDSP)","ORIGIN_MARK","0","133"
"97:133:ORIGIN_MARK:paldea","97","Hypno","Estándar","Paldea","ORIGIN_MARK","1","133"
"97:133:ORIGIN_MARK:legends-z-a","97","Hypno","Estándar","Legends: Z-A","ORIGIN_MARK","0","133"
"97:133:DREAM_BALL:dream-ball-v","97","Hypno","Estándar","Dream Ball (V)","DREAM_BALL","0","133"
"97:133:COLO_XD:colo-xd","97","Hypno","Estándar","Colo/XD","COLO_XD","0","133"
"98:134:ORIGIN_MARK:consola-virtual","98","Krabby","Estándar","Consola Virtual","ORIGIN_MARK","1","134"
"98:134:ORIGIN_MARK:sin-marca-gen-3-5","98","Krabby","Estándar","Sin marca (Gen 3-5)","ORIGIN_MARK","1","134"
"98:134:ORIGIN_MARK:kalos","98","Krabby","Estándar","Kalos","ORIGIN_MARK","1","134"
"98:134:ORIGIN_MARK:alola","98","Krabby","Estándar","Alola","ORIGIN_MARK","1","134"
"98:134:ORIGIN_MARK:pokemon-go","98","Krabby","Estándar","Pokémon GO","ORIGIN_MARK","0","134"
"98:134:ORIGIN_MARK:let-s-go","98","Krabby","Estándar","Let's Go","ORIGIN_MARK","1","134"
"98:134:ORIGIN_MARK:galar","98","Krabby","Estándar","Galar","ORIGIN_MARK","1","134"
"98:134:ORIGIN_MARK:sinnoh-bdsp","98","Krabby","Estándar","Sinnoh (BDSP)","ORIGIN_MARK","0","134"
"98:134:ORIGIN_MARK:legends-z-a","98","Krabby","Estándar","Legends: Z-A","ORIGIN_MARK","0","134"
"98:134:DREAM_BALL:dream-ball-v","98","Krabby","Estándar","Dream Ball (V)","DREAM_BALL","0","134"
"99:135:ORIGIN_MARK:consola-virtual","99","Kingler","Estándar","Consola Virtual","ORIGIN_MARK","1","135"
"99:135:ORIGIN_MARK:sin-marca-gen-3-5","99","Kingler","Estándar","Sin marca (Gen 3-5)","ORIGIN_MARK","1","135"
"99:135:ORIGIN_MARK:kalos","99","Kingler","Estándar","Kalos","ORIGIN_MARK","1","135"
"99:135:ORIGIN_MARK:alola","99","Kingler","Estándar","Alola","ORIGIN_MARK","1","135"
"99:135:ORIGIN_MARK:pokemon-go","99","Kingler","Estándar","Pokémon GO","ORIGIN_MARK","0","135"
"99:135:ORIGIN_MARK:let-s-go","99","Kingler","Estándar","Let's Go","ORIGIN_MARK","1","135"
"99:135:ORIGIN_MARK:galar","99","Kingler","Estándar","Galar","ORIGIN_MARK","1","135"
"99:135:ORIGIN_MARK:sinnoh-bdsp","99","Kingler","Estándar","Sinnoh (BDSP)","ORIGIN_MARK","0","135"
"99:135:ORIGIN_MARK:legends-z-a","99","Kingler","Estándar","Legends: Z-A","ORIGIN_MARK","0","135"
"99:135:DREAM_BALL:dream-ball-v","99","Kingler","Estándar","Dream Ball (V)","DREAM_BALL","0","135"
"100:136:ORIGIN_MARK:consola-virtual","100","Voltorb","Estándar","Consola Virtual","ORIGIN_MARK","1","136"
"100:136:ORIGIN_MARK:sin-marca-gen-3-5","100","Voltorb","Estándar","Sin marca (Gen 3-5)","ORIGIN_MARK","1","136"
"100:136:ORIGIN_MARK:kalos","100","Voltorb","Estándar","Kalos","ORIGIN_MARK","1","136"
"100:136:ORIGIN_MARK:alola","100","Voltorb","Estándar","Alola","ORIGIN_MARK","1","136"
"100:136:ORIGIN_MARK:pokemon-go","100","Voltorb","Estándar","Pokémon GO","ORIGIN_MARK","0","136"
"100:136:ORIGIN_MARK:let-s-go","100","Voltorb","Estándar","Let's Go","ORIGIN_MARK","1","136"
"100:136:ORIGIN_MARK:sinnoh-bdsp","100","Voltorb","Estándar","Sinnoh (BDSP)","ORIGIN_MARK","0","136"
"100:136:ORIGIN_MARK:paldea","100","Voltorb","Estándar","Paldea","ORIGIN_MARK","1","136"
"100:136:ORIGIN_MARK:legends-z-a","100","Voltorb","Estándar","Legends: Z-A","ORIGIN_MARK","0","136"
"100:136:DREAM_BALL:dream-ball-v","100","Voltorb","Estándar","Dream Ball (V)","DREAM_BALL","0","136"
"100:136:COLO_XD:colo-xd","100","Voltorb","Estándar","Colo/XD","COLO_XD","0","136"
"100:137:ORIGIN_MARK:pokemon-go","100","Voltorb hisui","hisui","Pokémon GO","ORIGIN_MARK","0","137"
"100:137:ORIGIN_MARK:hisui-legends-arceus","100","Voltorb hisui","hisui","Hisui (Legends: Arceus)","ORIGIN_MARK","0","137"
"100:137:ORIGIN_MARK:paldea","100","Voltorb hisui","hisui","Paldea","ORIGIN_MARK","1","137"
"101:138:ORIGIN_MARK:consola-virtual","101","Electrode","Estándar","Consola Virtual","ORIGIN_MARK","1","138"
"101:138:ORIGIN_MARK:sin-marca-gen-3-5","101","Electrode","Estándar","Sin marca (Gen 3-5)","ORIGIN_MARK","1","138"
"101:138:ORIGIN_MARK:kalos","101","Electrode","Estándar","Kalos","ORIGIN_MARK","1","138"
"101:138:ORIGIN_MARK:alola","101","Electrode","Estándar","Alola","ORIGIN_MARK","1","138"
"101:138:ORIGIN_MARK:pokemon-go","101","Electrode","Estándar","Pokémon GO","ORIGIN_MARK","0","138"
"101:138:ORIGIN_MARK:let-s-go","101","Electrode","Estándar","Let's Go","ORIGIN_MARK","1","138"
"101:138:ORIGIN_MARK:sinnoh-bdsp","101","Electrode","Estándar","Sinnoh (BDSP)","ORIGIN_MARK","0","138"
"101:138:ORIGIN_MARK:paldea","101","Electrode","Estándar","Paldea","ORIGIN_MARK","1","138"
"101:138:ORIGIN_MARK:legends-z-a","101","Electrode","Estándar","Legends: Z-A","ORIGIN_MARK","0","138"
"101:138:DREAM_BALL:dream-ball-v","101","Electrode","Estándar","Dream Ball (V)","DREAM_BALL","0","138"
"101:138:COLO_XD:colo-xd","101","Electrode","Estándar","Colo/XD","COLO_XD","0","138"
"101:139:ORIGIN_MARK:pokemon-go","101","Electrode hisui","hisui","Pokémon GO","ORIGIN_MARK","0","139"
"101:139:ORIGIN_MARK:hisui-legends-arceus","101","Electrode hisui","hisui","Hisui (Legends: Arceus)","ORIGIN_MARK","0","139"
"101:139:ORIGIN_MARK:paldea","101","Electrode hisui","hisui","Paldea","ORIGIN_MARK","1","139"
"102:140:ORIGIN_MARK:consola-virtual","102","Exeggcute","Estándar","Consola Virtual","ORIGIN_MARK","1","140"
"102:140:ORIGIN_MARK:sin-marca-gen-3-5","102","Exeggcute","Estándar","Sin marca (Gen 3-5)","ORIGIN_MARK","1","140"
"102:140:ORIGIN_MARK:kalos","102","Exeggcute","Estándar","Kalos","ORIGIN_MARK","1","140"
"102:140:ORIGIN_MARK:alola","102","Exeggcute","Estándar","Alola","ORIGIN_MARK","1","140"
"102:140:ORIGIN_MARK:pokemon-go","102","Exeggcute","Estándar","Pokémon GO","ORIGIN_MARK","0","140"
"102:140:ORIGIN_MARK:let-s-go","102","Exeggcute","Estándar","Let's Go","ORIGIN_MARK","1","140"
"102:140:ORIGIN_MARK:galar","102","Exeggcute","Estándar","Galar","ORIGIN_MARK","1","140"
"102:140:ORIGIN_MARK:sinnoh-bdsp","102","Exeggcute","Estándar","Sinnoh (BDSP)","ORIGIN_MARK","0","140"
"102:140:ORIGIN_MARK:paldea","102","Exeggcute","Estándar","Paldea","ORIGIN_MARK","1","140"
"102:140:ORIGIN_MARK:legends-z-a","102","Exeggcute","Estándar","Legends: Z-A","ORIGIN_MARK","0","140"
"102:140:DREAM_BALL:dream-ball-v","102","Exeggcute","Estándar","Dream Ball (V)","DREAM_BALL","0","140"
"103:141:ORIGIN_MARK:consola-virtual","103","Exeggutor","Estándar","Consola Virtual","ORIGIN_MARK","1","141"
"103:141:ORIGIN_MARK:sin-marca-gen-3-5","103","Exeggutor","Estándar","Sin marca (Gen 3-5)","ORIGIN_MARK","1","141"
"103:141:ORIGIN_MARK:kalos","103","Exeggutor","Estándar","Kalos","ORIGIN_MARK","1","141"
"103:141:ORIGIN_MARK:alola","103","Exeggutor","Estándar","Alola","ORIGIN_MARK","1","141"
"103:141:ORIGIN_MARK:pokemon-go","103","Exeggutor","Estándar","Pokémon GO","ORIGIN_MARK","0","141"
"103:141:ORIGIN_MARK:let-s-go","103","Exeggutor","Estándar","Let's Go","ORIGIN_MARK","1","141"
"103:141:ORIGIN_MARK:galar","103","Exeggutor","Estándar","Galar","ORIGIN_MARK","1","141"
"103:141:ORIGIN_MARK:sinnoh-bdsp","103","Exeggutor","Estándar","Sinnoh (BDSP)","ORIGIN_MARK","0","141"
"103:141:ORIGIN_MARK:paldea","103","Exeggutor","Estándar","Paldea","ORIGIN_MARK","1","141"
"103:141:ORIGIN_MARK:legends-z-a","103","Exeggutor","Estándar","Legends: Z-A","ORIGIN_MARK","0","141"
"103:141:DREAM_BALL:dream-ball-v","103","Exeggutor","Estándar","Dream Ball (V)","DREAM_BALL","0","141"
"103:141:COLO_XD:colo-xd","103","Exeggutor","Estándar","Colo/XD","COLO_XD","0","141"
"103:142:ORIGIN_MARK:consola-virtual","103","Exeggutor alola","alola","Consola Virtual","ORIGIN_MARK","1","142"
"103:142:ORIGIN_MARK:sin-marca-gen-3-5","103","Exeggutor alola","alola","Sin marca (Gen 3-5)","ORIGIN_MARK","0","142"
"103:142:ORIGIN_MARK:kalos","103","Exeggutor alola","alola","Kalos","ORIGIN_MARK","1","142"
"103:142:ORIGIN_MARK:alola","103","Exeggutor alola","alola","Alola","ORIGIN_MARK","1","142"
"103:142:ORIGIN_MARK:pokemon-go","103","Exeggutor alola","alola","Pokémon GO","ORIGIN_MARK","0","142"
"103:142:ORIGIN_MARK:let-s-go","103","Exeggutor alola","alola","Let's Go","ORIGIN_MARK","1","142"
"103:142:ORIGIN_MARK:galar","103","Exeggutor alola","alola","Galar","ORIGIN_MARK","0","142"
"103:142:ORIGIN_MARK:sinnoh-bdsp","103","Exeggutor alola","alola","Sinnoh (BDSP)","ORIGIN_MARK","0","142"
"103:142:ORIGIN_MARK:paldea","103","Exeggutor alola","alola","Paldea","ORIGIN_MARK","1","142"
"103:142:ORIGIN_MARK:legends-z-a","103","Exeggutor alola","alola","Legends: Z-A","ORIGIN_MARK","0","142"
"103:142:DREAM_BALL:dream-ball-v","103","Exeggutor alola","alola","Dream Ball (V)","DREAM_BALL","0","142"
"104:143:ORIGIN_MARK:consola-virtual","104","Cubone","Estándar","Consola Virtual","ORIGIN_MARK","1","143"
"104:143:ORIGIN_MARK:sin-marca-gen-3-5","104","Cubone","Estándar","Sin marca (Gen 3-5)","ORIGIN_MARK","1","143"
"104:143:ORIGIN_MARK:kalos","104","Cubone","Estándar","Kalos","ORIGIN_MARK","1","143"
"104:143:ORIGIN_MARK:alola","104","Cubone","Estándar","Alola","ORIGIN_MARK","1","143"
"104:143:ORIGIN_MARK:pokemon-go","104","Cubone","Estándar","Pokémon GO","ORIGIN_MARK","0","143"
"104:143:ORIGIN_MARK:let-s-go","104","Cubone","Estándar","Let's Go","ORIGIN_MARK","1","143"
"104:143:ORIGIN_MARK:galar","104","Cubone","Estándar","Galar","ORIGIN_MARK","1","143"
"104:143:ORIGIN_MARK:sinnoh-bdsp","104","Cubone","Estándar","Sinnoh (BDSP)","ORIGIN_MARK","0","143"
"104:143:ORIGIN_MARK:legends-z-a","104","Cubone","Estándar","Legends: Z-A","ORIGIN_MARK","0","143"
"104:143:DREAM_BALL:dream-ball-v","104","Cubone","Estándar","Dream Ball (V)","DREAM_BALL","0","143"
"105:144:ORIGIN_MARK:consola-virtual","105","Marowak","Estándar","Consola Virtual","ORIGIN_MARK","1","144"
"105:144:ORIGIN_MARK:sin-marca-gen-3-5","105","Marowak","Estándar","Sin marca (Gen 3-5)","ORIGIN_MARK","1","144"
"105:144:ORIGIN_MARK:kalos","105","Marowak","Estándar","Kalos","ORIGIN_MARK","1","144"
"105:144:ORIGIN_MARK:alola","105","Marowak","Estándar","Alola","ORIGIN_MARK","1","144"
"105:144:ORIGIN_MARK:pokemon-go","105","Marowak","Estándar","Pokémon GO","ORIGIN_MARK","0","144"
"105:144:ORIGIN_MARK:let-s-go","105","Marowak","Estándar","Let's Go","ORIGIN_MARK","1","144"
"105:144:ORIGIN_MARK:galar","105","Marowak","Estándar","Galar","ORIGIN_MARK","1","144"
"105:144:ORIGIN_MARK:sinnoh-bdsp","105","Marowak","Estándar","Sinnoh (BDSP)","ORIGIN_MARK","0","144"
"105:144:ORIGIN_MARK:legends-z-a","105","Marowak","Estándar","Legends: Z-A","ORIGIN_MARK","0","144"
"105:144:DREAM_BALL:dream-ball-v","105","Marowak","Estándar","Dream Ball (V)","DREAM_BALL","0","144"
"105:144:COLO_XD:colo-xd","105","Marowak","Estándar","Colo/XD","COLO_XD","0","144"
"105:145:ORIGIN_MARK:consola-virtual","105","Marowak alola","alola","Consola Virtual","ORIGIN_MARK","1","145"
"105:145:ORIGIN_MARK:sin-marca-gen-3-5","105","Marowak alola","alola","Sin marca (Gen 3-5)","ORIGIN_MARK","0","145"
"105:145:ORIGIN_MARK:kalos","105","Marowak alola","alola","Kalos","ORIGIN_MARK","1","145"
"105:145:ORIGIN_MARK:alola","105","Marowak alola","alola","Alola","ORIGIN_MARK","1","145"
"105:145:ORIGIN_MARK:pokemon-go","105","Marowak alola","alola","Pokémon GO","ORIGIN_MARK","0","145"
"105:145:ORIGIN_MARK:let-s-go","105","Marowak alola","alola","Let's Go","ORIGIN_MARK","1","145"
"105:145:ORIGIN_MARK:galar","105","Marowak alola","alola","Galar","ORIGIN_MARK","0","145"
"105:145:ORIGIN_MARK:sinnoh-bdsp","105","Marowak alola","alola","Sinnoh (BDSP)","ORIGIN_MARK","0","145"
"105:145:ORIGIN_MARK:legends-z-a","105","Marowak alola","alola","Legends: Z-A","ORIGIN_MARK","0","145"
"105:145:DREAM_BALL:dream-ball-v","105","Marowak alola","alola","Dream Ball (V)","DREAM_BALL","0","145"
"106:146:ORIGIN_MARK:consola-virtual","106","Hitmonlee","Estándar","Consola Virtual","ORIGIN_MARK","1","146"
"106:146:ORIGIN_MARK:sin-marca-gen-3-5","106","Hitmonlee","Estándar","Sin marca (Gen 3-5)","ORIGIN_MARK","1","146"
"106:146:ORIGIN_MARK:kalos","106","Hitmonlee","Estándar","Kalos","ORIGIN_MARK","1","146"
"106:146:ORIGIN_MARK:alola","106","Hitmonlee","Estándar","Alola","ORIGIN_MARK","1","146"
"106:146:ORIGIN_MARK:pokemon-go","106","Hitmonlee","Estándar","Pokémon GO","ORIGIN_MARK","0","146"
"106:146:ORIGIN_MARK:let-s-go","106","Hitmonlee","Estándar","Let's Go","ORIGIN_MARK","1","146"
"106:146:ORIGIN_MARK:galar","106","Hitmonlee","Estándar","Galar","ORIGIN_MARK","1","146"
"106:146:ORIGIN_MARK:sinnoh-bdsp","106","Hitmonlee","Estándar","Sinnoh (BDSP)","ORIGIN_MARK","0","146"
"106:146:ORIGIN_MARK:paldea","106","Hitmonlee","Estándar","Paldea","ORIGIN_MARK","1","146"
"106:146:ORIGIN_MARK:legends-z-a","106","Hitmonlee","Estándar","Legends: Z-A","ORIGIN_MARK","0","146"
"106:146:DREAM_BALL:dream-ball-v","106","Hitmonlee","Estándar","Dream Ball (V)","DREAM_BALL","0","146"
"106:146:COLO_XD:colo-xd","106","Hitmonlee","Estándar","Colo/XD","COLO_XD","0","146"
"107:147:ORIGIN_MARK:consola-virtual","107","Hitmonchan","Estándar","Consola Virtual","ORIGIN_MARK","1","147"
"107:147:ORIGIN_MARK:sin-marca-gen-3-5","107","Hitmonchan","Estándar","Sin marca (Gen 3-5)","ORIGIN_MARK","1","147"
"107:147:ORIGIN_MARK:kalos","107","Hitmonchan","Estándar","Kalos","ORIGIN_MARK","1","147"
"107:147:ORIGIN_MARK:alola","107","Hitmonchan","Estándar","Alola","ORIGIN_MARK","1","147"
"107:147:ORIGIN_MARK:pokemon-go","107","Hitmonchan","Estándar","Pokémon GO","ORIGIN_MARK","0","147"
"107:147:ORIGIN_MARK:let-s-go","107","Hitmonchan","Estándar","Let's Go","ORIGIN_MARK","1","147"
"107:147:ORIGIN_MARK:galar","107","Hitmonchan","Estándar","Galar","ORIGIN_MARK","1","147"
"107:147:ORIGIN_MARK:sinnoh-bdsp","107","Hitmonchan","Estándar","Sinnoh (BDSP)","ORIGIN_MARK","0","147"
"107:147:ORIGIN_MARK:paldea","107","Hitmonchan","Estándar","Paldea","ORIGIN_MARK","1","147"
"107:147:ORIGIN_MARK:legends-z-a","107","Hitmonchan","Estándar","Legends: Z-A","ORIGIN_MARK","0","147"
"107:147:DREAM_BALL:dream-ball-v","107","Hitmonchan","Estándar","Dream Ball (V)","DREAM_BALL","0","147"
"107:147:COLO_XD:colo-xd","107","Hitmonchan","Estándar","Colo/XD","COLO_XD","0","147"
"108:148:ORIGIN_MARK:consola-virtual","108","Lickitung","Estándar","Consola Virtual","ORIGIN_MARK","1","148"
"108:148:ORIGIN_MARK:sin-marca-gen-3-5","108","Lickitung","Estándar","Sin marca (Gen 3-5)","ORIGIN_MARK","1","148"
"108:148:ORIGIN_MARK:kalos","108","Lickitung","Estándar","Kalos","ORIGIN_MARK","1","148"
"108:148:ORIGIN_MARK:alola","108","Lickitung","Estándar","Alola","ORIGIN_MARK","1","148"
"108:148:ORIGIN_MARK:pokemon-go","108","Lickitung","Estándar","Pokémon GO","ORIGIN_MARK","0","148"
"108:148:ORIGIN_MARK:let-s-go","108","Lickitung","Estándar","Let's Go","ORIGIN_MARK","1","148"
"108:148:ORIGIN_MARK:galar","108","Lickitung","Estándar","Galar","ORIGIN_MARK","1","148"
"108:148:ORIGIN_MARK:sinnoh-bdsp","108","Lickitung","Estándar","Sinnoh (BDSP)","ORIGIN_MARK","0","148"
"108:148:ORIGIN_MARK:hisui-legends-arceus","108","Lickitung","Estándar","Hisui (Legends: Arceus)","ORIGIN_MARK","0","148"
"108:148:ORIGIN_MARK:legends-z-a","108","Lickitung","Estándar","Legends: Z-A","ORIGIN_MARK","0","148"
"108:148:DREAM_BALL:dream-ball-v","108","Lickitung","Estándar","Dream Ball (V)","DREAM_BALL","0","148"
"108:148:COLO_XD:colo-xd","108","Lickitung","Estándar","Colo/XD","COLO_XD","0","148"
"109:149:ORIGIN_MARK:consola-virtual","109","Koffing","Estándar","Consola Virtual","ORIGIN_MARK","1","149"
"109:149:ORIGIN_MARK:sin-marca-gen-3-5","109","Koffing","Estándar","Sin marca (Gen 3-5)","ORIGIN_MARK","1","149"
"109:149:ORIGIN_MARK:kalos","109","Koffing","Estándar","Kalos","ORIGIN_MARK","1","149"
"109:149:ORIGIN_MARK:alola","109","Koffing","Estándar","Alola","ORIGIN_MARK","1","149"
"109:149:ORIGIN_MARK:pokemon-go","109","Koffing","Estándar","Pokémon GO","ORIGIN_MARK","0","149"
"109:149:ORIGIN_MARK:let-s-go","109","Koffing","Estándar","Let's Go","ORIGIN_MARK","1","149"
"109:149:ORIGIN_MARK:galar","109","Koffing","Estándar","Galar","ORIGIN_MARK","1","149"
"109:149:ORIGIN_MARK:sinnoh-bdsp","109","Koffing","Estándar","Sinnoh (BDSP)","ORIGIN_MARK","0","149"
"109:149:ORIGIN_MARK:paldea","109","Koffing","Estándar","Paldea","ORIGIN_MARK","1","149"
"109:149:ORIGIN_MARK:legends-z-a","109","Koffing","Estándar","Legends: Z-A","ORIGIN_MARK","0","149"
"109:149:DREAM_BALL:dream-ball-v","109","Koffing","Estándar","Dream Ball (V)","DREAM_BALL","0","149"
"110:150:ORIGIN_MARK:consola-virtual","110","Weezing","Estándar","Consola Virtual","ORIGIN_MARK","1","150"
"110:150:ORIGIN_MARK:sin-marca-gen-3-5","110","Weezing","Estándar","Sin marca (Gen 3-5)","ORIGIN_MARK","1","150"
"110:150:ORIGIN_MARK:kalos","110","Weezing","Estándar","Kalos","ORIGIN_MARK","1","150"
"110:150:ORIGIN_MARK:alola","110","Weezing","Estándar","Alola","ORIGIN_MARK","1","150"
"110:150:ORIGIN_MARK:pokemon-go","110","Weezing","Estándar","Pokémon GO","ORIGIN_MARK","0","150"
"110:150:ORIGIN_MARK:let-s-go","110","Weezing","Estándar","Let's Go","ORIGIN_MARK","1","150"
"110:150:ORIGIN_MARK:galar","110","Weezing","Estándar","Galar","ORIGIN_MARK","0","150"
"110:150:ORIGIN_MARK:sinnoh-bdsp","110","Weezing","Estándar","Sinnoh (BDSP)","ORIGIN_MARK","0","150"
"110:150:ORIGIN_MARK:paldea","110","Weezing","Estándar","Paldea","ORIGIN_MARK","1","150"
"110:150:ORIGIN_MARK:legends-z-a","110","Weezing","Estándar","Legends: Z-A","ORIGIN_MARK","0","150"
"110:150:DREAM_BALL:dream-ball-v","110","Weezing","Estándar","Dream Ball (V)","DREAM_BALL","0","150"
"110:151:ORIGIN_MARK:consola-virtual","110","Weezing galar","galar","Consola Virtual","ORIGIN_MARK","1","151"
"110:151:ORIGIN_MARK:sin-marca-gen-3-5","110","Weezing galar","galar","Sin marca (Gen 3-5)","ORIGIN_MARK","1","151"
"110:151:ORIGIN_MARK:kalos","110","Weezing galar","galar","Kalos","ORIGIN_MARK","1","151"
"110:151:ORIGIN_MARK:alola","110","Weezing galar","galar","Alola","ORIGIN_MARK","0","151"
"110:151:ORIGIN_MARK:pokemon-go","110","Weezing galar","galar","Pokémon GO","ORIGIN_MARK","0","151"
"110:151:ORIGIN_MARK:let-s-go","110","Weezing galar","galar","Let's Go","ORIGIN_MARK","0","151"
"110:151:ORIGIN_MARK:galar","110","Weezing galar","galar","Galar","ORIGIN_MARK","1","151"
"110:151:ORIGIN_MARK:sinnoh-bdsp","110","Weezing galar","galar","Sinnoh (BDSP)","ORIGIN_MARK","0","151"
"110:151:ORIGIN_MARK:paldea","110","Weezing galar","galar","Paldea","ORIGIN_MARK","1","151"
"110:151:ORIGIN_MARK:legends-z-a","110","Weezing galar","galar","Legends: Z-A","ORIGIN_MARK","0","151"
"110:151:DREAM_BALL:dream-ball-v","110","Weezing galar","galar","Dream Ball (V)","DREAM_BALL","1","151"
"111:152:ORIGIN_MARK:consola-virtual","111","Rhyhorn","Estándar","Consola Virtual","ORIGIN_MARK","1","152"
"111:152:ORIGIN_MARK:sin-marca-gen-3-5","111","Rhyhorn","Estándar","Sin marca (Gen 3-5)","ORIGIN_MARK","1","152"
"111:152:ORIGIN_MARK:kalos","111","Rhyhorn","Estándar","Kalos","ORIGIN_MARK","1","152"
"111:152:ORIGIN_MARK:alola","111","Rhyhorn","Estándar","Alola","ORIGIN_MARK","1","152"
"111:152:ORIGIN_MARK:pokemon-go","111","Rhyhorn","Estándar","Pokémon GO","ORIGIN_MARK","0","152"
"111:152:ORIGIN_MARK:let-s-go","111","Rhyhorn","Estándar","Let's Go","ORIGIN_MARK","1","152"
"111:152:ORIGIN_MARK:galar","111","Rhyhorn","Estándar","Galar","ORIGIN_MARK","1","152"
"111:152:ORIGIN_MARK:sinnoh-bdsp","111","Rhyhorn","Estándar","Sinnoh (BDSP)","ORIGIN_MARK","0","152"
"111:152:ORIGIN_MARK:hisui-legends-arceus","111","Rhyhorn","Estándar","Hisui (Legends: Arceus)","ORIGIN_MARK","0","152"
"111:152:ORIGIN_MARK:paldea","111","Rhyhorn","Estándar","Paldea","ORIGIN_MARK","1","152"
"111:152:ORIGIN_MARK:legends-z-a","111","Rhyhorn","Estándar","Legends: Z-A","ORIGIN_MARK","0","152"
"111:152:DREAM_BALL:dream-ball-v","111","Rhyhorn","Estándar","Dream Ball (V)","DREAM_BALL","0","152"
"112:153:ORIGIN_MARK:consola-virtual","112","Rhydon","Estándar","Consola Virtual","ORIGIN_MARK","1","153"
"112:153:ORIGIN_MARK:sin-marca-gen-3-5","112","Rhydon","Estándar","Sin marca (Gen 3-5)","ORIGIN_MARK","1","153"
"112:153:ORIGIN_MARK:kalos","112","Rhydon","Estándar","Kalos","ORIGIN_MARK","1","153"
"112:153:ORIGIN_MARK:alola","112","Rhydon","Estándar","Alola","ORIGIN_MARK","1","153"
"112:153:ORIGIN_MARK:pokemon-go","112","Rhydon","Estándar","Pokémon GO","ORIGIN_MARK","0","153"
"112:153:ORIGIN_MARK:let-s-go","112","Rhydon","Estándar","Let's Go","ORIGIN_MARK","1","153"
"112:153:ORIGIN_MARK:galar","112","Rhydon","Estándar","Galar","ORIGIN_MARK","1","153"
"112:153:ORIGIN_MARK:sinnoh-bdsp","112","Rhydon","Estándar","Sinnoh (BDSP)","ORIGIN_MARK","0","153"
"112:153:ORIGIN_MARK:hisui-legends-arceus","112","Rhydon","Estándar","Hisui (Legends: Arceus)","ORIGIN_MARK","0","153"
"112:153:ORIGIN_MARK:paldea","112","Rhydon","Estándar","Paldea","ORIGIN_MARK","1","153"
"112:153:ORIGIN_MARK:legends-z-a","112","Rhydon","Estándar","Legends: Z-A","ORIGIN_MARK","0","153"
"112:153:DREAM_BALL:dream-ball-v","112","Rhydon","Estándar","Dream Ball (V)","DREAM_BALL","0","153"
"112:153:COLO_XD:colo-xd","112","Rhydon","Estándar","Colo/XD","COLO_XD","0","153"
"113:154:ORIGIN_MARK:consola-virtual","113","Chansey","Estándar","Consola Virtual","ORIGIN_MARK","1","154"
"113:154:ORIGIN_MARK:sin-marca-gen-3-5","113","Chansey","Estándar","Sin marca (Gen 3-5)","ORIGIN_MARK","1","154"
"113:154:ORIGIN_MARK:kalos","113","Chansey","Estándar","Kalos","ORIGIN_MARK","1","154"
"113:154:ORIGIN_MARK:alola","113","Chansey","Estándar","Alola","ORIGIN_MARK","1","154"
"113:154:ORIGIN_MARK:pokemon-go","113","Chansey","Estándar","Pokémon GO","ORIGIN_MARK","1","154"
"113:154:ORIGIN_MARK:let-s-go","113","Chansey","Estándar","Let's Go","ORIGIN_MARK","1","154"
"113:154:ORIGIN_MARK:galar","113","Chansey","Estándar","Galar","ORIGIN_MARK","1","154"
"113:154:ORIGIN_MARK:sinnoh-bdsp","113","Chansey","Estándar","Sinnoh (BDSP)","ORIGIN_MARK","0","154"
"113:154:ORIGIN_MARK:hisui-legends-arceus","113","Chansey","Estándar","Hisui (Legends: Arceus)","ORIGIN_MARK","0","154"
"113:154:ORIGIN_MARK:paldea","113","Chansey","Estándar","Paldea","ORIGIN_MARK","1","154"
"113:154:ORIGIN_MARK:legends-z-a","113","Chansey","Estándar","Legends: Z-A","ORIGIN_MARK","0","154"
"113:154:DREAM_BALL:dream-ball-v","113","Chansey","Estándar","Dream Ball (V)","DREAM_BALL","0","154"
"113:154:COLO_XD:colo-xd","113","Chansey","Estándar","Colo/XD","COLO_XD","0","154"
"114:155:ORIGIN_MARK:consola-virtual","114","Tangela","Estándar","Consola Virtual","ORIGIN_MARK","1","155"
"114:155:ORIGIN_MARK:sin-marca-gen-3-5","114","Tangela","Estándar","Sin marca (Gen 3-5)","ORIGIN_MARK","1","155"
"114:155:ORIGIN_MARK:kalos","114","Tangela","Estándar","Kalos","ORIGIN_MARK","1","155"
"114:155:ORIGIN_MARK:alola","114","Tangela","Estándar","Alola","ORIGIN_MARK","1","155"
"114:155:ORIGIN_MARK:pokemon-go","114","Tangela","Estándar","Pokémon GO","ORIGIN_MARK","0","155"
"114:155:ORIGIN_MARK:let-s-go","114","Tangela","Estándar","Let's Go","ORIGIN_MARK","1","155"
"114:155:ORIGIN_MARK:galar","114","Tangela","Estándar","Galar","ORIGIN_MARK","1","155"
"114:155:ORIGIN_MARK:sinnoh-bdsp","114","Tangela","Estándar","Sinnoh (BDSP)","ORIGIN_MARK","0","155"
"114:155:ORIGIN_MARK:hisui-legends-arceus","114","Tangela","Estándar","Hisui (Legends: Arceus)","ORIGIN_MARK","0","155"
"114:155:ORIGIN_MARK:legends-z-a","114","Tangela","Estándar","Legends: Z-A","ORIGIN_MARK","0","155"
"114:155:DREAM_BALL:dream-ball-v","114","Tangela","Estándar","Dream Ball (V)","DREAM_BALL","0","155"
"114:155:COLO_XD:colo-xd","114","Tangela","Estándar","Colo/XD","COLO_XD","0","155"
"115:156:ORIGIN_MARK:consola-virtual","115","Kangaskhan","Estándar","Consola Virtual","ORIGIN_MARK","1","156"
"115:156:ORIGIN_MARK:sin-marca-gen-3-5","115","Kangaskhan","Estándar","Sin marca (Gen 3-5)","ORIGIN_MARK","1","156"
"115:156:ORIGIN_MARK:kalos","115","Kangaskhan","Estándar","Kalos","ORIGIN_MARK","1","156"
"115:156:ORIGIN_MARK:alola","115","Kangaskhan","Estándar","Alola","ORIGIN_MARK","1","156"
"115:156:ORIGIN_MARK:pokemon-go","115","Kangaskhan","Estándar","Pokémon GO","ORIGIN_MARK","0","156"
"115:156:ORIGIN_MARK:let-s-go","115","Kangaskhan","Estándar","Let's Go","ORIGIN_MARK","1","156"
"115:156:ORIGIN_MARK:galar","115","Kangaskhan","Estándar","Galar","ORIGIN_MARK","1","156"
"115:156:ORIGIN_MARK:sinnoh-bdsp","115","Kangaskhan","Estándar","Sinnoh (BDSP)","ORIGIN_MARK","0","156"
"115:156:ORIGIN_MARK:legends-z-a","115","Kangaskhan","Estándar","Legends: Z-A","ORIGIN_MARK","0","156"
"115:156:DREAM_BALL:dream-ball-v","115","Kangaskhan","Estándar","Dream Ball (V)","DREAM_BALL","0","156"
"115:156:COLO_XD:colo-xd","115","Kangaskhan","Estándar","Colo/XD","COLO_XD","0","156"
"116:157:ORIGIN_MARK:consola-virtual","116","Horsea","Estándar","Consola Virtual","ORIGIN_MARK","1","157"
"116:157:ORIGIN_MARK:sin-marca-gen-3-5","116","Horsea","Estándar","Sin marca (Gen 3-5)","ORIGIN_MARK","1","157"
"116:157:ORIGIN_MARK:kalos","116","Horsea","Estándar","Kalos","ORIGIN_MARK","1","157"
"116:157:ORIGIN_MARK:alola","116","Horsea","Estándar","Alola","ORIGIN_MARK","1","157"
"116:157:ORIGIN_MARK:pokemon-go","116","Horsea","Estándar","Pokémon GO","ORIGIN_MARK","0","157"
"116:157:ORIGIN_MARK:let-s-go","116","Horsea","Estándar","Let's Go","ORIGIN_MARK","1","157"
"116:157:ORIGIN_MARK:galar","116","Horsea","Estándar","Galar","ORIGIN_MARK","1","157"
"116:157:ORIGIN_MARK:sinnoh-bdsp","116","Horsea","Estándar","Sinnoh (BDSP)","ORIGIN_MARK","0","157"
"116:157:ORIGIN_MARK:paldea","116","Horsea","Estándar","Paldea","ORIGIN_MARK","1","157"
"116:157:ORIGIN_MARK:legends-z-a","116","Horsea","Estándar","Legends: Z-A","ORIGIN_MARK","0","157"
"116:157:DREAM_BALL:dream-ball-v","116","Horsea","Estándar","Dream Ball (V)","DREAM_BALL","0","157"
"117:158:ORIGIN_MARK:consola-virtual","117","Seadra","Estándar","Consola Virtual","ORIGIN_MARK","1","158"
"117:158:ORIGIN_MARK:sin-marca-gen-3-5","117","Seadra","Estándar","Sin marca (Gen 3-5)","ORIGIN_MARK","1","158"
"117:158:ORIGIN_MARK:kalos","117","Seadra","Estándar","Kalos","ORIGIN_MARK","1","158"
"117:158:ORIGIN_MARK:alola","117","Seadra","Estándar","Alola","ORIGIN_MARK","1","158"
"117:158:ORIGIN_MARK:pokemon-go","117","Seadra","Estándar","Pokémon GO","ORIGIN_MARK","0","158"
"117:158:ORIGIN_MARK:let-s-go","117","Seadra","Estándar","Let's Go","ORIGIN_MARK","1","158"
"117:158:ORIGIN_MARK:galar","117","Seadra","Estándar","Galar","ORIGIN_MARK","1","158"
"117:158:ORIGIN_MARK:sinnoh-bdsp","117","Seadra","Estándar","Sinnoh (BDSP)","ORIGIN_MARK","0","158"
"117:158:ORIGIN_MARK:paldea","117","Seadra","Estándar","Paldea","ORIGIN_MARK","1","158"
"117:158:ORIGIN_MARK:legends-z-a","117","Seadra","Estándar","Legends: Z-A","ORIGIN_MARK","0","158"
"117:158:DREAM_BALL:dream-ball-v","117","Seadra","Estándar","Dream Ball (V)","DREAM_BALL","0","158"
"118:159:ORIGIN_MARK:consola-virtual","118","Goldeen","Estándar","Consola Virtual","ORIGIN_MARK","1","159"
"118:159:ORIGIN_MARK:sin-marca-gen-3-5","118","Goldeen","Estándar","Sin marca (Gen 3-5)","ORIGIN_MARK","1","159"
"118:159:ORIGIN_MARK:kalos","118","Goldeen","Estándar","Kalos","ORIGIN_MARK","1","159"
"118:159:ORIGIN_MARK:alola","118","Goldeen","Estándar","Alola","ORIGIN_MARK","1","159"
"118:159:ORIGIN_MARK:pokemon-go","118","Goldeen","Estándar","Pokémon GO","ORIGIN_MARK","0","159"
"118:159:ORIGIN_MARK:let-s-go","118","Goldeen","Estándar","Let's Go","ORIGIN_MARK","1","159"
"118:159:ORIGIN_MARK:galar","118","Goldeen","Estándar","Galar","ORIGIN_MARK","1","159"
"118:159:ORIGIN_MARK:sinnoh-bdsp","118","Goldeen","Estándar","Sinnoh (BDSP)","ORIGIN_MARK","0","159"
"118:159:ORIGIN_MARK:legends-z-a","118","Goldeen","Estándar","Legends: Z-A","ORIGIN_MARK","0","159"
"118:159:DREAM_BALL:dream-ball-v","118","Goldeen","Estándar","Dream Ball (V)","DREAM_BALL","0","159"
"119:160:ORIGIN_MARK:consola-virtual","119","Seaking","Estándar","Consola Virtual","ORIGIN_MARK","1","160"
"119:160:ORIGIN_MARK:sin-marca-gen-3-5","119","Seaking","Estándar","Sin marca (Gen 3-5)","ORIGIN_MARK","1","160"
"119:160:ORIGIN_MARK:kalos","119","Seaking","Estándar","Kalos","ORIGIN_MARK","1","160"
"119:160:ORIGIN_MARK:alola","119","Seaking","Estándar","Alola","ORIGIN_MARK","1","160"
"119:160:ORIGIN_MARK:pokemon-go","119","Seaking","Estándar","Pokémon GO","ORIGIN_MARK","0","160"
"119:160:ORIGIN_MARK:let-s-go","119","Seaking","Estándar","Let's Go","ORIGIN_MARK","1","160"
"119:160:ORIGIN_MARK:galar","119","Seaking","Estándar","Galar","ORIGIN_MARK","1","160"
"119:160:ORIGIN_MARK:sinnoh-bdsp","119","Seaking","Estándar","Sinnoh (BDSP)","ORIGIN_MARK","0","160"
"119:160:ORIGIN_MARK:legends-z-a","119","Seaking","Estándar","Legends: Z-A","ORIGIN_MARK","0","160"
"119:160:DREAM_BALL:dream-ball-v","119","Seaking","Estándar","Dream Ball (V)","DREAM_BALL","0","160"
"120:161:ORIGIN_MARK:consola-virtual","120","Staryu","Estándar","Consola Virtual","ORIGIN_MARK","1","161"
"120:161:ORIGIN_MARK:sin-marca-gen-3-5","120","Staryu","Estándar","Sin marca (Gen 3-5)","ORIGIN_MARK","1","161"
"120:161:ORIGIN_MARK:kalos","120","Staryu","Estándar","Kalos","ORIGIN_MARK","1","161"
"120:161:ORIGIN_MARK:alola","120","Staryu","Estándar","Alola","ORIGIN_MARK","1","161"
"120:161:ORIGIN_MARK:pokemon-go","120","Staryu","Estándar","Pokémon GO","ORIGIN_MARK","0","161"
"120:161:ORIGIN_MARK:let-s-go","120","Staryu","Estándar","Let's Go","ORIGIN_MARK","1","161"
"120:161:ORIGIN_MARK:galar","120","Staryu","Estándar","Galar","ORIGIN_MARK","1","161"
"120:161:ORIGIN_MARK:sinnoh-bdsp","120","Staryu","Estándar","Sinnoh (BDSP)","ORIGIN_MARK","0","161"
"120:161:ORIGIN_MARK:legends-z-a","120","Staryu","Estándar","Legends: Z-A","ORIGIN_MARK","0","161"
"120:161:DREAM_BALL:dream-ball-v","120","Staryu","Estándar","Dream Ball (V)","DREAM_BALL","0","161"
"121:162:ORIGIN_MARK:consola-virtual","121","Starmie","Estándar","Consola Virtual","ORIGIN_MARK","1","162"
"121:162:ORIGIN_MARK:sin-marca-gen-3-5","121","Starmie","Estándar","Sin marca (Gen 3-5)","ORIGIN_MARK","1","162"
"121:162:ORIGIN_MARK:kalos","121","Starmie","Estándar","Kalos","ORIGIN_MARK","1","162"
"121:162:ORIGIN_MARK:alola","121","Starmie","Estándar","Alola","ORIGIN_MARK","1","162"
"121:162:ORIGIN_MARK:pokemon-go","121","Starmie","Estándar","Pokémon GO","ORIGIN_MARK","0","162"
"121:162:ORIGIN_MARK:let-s-go","121","Starmie","Estándar","Let's Go","ORIGIN_MARK","1","162"
"121:162:ORIGIN_MARK:galar","121","Starmie","Estándar","Galar","ORIGIN_MARK","1","162"
"121:162:ORIGIN_MARK:sinnoh-bdsp","121","Starmie","Estándar","Sinnoh (BDSP)","ORIGIN_MARK","0","162"
"121:162:ORIGIN_MARK:legends-z-a","121","Starmie","Estándar","Legends: Z-A","ORIGIN_MARK","0","162"
"121:162:DREAM_BALL:dream-ball-v","121","Starmie","Estándar","Dream Ball (V)","DREAM_BALL","0","162"
"121:162:COLO_XD:colo-xd","121","Starmie","Estándar","Colo/XD","COLO_XD","0","162"
"122:163:ORIGIN_MARK:consola-virtual","122","Mr. Mime","Estándar","Consola Virtual","ORIGIN_MARK","1","163"
"122:163:ORIGIN_MARK:sin-marca-gen-3-5","122","Mr. Mime","Estándar","Sin marca (Gen 3-5)","ORIGIN_MARK","1","163"
"122:163:ORIGIN_MARK:kalos","122","Mr. Mime","Estándar","Kalos","ORIGIN_MARK","1","163"
"122:163:ORIGIN_MARK:alola","122","Mr. Mime","Estándar","Alola","ORIGIN_MARK","1","163"
"122:163:ORIGIN_MARK:pokemon-go","122","Mr. Mime","Estándar","Pokémon GO","ORIGIN_MARK","0","163"
"122:163:ORIGIN_MARK:let-s-go","122","Mr. Mime","Estándar","Let's Go","ORIGIN_MARK","1","163"
"122:163:ORIGIN_MARK:galar","122","Mr. Mime","Estándar","Galar","ORIGIN_MARK","0","163"
"122:163:ORIGIN_MARK:sinnoh-bdsp","122","Mr. Mime","Estándar","Sinnoh (BDSP)","ORIGIN_MARK","0","163"
"122:163:ORIGIN_MARK:hisui-legends-arceus","122","Mr. Mime","Estándar","Hisui (Legends: Arceus)","ORIGIN_MARK","0","163"
"122:163:ORIGIN_MARK:legends-z-a","122","Mr. Mime","Estándar","Legends: Z-A","ORIGIN_MARK","0","163"
"122:163:DREAM_BALL:dream-ball-v","122","Mr. Mime","Estándar","Dream Ball (V)","DREAM_BALL","0","163"
"122:163:COLO_XD:colo-xd","122","Mr. Mime","Estándar","Colo/XD","COLO_XD","0","163"
"122:164:ORIGIN_MARK:sin-marca-gen-3-5","122","Mr. Mime galar","galar","Sin marca (Gen 3-5)","ORIGIN_MARK","1","164"
"122:164:ORIGIN_MARK:kalos","122","Mr. Mime galar","galar","Kalos","ORIGIN_MARK","1","164"
"122:164:ORIGIN_MARK:alola","122","Mr. Mime galar","galar","Alola","ORIGIN_MARK","1","164"
"122:164:ORIGIN_MARK:pokemon-go","122","Mr. Mime galar","galar","Pokémon GO","ORIGIN_MARK","0","164"
"122:164:ORIGIN_MARK:galar","122","Mr. Mime galar","galar","Galar","ORIGIN_MARK","1","164"
"122:164:ORIGIN_MARK:sinnoh-bdsp","122","Mr. Mime galar","galar","Sinnoh (BDSP)","ORIGIN_MARK","0","164"
"122:164:ORIGIN_MARK:legends-z-a","122","Mr. Mime galar","galar","Legends: Z-A","ORIGIN_MARK","0","164"
"122:164:DREAM_BALL:dream-ball-v","122","Mr. Mime galar","galar","Dream Ball (V)","DREAM_BALL","0","164"
"123:165:ORIGIN_MARK:consola-virtual","123","Scyther","Estándar","Consola Virtual","ORIGIN_MARK","1","165"
"123:165:ORIGIN_MARK:sin-marca-gen-3-5","123","Scyther","Estándar","Sin marca (Gen 3-5)","ORIGIN_MARK","1","165"
"123:165:ORIGIN_MARK:kalos","123","Scyther","Estándar","Kalos","ORIGIN_MARK","1","165"
"123:165:ORIGIN_MARK:alola","123","Scyther","Estándar","Alola","ORIGIN_MARK","1","165"
"123:165:ORIGIN_MARK:pokemon-go","123","Scyther","Estándar","Pokémon GO","ORIGIN_MARK","0","165"
"123:165:ORIGIN_MARK:let-s-go","123","Scyther","Estándar","Let's Go","ORIGIN_MARK","1","165"
"123:165:ORIGIN_MARK:galar","123","Scyther","Estándar","Galar","ORIGIN_MARK","1","165"
"123:165:ORIGIN_MARK:sinnoh-bdsp","123","Scyther","Estándar","Sinnoh (BDSP)","ORIGIN_MARK","0","165"
"123:165:ORIGIN_MARK:hisui-legends-arceus","123","Scyther","Estándar","Hisui (Legends: Arceus)","ORIGIN_MARK","0","165"
"123:165:ORIGIN_MARK:paldea","123","Scyther","Estándar","Paldea","ORIGIN_MARK","1","165"
"123:165:ORIGIN_MARK:legends-z-a","123","Scyther","Estándar","Legends: Z-A","ORIGIN_MARK","0","165"
"123:165:DREAM_BALL:dream-ball-v","123","Scyther","Estándar","Dream Ball (V)","DREAM_BALL","0","165"
"123:165:COLO_XD:colo-xd","123","Scyther","Estándar","Colo/XD","COLO_XD","0","165"
"124:166:ORIGIN_MARK:consola-virtual","124","Jynx","Estándar","Consola Virtual","ORIGIN_MARK","1","166"
"124:166:ORIGIN_MARK:sin-marca-gen-3-5","124","Jynx","Estándar","Sin marca (Gen 3-5)","ORIGIN_MARK","1","166"
"124:166:ORIGIN_MARK:kalos","124","Jynx","Estándar","Kalos","ORIGIN_MARK","1","166"
"124:166:ORIGIN_MARK:alola","124","Jynx","Estándar","Alola","ORIGIN_MARK","1","166"
"124:166:ORIGIN_MARK:pokemon-go","124","Jynx","Estándar","Pokémon GO","ORIGIN_MARK","0","166"
"124:166:ORIGIN_MARK:let-s-go","124","Jynx","Estándar","Let's Go","ORIGIN_MARK","1","166"
"124:166:ORIGIN_MARK:galar","124","Jynx","Estándar","Galar","ORIGIN_MARK","1","166"
"124:166:ORIGIN_MARK:sinnoh-bdsp","124","Jynx","Estándar","Sinnoh (BDSP)","ORIGIN_MARK","0","166"
"124:166:ORIGIN_MARK:legends-z-a","124","Jynx","Estándar","Legends: Z-A","ORIGIN_MARK","0","166"
"124:166:DREAM_BALL:dream-ball-v","124","Jynx","Estándar","Dream Ball (V)","DREAM_BALL","0","166"
"125:167:ORIGIN_MARK:consola-virtual","125","Electabuzz","Estándar","Consola Virtual","ORIGIN_MARK","1","167"
"125:167:ORIGIN_MARK:sin-marca-gen-3-5","125","Electabuzz","Estándar","Sin marca (Gen 3-5)","ORIGIN_MARK","1","167"
"125:167:ORIGIN_MARK:kalos","125","Electabuzz","Estándar","Kalos","ORIGIN_MARK","1","167"
"125:167:ORIGIN_MARK:alola","125","Electabuzz","Estándar","Alola","ORIGIN_MARK","1","167"
"125:167:ORIGIN_MARK:pokemon-go","125","Electabuzz","Estándar","Pokémon GO","ORIGIN_MARK","0","167"
"125:167:ORIGIN_MARK:let-s-go","125","Electabuzz","Estándar","Let's Go","ORIGIN_MARK","1","167"
"125:167:ORIGIN_MARK:galar","125","Electabuzz","Estándar","Galar","ORIGIN_MARK","1","167"
"125:167:ORIGIN_MARK:sinnoh-bdsp","125","Electabuzz","Estándar","Sinnoh (BDSP)","ORIGIN_MARK","0","167"
"125:167:ORIGIN_MARK:hisui-legends-arceus","125","Electabuzz","Estándar","Hisui (Legends: Arceus)","ORIGIN_MARK","0","167"
"125:167:ORIGIN_MARK:paldea","125","Electabuzz","Estándar","Paldea","ORIGIN_MARK","1","167"
"125:167:ORIGIN_MARK:legends-z-a","125","Electabuzz","Estándar","Legends: Z-A","ORIGIN_MARK","0","167"
"125:167:DREAM_BALL:dream-ball-v","125","Electabuzz","Estándar","Dream Ball (V)","DREAM_BALL","0","167"
"125:167:COLO_XD:colo-xd","125","Electabuzz","Estándar","Colo/XD","COLO_XD","0","167"
"126:168:ORIGIN_MARK:consola-virtual","126","Magmar","Estándar","Consola Virtual","ORIGIN_MARK","1","168"
"126:168:ORIGIN_MARK:sin-marca-gen-3-5","126","Magmar","Estándar","Sin marca (Gen 3-5)","ORIGIN_MARK","1","168"
"126:168:ORIGIN_MARK:kalos","126","Magmar","Estándar","Kalos","ORIGIN_MARK","1","168"
"126:168:ORIGIN_MARK:alola","126","Magmar","Estándar","Alola","ORIGIN_MARK","1","168"
"126:168:ORIGIN_MARK:pokemon-go","126","Magmar","Estándar","Pokémon GO","ORIGIN_MARK","0","168"
"126:168:ORIGIN_MARK:let-s-go","126","Magmar","Estándar","Let's Go","ORIGIN_MARK","1","168"
"126:168:ORIGIN_MARK:galar","126","Magmar","Estándar","Galar","ORIGIN_MARK","1","168"
"126:168:ORIGIN_MARK:sinnoh-bdsp","126","Magmar","Estándar","Sinnoh (BDSP)","ORIGIN_MARK","0","168"
"126:168:ORIGIN_MARK:hisui-legends-arceus","126","Magmar","Estándar","Hisui (Legends: Arceus)","ORIGIN_MARK","0","168"
"126:168:ORIGIN_MARK:paldea","126","Magmar","Estándar","Paldea","ORIGIN_MARK","1","168"
"126:168:ORIGIN_MARK:legends-z-a","126","Magmar","Estándar","Legends: Z-A","ORIGIN_MARK","0","168"
"126:168:DREAM_BALL:dream-ball-v","126","Magmar","Estándar","Dream Ball (V)","DREAM_BALL","0","168"
"126:168:COLO_XD:colo-xd","126","Magmar","Estándar","Colo/XD","COLO_XD","0","168"
"127:169:ORIGIN_MARK:consola-virtual","127","Pinsir","Estándar","Consola Virtual","ORIGIN_MARK","1","169"
"127:169:ORIGIN_MARK:sin-marca-gen-3-5","127","Pinsir","Estándar","Sin marca (Gen 3-5)","ORIGIN_MARK","1","169"
"127:169:ORIGIN_MARK:kalos","127","Pinsir","Estándar","Kalos","ORIGIN_MARK","1","169"
"127:169:ORIGIN_MARK:alola","127","Pinsir","Estándar","Alola","ORIGIN_MARK","1","169"
"127:169:ORIGIN_MARK:pokemon-go","127","Pinsir","Estándar","Pokémon GO","ORIGIN_MARK","0","169"
"127:169:ORIGIN_MARK:let-s-go","127","Pinsir","Estándar","Let's Go","ORIGIN_MARK","1","169"
"127:169:ORIGIN_MARK:galar","127","Pinsir","Estándar","Galar","ORIGIN_MARK","1","169"
"127:169:ORIGIN_MARK:sinnoh-bdsp","127","Pinsir","Estándar","Sinnoh (BDSP)","ORIGIN_MARK","0","169"
"127:169:ORIGIN_MARK:legends-z-a","127","Pinsir","Estándar","Legends: Z-A","ORIGIN_MARK","0","169"
"127:169:DREAM_BALL:dream-ball-v","127","Pinsir","Estándar","Dream Ball (V)","DREAM_BALL","0","169"
"127:169:COLO_XD:colo-xd","127","Pinsir","Estándar","Colo/XD","COLO_XD","0","169"
"128:170:ORIGIN_MARK:consola-virtual","128","Tauros","Estándar","Consola Virtual","ORIGIN_MARK","1","170"
"128:170:ORIGIN_MARK:sin-marca-gen-3-5","128","Tauros","Estándar","Sin marca (Gen 3-5)","ORIGIN_MARK","1","170"
"128:170:ORIGIN_MARK:kalos","128","Tauros","Estándar","Kalos","ORIGIN_MARK","1","170"
"128:170:ORIGIN_MARK:alola","128","Tauros","Estándar","Alola","ORIGIN_MARK","1","170"
"128:170:ORIGIN_MARK:pokemon-go","128","Tauros","Estándar","Pokémon GO","ORIGIN_MARK","0","170"
"128:170:ORIGIN_MARK:let-s-go","128","Tauros","Estándar","Let's Go","ORIGIN_MARK","1","170"
"128:170:ORIGIN_MARK:galar","128","Tauros","Estándar","Galar","ORIGIN_MARK","1","170"
"128:170:ORIGIN_MARK:sinnoh-bdsp","128","Tauros","Estándar","Sinnoh (BDSP)","ORIGIN_MARK","0","170"
"128:170:ORIGIN_MARK:paldea","128","Tauros","Estándar","Paldea","ORIGIN_MARK","1","170"
"128:170:ORIGIN_MARK:legends-z-a","128","Tauros","Estándar","Legends: Z-A","ORIGIN_MARK","0","170"
"128:170:DREAM_BALL:dream-ball-v","128","Tauros","Estándar","Dream Ball (V)","DREAM_BALL","0","170"
"128:170:COLO_XD:colo-xd","128","Tauros","Estándar","Colo/XD","COLO_XD","0","170"
"128:171:ORIGIN_MARK:paldea","128","Tauros  combat","combat","Paldea","ORIGIN_MARK","1","171"
"128:172:ORIGIN_MARK:paldea","128","Tauros blaze","blaze","Paldea","ORIGIN_MARK","1","172"
"128:173:ORIGIN_MARK:paldea","128","Tauros aqua","aqua","Paldea","ORIGIN_MARK","1","173"
"129:174:ORIGIN_MARK:consola-virtual","129","Magikarp","Estándar","Consola Virtual","ORIGIN_MARK","1","174"
"129:174:ORIGIN_MARK:sin-marca-gen-3-5","129","Magikarp","Estándar","Sin marca (Gen 3-5)","ORIGIN_MARK","1","174"
"129:174:ORIGIN_MARK:kalos","129","Magikarp","Estándar","Kalos","ORIGIN_MARK","1","174"
"129:174:ORIGIN_MARK:alola","129","Magikarp","Estándar","Alola","ORIGIN_MARK","1","174"
"129:174:ORIGIN_MARK:pokemon-go","129","Magikarp","Estándar","Pokémon GO","ORIGIN_MARK","0","174"
"129:174:ORIGIN_MARK:let-s-go","129","Magikarp","Estándar","Let's Go","ORIGIN_MARK","1","174"
"129:174:ORIGIN_MARK:galar","129","Magikarp","Estándar","Galar","ORIGIN_MARK","1","174"
"129:174:ORIGIN_MARK:sinnoh-bdsp","129","Magikarp","Estándar","Sinnoh (BDSP)","ORIGIN_MARK","0","174"
"129:174:ORIGIN_MARK:hisui-legends-arceus","129","Magikarp","Estándar","Hisui (Legends: Arceus)","ORIGIN_MARK","0","174"
"129:174:ORIGIN_MARK:paldea","129","Magikarp","Estándar","Paldea","ORIGIN_MARK","1","174"
"129:174:ORIGIN_MARK:legends-z-a","129","Magikarp","Estándar","Legends: Z-A","ORIGIN_MARK","0","174"
"129:174:DREAM_BALL:dream-ball-v","129","Magikarp","Estándar","Dream Ball (V)","DREAM_BALL","0","174"
"130:175:ORIGIN_MARK:consola-virtual","130","Gyarados","Estándar","Consola Virtual","ORIGIN_MARK","1","175"
"130:175:ORIGIN_MARK:sin-marca-gen-3-5","130","Gyarados","Estándar","Sin marca (Gen 3-5)","ORIGIN_MARK","1","175"
"130:175:ORIGIN_MARK:kalos","130","Gyarados","Estándar","Kalos","ORIGIN_MARK","1","175"
"130:175:ORIGIN_MARK:alola","130","Gyarados","Estándar","Alola","ORIGIN_MARK","1","175"
"130:175:ORIGIN_MARK:pokemon-go","130","Gyarados","Estándar","Pokémon GO","ORIGIN_MARK","0","175"
"130:175:ORIGIN_MARK:let-s-go","130","Gyarados","Estándar","Let's Go","ORIGIN_MARK","1","175"
"130:175:ORIGIN_MARK:galar","130","Gyarados","Estándar","Galar","ORIGIN_MARK","1","175"
"130:175:ORIGIN_MARK:sinnoh-bdsp","130","Gyarados","Estándar","Sinnoh (BDSP)","ORIGIN_MARK","0","175"
"130:175:ORIGIN_MARK:hisui-legends-arceus","130","Gyarados","Estándar","Hisui (Legends: Arceus)","ORIGIN_MARK","0","175"
"130:175:ORIGIN_MARK:paldea","130","Gyarados","Estándar","Paldea","ORIGIN_MARK","1","175"
"130:175:ORIGIN_MARK:legends-z-a","130","Gyarados","Estándar","Legends: Z-A","ORIGIN_MARK","0","175"
"130:175:DREAM_BALL:dream-ball-v","130","Gyarados","Estándar","Dream Ball (V)","DREAM_BALL","0","175"
"131:176:ORIGIN_MARK:consola-virtual","131","Lapras","Estándar","Consola Virtual","ORIGIN_MARK","1","176"
"131:176:ORIGIN_MARK:sin-marca-gen-3-5","131","Lapras","Estándar","Sin marca (Gen 3-5)","ORIGIN_MARK","1","176"
"131:176:ORIGIN_MARK:kalos","131","Lapras","Estándar","Kalos","ORIGIN_MARK","1","176"
"131:176:ORIGIN_MARK:alola","131","Lapras","Estándar","Alola","ORIGIN_MARK","1","176"
"131:176:ORIGIN_MARK:pokemon-go","131","Lapras","Estándar","Pokémon GO","ORIGIN_MARK","0","176"
"131:176:ORIGIN_MARK:let-s-go","131","Lapras","Estándar","Let's Go","ORIGIN_MARK","1","176"
"131:176:ORIGIN_MARK:galar","131","Lapras","Estándar","Galar","ORIGIN_MARK","1","176"
"131:176:ORIGIN_MARK:sinnoh-bdsp","131","Lapras","Estándar","Sinnoh (BDSP)","ORIGIN_MARK","0","176"
"131:176:ORIGIN_MARK:paldea","131","Lapras","Estándar","Paldea","ORIGIN_MARK","1","176"
"131:176:ORIGIN_MARK:legends-z-a","131","Lapras","Estándar","Legends: Z-A","ORIGIN_MARK","0","176"
"131:176:DREAM_BALL:dream-ball-v","131","Lapras","Estándar","Dream Ball (V)","DREAM_BALL","0","176"
"131:176:COLO_XD:colo-xd","131","Lapras","Estándar","Colo/XD","COLO_XD","0","176"
"132:177:ORIGIN_MARK:consola-virtual","132","Ditto","Estándar","Consola Virtual","ORIGIN_MARK","1","177"
"132:177:ORIGIN_MARK:sin-marca-gen-3-5","132","Ditto","Estándar","Sin marca (Gen 3-5)","ORIGIN_MARK","1","177"
"132:177:ORIGIN_MARK:kalos","132","Ditto","Estándar","Kalos","ORIGIN_MARK","1","177"
"132:177:ORIGIN_MARK:alola","132","Ditto","Estándar","Alola","ORIGIN_MARK","1","177"
"132:177:ORIGIN_MARK:pokemon-go","132","Ditto","Estándar","Pokémon GO","ORIGIN_MARK","1","177"
"132:177:ORIGIN_MARK:let-s-go","132","Ditto","Estándar","Let's Go","ORIGIN_MARK","1","177"
"132:177:ORIGIN_MARK:galar","132","Ditto","Estándar","Galar","ORIGIN_MARK","1","177"
"132:177:ORIGIN_MARK:sinnoh-bdsp","132","Ditto","Estándar","Sinnoh (BDSP)","ORIGIN_MARK","0","177"
"132:177:ORIGIN_MARK:paldea","132","Ditto","Estándar","Paldea","ORIGIN_MARK","1","177"
"133:178:ORIGIN_MARK:consola-virtual","133","Eevee","Estándar","Consola Virtual","ORIGIN_MARK","1","178"
"133:178:ORIGIN_MARK:sin-marca-gen-3-5","133","Eevee","Estándar","Sin marca (Gen 3-5)","ORIGIN_MARK","1","178"
"133:178:ORIGIN_MARK:kalos","133","Eevee","Estándar","Kalos","ORIGIN_MARK","1","178"
"133:178:ORIGIN_MARK:alola","133","Eevee","Estándar","Alola","ORIGIN_MARK","1","178"
"133:178:ORIGIN_MARK:pokemon-go","133","Eevee","Estándar","Pokémon GO","ORIGIN_MARK","0","178"
"133:178:ORIGIN_MARK:let-s-go","133","Eevee","Estándar","Let's Go","ORIGIN_MARK","1","178"
"133:178:ORIGIN_MARK:galar","133","Eevee","Estándar","Galar","ORIGIN_MARK","1","178"
"133:178:ORIGIN_MARK:sinnoh-bdsp","133","Eevee","Estándar","Sinnoh (BDSP)","ORIGIN_MARK","0","178"
"133:178:ORIGIN_MARK:hisui-legends-arceus","133","Eevee","Estándar","Hisui (Legends: Arceus)","ORIGIN_MARK","0","178"
"133:178:ORIGIN_MARK:paldea","133","Eevee","Estándar","Paldea","ORIGIN_MARK","1","178"
"133:178:ORIGIN_MARK:legends-z-a","133","Eevee","Estándar","Legends: Z-A","ORIGIN_MARK","0","178"
"133:178:DREAM_BALL:dream-ball-v","133","Eevee","Estándar","Dream Ball (V)","DREAM_BALL","1","178"
"133:178:COLO_XD:colo-xd","133","Eevee","Estándar","Colo/XD","COLO_XD","0","178"
"134:179:ORIGIN_MARK:consola-virtual","134","Vaporeon","Estándar","Consola Virtual","ORIGIN_MARK","1","179"
"134:179:ORIGIN_MARK:sin-marca-gen-3-5","134","Vaporeon","Estándar","Sin marca (Gen 3-5)","ORIGIN_MARK","1","179"
"134:179:ORIGIN_MARK:kalos","134","Vaporeon","Estándar","Kalos","ORIGIN_MARK","1","179"
"134:179:ORIGIN_MARK:alola","134","Vaporeon","Estándar","Alola","ORIGIN_MARK","1","179"
"134:179:ORIGIN_MARK:pokemon-go","134","Vaporeon","Estándar","Pokémon GO","ORIGIN_MARK","0","179"
"134:179:ORIGIN_MARK:let-s-go","134","Vaporeon","Estándar","Let's Go","ORIGIN_MARK","1","179"
"134:179:ORIGIN_MARK:galar","134","Vaporeon","Estándar","Galar","ORIGIN_MARK","1","179"
"134:179:ORIGIN_MARK:sinnoh-bdsp","134","Vaporeon","Estándar","Sinnoh (BDSP)","ORIGIN_MARK","0","179"
"134:179:ORIGIN_MARK:hisui-legends-arceus","134","Vaporeon","Estándar","Hisui (Legends: Arceus)","ORIGIN_MARK","0","179"
"134:179:ORIGIN_MARK:paldea","134","Vaporeon","Estándar","Paldea","ORIGIN_MARK","1","179"
"134:179:ORIGIN_MARK:legends-z-a","134","Vaporeon","Estándar","Legends: Z-A","ORIGIN_MARK","0","179"
"134:179:DREAM_BALL:dream-ball-v","134","Vaporeon","Estándar","Dream Ball (V)","DREAM_BALL","1","179"
"134:179:COLO_XD:colo-xd","134","Vaporeon","Estándar","Colo/XD","COLO_XD","0","179"
"135:180:ORIGIN_MARK:consola-virtual","135","Jolteon","Estándar","Consola Virtual","ORIGIN_MARK","1","180"
"135:180:ORIGIN_MARK:sin-marca-gen-3-5","135","Jolteon","Estándar","Sin marca (Gen 3-5)","ORIGIN_MARK","1","180"
"135:180:ORIGIN_MARK:kalos","135","Jolteon","Estándar","Kalos","ORIGIN_MARK","1","180"
"135:180:ORIGIN_MARK:alola","135","Jolteon","Estándar","Alola","ORIGIN_MARK","1","180"
"135:180:ORIGIN_MARK:pokemon-go","135","Jolteon","Estándar","Pokémon GO","ORIGIN_MARK","0","180"
"135:180:ORIGIN_MARK:let-s-go","135","Jolteon","Estándar","Let's Go","ORIGIN_MARK","1","180"
"135:180:ORIGIN_MARK:galar","135","Jolteon","Estándar","Galar","ORIGIN_MARK","1","180"
"135:180:ORIGIN_MARK:sinnoh-bdsp","135","Jolteon","Estándar","Sinnoh (BDSP)","ORIGIN_MARK","0","180"
"135:180:ORIGIN_MARK:hisui-legends-arceus","135","Jolteon","Estándar","Hisui (Legends: Arceus)","ORIGIN_MARK","0","180"
"135:180:ORIGIN_MARK:paldea","135","Jolteon","Estándar","Paldea","ORIGIN_MARK","1","180"
"135:180:ORIGIN_MARK:legends-z-a","135","Jolteon","Estándar","Legends: Z-A","ORIGIN_MARK","0","180"
"135:180:DREAM_BALL:dream-ball-v","135","Jolteon","Estándar","Dream Ball (V)","DREAM_BALL","1","180"
"135:180:COLO_XD:colo-xd","135","Jolteon","Estándar","Colo/XD","COLO_XD","0","180"
"136:181:ORIGIN_MARK:consola-virtual","136","Flareon","Estándar","Consola Virtual","ORIGIN_MARK","1","181"
"136:181:ORIGIN_MARK:sin-marca-gen-3-5","136","Flareon","Estándar","Sin marca (Gen 3-5)","ORIGIN_MARK","1","181"
"136:181:ORIGIN_MARK:kalos","136","Flareon","Estándar","Kalos","ORIGIN_MARK","1","181"
"136:181:ORIGIN_MARK:alola","136","Flareon","Estándar","Alola","ORIGIN_MARK","1","181"
"136:181:ORIGIN_MARK:pokemon-go","136","Flareon","Estándar","Pokémon GO","ORIGIN_MARK","0","181"
"136:181:ORIGIN_MARK:let-s-go","136","Flareon","Estándar","Let's Go","ORIGIN_MARK","1","181"
"136:181:ORIGIN_MARK:galar","136","Flareon","Estándar","Galar","ORIGIN_MARK","1","181"
"136:181:ORIGIN_MARK:sinnoh-bdsp","136","Flareon","Estándar","Sinnoh (BDSP)","ORIGIN_MARK","0","181"
"136:181:ORIGIN_MARK:hisui-legends-arceus","136","Flareon","Estándar","Hisui (Legends: Arceus)","ORIGIN_MARK","0","181"
"136:181:ORIGIN_MARK:paldea","136","Flareon","Estándar","Paldea","ORIGIN_MARK","1","181"
"136:181:ORIGIN_MARK:legends-z-a","136","Flareon","Estándar","Legends: Z-A","ORIGIN_MARK","0","181"
"136:181:DREAM_BALL:dream-ball-v","136","Flareon","Estándar","Dream Ball (V)","DREAM_BALL","1","181"
"136:181:COLO_XD:colo-xd","136","Flareon","Estándar","Colo/XD","COLO_XD","0","181"
"137:182:ORIGIN_MARK:consola-virtual","137","Porygon","Estándar","Consola Virtual","ORIGIN_MARK","1","182"
"137:182:ORIGIN_MARK:sin-marca-gen-3-5","137","Porygon","Estándar","Sin marca (Gen 3-5)","ORIGIN_MARK","1","182"
"137:182:ORIGIN_MARK:kalos","137","Porygon","Estándar","Kalos","ORIGIN_MARK","1","182"
"137:182:ORIGIN_MARK:alola","137","Porygon","Estándar","Alola","ORIGIN_MARK","1","182"
"137:182:ORIGIN_MARK:pokemon-go","137","Porygon","Estándar","Pokémon GO","ORIGIN_MARK","0","182"
"137:182:ORIGIN_MARK:let-s-go","137","Porygon","Estándar","Let's Go","ORIGIN_MARK","1","182"
"137:182:ORIGIN_MARK:galar","137","Porygon","Estándar","Galar","ORIGIN_MARK","1","182"
"137:182:ORIGIN_MARK:sinnoh-bdsp","137","Porygon","Estándar","Sinnoh (BDSP)","ORIGIN_MARK","0","182"
"137:182:ORIGIN_MARK:hisui-legends-arceus","137","Porygon","Estándar","Hisui (Legends: Arceus)","ORIGIN_MARK","0","182"
"137:182:ORIGIN_MARK:paldea","137","Porygon","Estándar","Paldea","ORIGIN_MARK","1","182"
"137:182:ORIGIN_MARK:legends-z-a","137","Porygon","Estándar","Legends: Z-A","ORIGIN_MARK","0","182"
"137:182:DREAM_BALL:dream-ball-v","137","Porygon","Estándar","Dream Ball (V)","DREAM_BALL","1","182"
"138:183:ORIGIN_MARK:consola-virtual","138","Omanyte","Estándar","Consola Virtual","ORIGIN_MARK","1","183"
"138:183:ORIGIN_MARK:sin-marca-gen-3-5","138","Omanyte","Estándar","Sin marca (Gen 3-5)","ORIGIN_MARK","1","183"
"138:183:ORIGIN_MARK:kalos","138","Omanyte","Estándar","Kalos","ORIGIN_MARK","1","183"
"138:183:ORIGIN_MARK:alola","138","Omanyte","Estándar","Alola","ORIGIN_MARK","1","183"
"138:183:ORIGIN_MARK:pokemon-go","138","Omanyte","Estándar","Pokémon GO","ORIGIN_MARK","0","183"
"138:183:ORIGIN_MARK:let-s-go","138","Omanyte","Estándar","Let's Go","ORIGIN_MARK","1","183"
"138:183:ORIGIN_MARK:galar","138","Omanyte","Estándar","Galar","ORIGIN_MARK","1","183"
"138:183:ORIGIN_MARK:sinnoh-bdsp","138","Omanyte","Estándar","Sinnoh (BDSP)","ORIGIN_MARK","0","183"
"138:183:ORIGIN_MARK:legends-z-a","138","Omanyte","Estándar","Legends: Z-A","ORIGIN_MARK","0","183"
"138:183:DREAM_BALL:dream-ball-v","138","Omanyte","Estándar","Dream Ball (V)","DREAM_BALL","0","183"
"139:184:ORIGIN_MARK:consola-virtual","139","Omastar","Estándar","Consola Virtual","ORIGIN_MARK","1","184"
"139:184:ORIGIN_MARK:sin-marca-gen-3-5","139","Omastar","Estándar","Sin marca (Gen 3-5)","ORIGIN_MARK","1","184"
"139:184:ORIGIN_MARK:kalos","139","Omastar","Estándar","Kalos","ORIGIN_MARK","1","184"
"139:184:ORIGIN_MARK:alola","139","Omastar","Estándar","Alola","ORIGIN_MARK","1","184"
"139:184:ORIGIN_MARK:pokemon-go","139","Omastar","Estándar","Pokémon GO","ORIGIN_MARK","0","184"
"139:184:ORIGIN_MARK:let-s-go","139","Omastar","Estándar","Let's Go","ORIGIN_MARK","1","184"
"139:184:ORIGIN_MARK:galar","139","Omastar","Estándar","Galar","ORIGIN_MARK","1","184"
"139:184:ORIGIN_MARK:sinnoh-bdsp","139","Omastar","Estándar","Sinnoh (BDSP)","ORIGIN_MARK","0","184"
"139:184:ORIGIN_MARK:legends-z-a","139","Omastar","Estándar","Legends: Z-A","ORIGIN_MARK","0","184"
"139:184:DREAM_BALL:dream-ball-v","139","Omastar","Estándar","Dream Ball (V)","DREAM_BALL","0","184"
"140:185:ORIGIN_MARK:consola-virtual","140","Kabuto","Estándar","Consola Virtual","ORIGIN_MARK","1","185"
"140:185:ORIGIN_MARK:sin-marca-gen-3-5","140","Kabuto","Estándar","Sin marca (Gen 3-5)","ORIGIN_MARK","1","185"
"140:185:ORIGIN_MARK:kalos","140","Kabuto","Estándar","Kalos","ORIGIN_MARK","1","185"
"140:185:ORIGIN_MARK:alola","140","Kabuto","Estándar","Alola","ORIGIN_MARK","1","185"
"140:185:ORIGIN_MARK:pokemon-go","140","Kabuto","Estándar","Pokémon GO","ORIGIN_MARK","0","185"
"140:185:ORIGIN_MARK:let-s-go","140","Kabuto","Estándar","Let's Go","ORIGIN_MARK","1","185"
"140:185:ORIGIN_MARK:galar","140","Kabuto","Estándar","Galar","ORIGIN_MARK","1","185"
"140:185:ORIGIN_MARK:sinnoh-bdsp","140","Kabuto","Estándar","Sinnoh (BDSP)","ORIGIN_MARK","0","185"
"140:185:ORIGIN_MARK:legends-z-a","140","Kabuto","Estándar","Legends: Z-A","ORIGIN_MARK","0","185"
"140:185:DREAM_BALL:dream-ball-v","140","Kabuto","Estándar","Dream Ball (V)","DREAM_BALL","0","185"
"141:186:ORIGIN_MARK:consola-virtual","141","Kabutops","Estándar","Consola Virtual","ORIGIN_MARK","1","186"
"141:186:ORIGIN_MARK:sin-marca-gen-3-5","141","Kabutops","Estándar","Sin marca (Gen 3-5)","ORIGIN_MARK","1","186"
"141:186:ORIGIN_MARK:kalos","141","Kabutops","Estándar","Kalos","ORIGIN_MARK","1","186"
"141:186:ORIGIN_MARK:alola","141","Kabutops","Estándar","Alola","ORIGIN_MARK","1","186"
"141:186:ORIGIN_MARK:pokemon-go","141","Kabutops","Estándar","Pokémon GO","ORIGIN_MARK","0","186"
"141:186:ORIGIN_MARK:let-s-go","141","Kabutops","Estándar","Let's Go","ORIGIN_MARK","1","186"
"141:186:ORIGIN_MARK:galar","141","Kabutops","Estándar","Galar","ORIGIN_MARK","1","186"
"141:186:ORIGIN_MARK:sinnoh-bdsp","141","Kabutops","Estándar","Sinnoh (BDSP)","ORIGIN_MARK","0","186"
"141:186:ORIGIN_MARK:legends-z-a","141","Kabutops","Estándar","Legends: Z-A","ORIGIN_MARK","0","186"
"141:186:DREAM_BALL:dream-ball-v","141","Kabutops","Estándar","Dream Ball (V)","DREAM_BALL","0","186"
"142:187:ORIGIN_MARK:consola-virtual","142","Aerodactyl","Estándar","Consola Virtual","ORIGIN_MARK","1","187"
"142:187:ORIGIN_MARK:sin-marca-gen-3-5","142","Aerodactyl","Estándar","Sin marca (Gen 3-5)","ORIGIN_MARK","1","187"
"142:187:ORIGIN_MARK:kalos","142","Aerodactyl","Estándar","Kalos","ORIGIN_MARK","1","187"
"142:187:ORIGIN_MARK:alola","142","Aerodactyl","Estándar","Alola","ORIGIN_MARK","1","187"
"142:187:ORIGIN_MARK:pokemon-go","142","Aerodactyl","Estándar","Pokémon GO","ORIGIN_MARK","0","187"
"142:187:ORIGIN_MARK:let-s-go","142","Aerodactyl","Estándar","Let's Go","ORIGIN_MARK","1","187"
"142:187:ORIGIN_MARK:galar","142","Aerodactyl","Estándar","Galar","ORIGIN_MARK","1","187"
"142:187:ORIGIN_MARK:sinnoh-bdsp","142","Aerodactyl","Estándar","Sinnoh (BDSP)","ORIGIN_MARK","0","187"
"142:187:ORIGIN_MARK:legends-z-a","142","Aerodactyl","Estándar","Legends: Z-A","ORIGIN_MARK","0","187"
"142:187:DREAM_BALL:dream-ball-v","142","Aerodactyl","Estándar","Dream Ball (V)","DREAM_BALL","0","187"
"143:188:ORIGIN_MARK:consola-virtual","143","Snorlax","Estándar","Consola Virtual","ORIGIN_MARK","1","188"
"143:188:ORIGIN_MARK:sin-marca-gen-3-5","143","Snorlax","Estándar","Sin marca (Gen 3-5)","ORIGIN_MARK","1","188"
"143:188:ORIGIN_MARK:kalos","143","Snorlax","Estándar","Kalos","ORIGIN_MARK","1","188"
"143:188:ORIGIN_MARK:alola","143","Snorlax","Estándar","Alola","ORIGIN_MARK","1","188"
"143:188:ORIGIN_MARK:pokemon-go","143","Snorlax","Estándar","Pokémon GO","ORIGIN_MARK","0","188"
"143:188:ORIGIN_MARK:let-s-go","143","Snorlax","Estándar","Let's Go","ORIGIN_MARK","1","188"
"143:188:ORIGIN_MARK:galar","143","Snorlax","Estándar","Galar","ORIGIN_MARK","1","188"
"143:188:ORIGIN_MARK:sinnoh-bdsp","143","Snorlax","Estándar","Sinnoh (BDSP)","ORIGIN_MARK","0","188"
"143:188:ORIGIN_MARK:hisui-legends-arceus","143","Snorlax","Estándar","Hisui (Legends: Arceus)","ORIGIN_MARK","0","188"
"143:188:ORIGIN_MARK:paldea","143","Snorlax","Estándar","Paldea","ORIGIN_MARK","1","188"
"143:188:ORIGIN_MARK:legends-z-a","143","Snorlax","Estándar","Legends: Z-A","ORIGIN_MARK","0","188"
"143:188:DREAM_BALL:dream-ball-v","143","Snorlax","Estándar","Dream Ball (V)","DREAM_BALL","0","188"
"143:188:COLO_XD:colo-xd","143","Snorlax","Estándar","Colo/XD","COLO_XD","1","188"
"144:189:ORIGIN_MARK:consola-virtual","144","Articuno","Estándar","Consola Virtual","ORIGIN_MARK","1","189"
"144:189:ORIGIN_MARK:sin-marca-gen-3-5","144","Articuno","Estándar","Sin marca (Gen 3-5)","ORIGIN_MARK","1","189"
"144:189:ORIGIN_MARK:alola","144","Articuno","Estándar","Alola","ORIGIN_MARK","1","189"
"144:189:ORIGIN_MARK:pokemon-go","144","Articuno","Estándar","Pokémon GO","ORIGIN_MARK","0","189"
"144:189:ORIGIN_MARK:let-s-go","144","Articuno","Estándar","Let's Go","ORIGIN_MARK","1","189"
"144:189:ORIGIN_MARK:galar","144","Articuno","Estándar","Galar","ORIGIN_MARK","1","189"
"144:189:ORIGIN_MARK:sinnoh-bdsp","144","Articuno","Estándar","Sinnoh (BDSP)","ORIGIN_MARK","0","189"
"144:189:COLO_XD:colo-xd","144","Articuno","Estándar","Colo/XD","COLO_XD","1","189"
"144:190:ORIGIN_MARK:pokemon-go","144","Articuno galar","galar","Pokémon GO","ORIGIN_MARK","0","190"
"144:190:ORIGIN_MARK:galar","144","Articuno galar","galar","Galar","ORIGIN_MARK","1","190"
"145:191:ORIGIN_MARK:consola-virtual","145","Zapdos","Estándar","Consola Virtual","ORIGIN_MARK","1","191"
"145:191:ORIGIN_MARK:sin-marca-gen-3-5","145","Zapdos","Estándar","Sin marca (Gen 3-5)","ORIGIN_MARK","1","191"
"145:191:ORIGIN_MARK:alola","145","Zapdos","Estándar","Alola","ORIGIN_MARK","1","191"
"145:191:ORIGIN_MARK:pokemon-go","145","Zapdos","Estándar","Pokémon GO","ORIGIN_MARK","1","191"
"145:191:ORIGIN_MARK:let-s-go","145","Zapdos","Estándar","Let's Go","ORIGIN_MARK","1","191"
"145:191:ORIGIN_MARK:galar","145","Zapdos","Estándar","Galar","ORIGIN_MARK","1","191"
"145:191:ORIGIN_MARK:sinnoh-bdsp","145","Zapdos","Estándar","Sinnoh (BDSP)","ORIGIN_MARK","0","191"
"145:191:COLO_XD:colo-xd","145","Zapdos","Estándar","Colo/XD","COLO_XD","1","191"
"145:192:ORIGIN_MARK:pokemon-go","145","Zapdos galar","galar","Pokémon GO","ORIGIN_MARK","0","192"
"145:192:ORIGIN_MARK:galar","145","Zapdos galar","galar","Galar","ORIGIN_MARK","1","192"
"146:193:ORIGIN_MARK:consola-virtual","146","Moltres","Estándar","Consola Virtual","ORIGIN_MARK","1","193"
"146:193:ORIGIN_MARK:sin-marca-gen-3-5","146","Moltres","Estándar","Sin marca (Gen 3-5)","ORIGIN_MARK","1","193"
"146:193:ORIGIN_MARK:alola","146","Moltres","Estándar","Alola","ORIGIN_MARK","1","193"
"146:193:ORIGIN_MARK:pokemon-go","146","Moltres","Estándar","Pokémon GO","ORIGIN_MARK","1","193"
"146:193:ORIGIN_MARK:let-s-go","146","Moltres","Estándar","Let's Go","ORIGIN_MARK","1","193"
"146:193:ORIGIN_MARK:galar","146","Moltres","Estándar","Galar","ORIGIN_MARK","1","193"
"146:193:ORIGIN_MARK:sinnoh-bdsp","146","Moltres","Estándar","Sinnoh (BDSP)","ORIGIN_MARK","0","193"
"146:193:COLO_XD:colo-xd","146","Moltres","Estándar","Colo/XD","COLO_XD","1","193"
"146:194:ORIGIN_MARK:pokemon-go","146","Moltres galar","galar","Pokémon GO","ORIGIN_MARK","0","194"
"146:194:ORIGIN_MARK:galar","146","Moltres galar","galar","Galar","ORIGIN_MARK","1","194"
"147:195:ORIGIN_MARK:consola-virtual","147","Dratini","Estándar","Consola Virtual","ORIGIN_MARK","1","195"
"147:195:ORIGIN_MARK:sin-marca-gen-3-5","147","Dratini","Estándar","Sin marca (Gen 3-5)","ORIGIN_MARK","1","195"
"147:195:ORIGIN_MARK:kalos","147","Dratini","Estándar","Kalos","ORIGIN_MARK","1","195"
"147:195:ORIGIN_MARK:alola","147","Dratini","Estándar","Alola","ORIGIN_MARK","1","195"
"147:195:ORIGIN_MARK:pokemon-go","147","Dratini","Estándar","Pokémon GO","ORIGIN_MARK","0","195"
"147:195:ORIGIN_MARK:let-s-go","147","Dratini","Estándar","Let's Go","ORIGIN_MARK","1","195"
"147:195:ORIGIN_MARK:galar","147","Dratini","Estándar","Galar","ORIGIN_MARK","1","195"
"147:195:ORIGIN_MARK:sinnoh-bdsp","147","Dratini","Estándar","Sinnoh (BDSP)","ORIGIN_MARK","0","195"
"147:195:ORIGIN_MARK:paldea","147","Dratini","Estándar","Paldea","ORIGIN_MARK","1","195"
"147:195:ORIGIN_MARK:legends-z-a","147","Dratini","Estándar","Legends: Z-A","ORIGIN_MARK","0","195"
"147:195:DREAM_BALL:dream-ball-v","147","Dratini","Estándar","Dream Ball (V)","DREAM_BALL","0","195"
"148:196:ORIGIN_MARK:consola-virtual","148","Dragonair","Estándar","Consola Virtual","ORIGIN_MARK","1","196"
"148:196:ORIGIN_MARK:sin-marca-gen-3-5","148","Dragonair","Estándar","Sin marca (Gen 3-5)","ORIGIN_MARK","1","196"
"148:196:ORIGIN_MARK:kalos","148","Dragonair","Estándar","Kalos","ORIGIN_MARK","1","196"
"148:196:ORIGIN_MARK:alola","148","Dragonair","Estándar","Alola","ORIGIN_MARK","1","196"
"148:196:ORIGIN_MARK:pokemon-go","148","Dragonair","Estándar","Pokémon GO","ORIGIN_MARK","0","196"
"148:196:ORIGIN_MARK:let-s-go","148","Dragonair","Estándar","Let's Go","ORIGIN_MARK","1","196"
"148:196:ORIGIN_MARK:galar","148","Dragonair","Estándar","Galar","ORIGIN_MARK","1","196"
"148:196:ORIGIN_MARK:sinnoh-bdsp","148","Dragonair","Estándar","Sinnoh (BDSP)","ORIGIN_MARK","0","196"
"148:196:ORIGIN_MARK:paldea","148","Dragonair","Estándar","Paldea","ORIGIN_MARK","1","196"
"148:196:ORIGIN_MARK:legends-z-a","148","Dragonair","Estándar","Legends: Z-A","ORIGIN_MARK","0","196"
"148:196:DREAM_BALL:dream-ball-v","148","Dragonair","Estándar","Dream Ball (V)","DREAM_BALL","0","196"
"149:197:ORIGIN_MARK:consola-virtual","149","Dragonite","Estándar","Consola Virtual","ORIGIN_MARK","1","197"
"149:197:ORIGIN_MARK:sin-marca-gen-3-5","149","Dragonite","Estándar","Sin marca (Gen 3-5)","ORIGIN_MARK","1","197"
"149:197:ORIGIN_MARK:kalos","149","Dragonite","Estándar","Kalos","ORIGIN_MARK","1","197"
"149:197:ORIGIN_MARK:alola","149","Dragonite","Estándar","Alola","ORIGIN_MARK","1","197"
"149:197:ORIGIN_MARK:pokemon-go","149","Dragonite","Estándar","Pokémon GO","ORIGIN_MARK","0","197"
"149:197:ORIGIN_MARK:let-s-go","149","Dragonite","Estándar","Let's Go","ORIGIN_MARK","1","197"
"149:197:ORIGIN_MARK:galar","149","Dragonite","Estándar","Galar","ORIGIN_MARK","1","197"
"149:197:ORIGIN_MARK:sinnoh-bdsp","149","Dragonite","Estándar","Sinnoh (BDSP)","ORIGIN_MARK","0","197"
"149:197:ORIGIN_MARK:paldea","149","Dragonite","Estándar","Paldea","ORIGIN_MARK","1","197"
"149:197:ORIGIN_MARK:legends-z-a","149","Dragonite","Estándar","Legends: Z-A","ORIGIN_MARK","0","197"
"149:197:DREAM_BALL:dream-ball-v","149","Dragonite","Estándar","Dream Ball (V)","DREAM_BALL","1","197"
"149:197:COLO_XD:colo-xd","149","Dragonite","Estándar","Colo/XD","COLO_XD","1","197"
"150:198:ORIGIN_MARK:consola-virtual","150","Mewtwo","Estándar","Consola Virtual","ORIGIN_MARK","1","198"
"150:198:ORIGIN_MARK:sin-marca-gen-3-5","150","Mewtwo","Estándar","Sin marca (Gen 3-5)","ORIGIN_MARK","1","198"
"150:198:ORIGIN_MARK:alola","150","Mewtwo","Estándar","Alola","ORIGIN_MARK","1","198"
"150:198:ORIGIN_MARK:pokemon-go","150","Mewtwo","Estándar","Pokémon GO","ORIGIN_MARK","1","198"
"150:198:ORIGIN_MARK:let-s-go","150","Mewtwo","Estándar","Let's Go","ORIGIN_MARK","1","198"
"150:198:ORIGIN_MARK:galar","150","Mewtwo","Estándar","Galar","ORIGIN_MARK","1","198"
"150:198:ORIGIN_MARK:sinnoh-bdsp","150","Mewtwo","Estándar","Sinnoh (BDSP)","ORIGIN_MARK","0","198"
"151:199:ORIGIN_MARK:sin-marca-gen-3-5","151","Mew","Estándar","Sin marca (Gen 3-5)","ORIGIN_MARK","1","199"
"151:199:ORIGIN_MARK:pokemon-go","151","Mew","Estándar","Pokémon GO","ORIGIN_MARK","1","199"
"151:199:ORIGIN_MARK:sinnoh-bdsp","151","Mew","Estándar","Sinnoh (BDSP)","ORIGIN_MARK","0","199"
"152:200:ORIGIN_MARK:consola-virtual","152","Chikorita","Estándar","Consola Virtual","ORIGIN_MARK","1","200"
"152:200:ORIGIN_MARK:sin-marca-gen-3-5","152","Chikorita","Estándar","Sin marca (Gen 3-5)","ORIGIN_MARK","1","200"
"152:200:ORIGIN_MARK:kalos","152","Chikorita","Estándar","Kalos","ORIGIN_MARK","1","200"
"152:200:ORIGIN_MARK:alola","152","Chikorita","Estándar","Alola","ORIGIN_MARK","1","200"
"152:200:ORIGIN_MARK:pokemon-go","152","Chikorita","Estándar","Pokémon GO","ORIGIN_MARK","0","200"
"152:200:ORIGIN_MARK:sinnoh-bdsp","152","Chikorita","Estándar","Sinnoh (BDSP)","ORIGIN_MARK","0","200"
"152:200:ORIGIN_MARK:paldea","152","Chikorita","Estándar","Paldea","ORIGIN_MARK","1","200"
"152:200:COLO_XD:colo-xd","152","Chikorita","Estándar","Colo/XD","COLO_XD","0","200"
"153:201:ORIGIN_MARK:consola-virtual","153","Bayleef","Estándar","Consola Virtual","ORIGIN_MARK","1","201"
"153:201:ORIGIN_MARK:sin-marca-gen-3-5","153","Bayleef","Estándar","Sin marca (Gen 3-5)","ORIGIN_MARK","1","201"
"153:201:ORIGIN_MARK:kalos","153","Bayleef","Estándar","Kalos","ORIGIN_MARK","1","201"
"153:201:ORIGIN_MARK:alola","153","Bayleef","Estándar","Alola","ORIGIN_MARK","1","201"
"153:201:ORIGIN_MARK:pokemon-go","153","Bayleef","Estándar","Pokémon GO","ORIGIN_MARK","0","201"
"153:201:ORIGIN_MARK:sinnoh-bdsp","153","Bayleef","Estándar","Sinnoh (BDSP)","ORIGIN_MARK","0","201"
"153:201:ORIGIN_MARK:paldea","153","Bayleef","Estándar","Paldea","ORIGIN_MARK","1","201"
"153:201:COLO_XD:colo-xd","153","Bayleef","Estándar","Colo/XD","COLO_XD","1","201"
"154:202:ORIGIN_MARK:consola-virtual","154","Meganium","Estándar","Consola Virtual","ORIGIN_MARK","1","202"
"154:202:ORIGIN_MARK:sin-marca-gen-3-5","154","Meganium","Estándar","Sin marca (Gen 3-5)","ORIGIN_MARK","1","202"
"154:202:ORIGIN_MARK:kalos","154","Meganium","Estándar","Kalos","ORIGIN_MARK","1","202"
"154:202:ORIGIN_MARK:alola","154","Meganium","Estándar","Alola","ORIGIN_MARK","1","202"
"154:202:ORIGIN_MARK:pokemon-go","154","Meganium","Estándar","Pokémon GO","ORIGIN_MARK","0","202"
"154:202:ORIGIN_MARK:sinnoh-bdsp","154","Meganium","Estándar","Sinnoh (BDSP)","ORIGIN_MARK","0","202"
"154:202:ORIGIN_MARK:paldea","154","Meganium","Estándar","Paldea","ORIGIN_MARK","1","202"
"154:202:COLO_XD:colo-xd","154","Meganium","Estándar","Colo/XD","COLO_XD","0","202"
"155:203:ORIGIN_MARK:consola-virtual","155","Cyndaquil","Estándar","Consola Virtual","ORIGIN_MARK","1","203"
"155:203:ORIGIN_MARK:sin-marca-gen-3-5","155","Cyndaquil","Estándar","Sin marca (Gen 3-5)","ORIGIN_MARK","1","203"
"155:203:ORIGIN_MARK:kalos","155","Cyndaquil","Estándar","Kalos","ORIGIN_MARK","1","203"
"155:203:ORIGIN_MARK:alola","155","Cyndaquil","Estándar","Alola","ORIGIN_MARK","1","203"
"155:203:ORIGIN_MARK:pokemon-go","155","Cyndaquil","Estándar","Pokémon GO","ORIGIN_MARK","0","203"
"155:203:ORIGIN_MARK:sinnoh-bdsp","155","Cyndaquil","Estándar","Sinnoh (BDSP)","ORIGIN_MARK","0","203"
"155:203:ORIGIN_MARK:hisui-legends-arceus","155","Cyndaquil","Estándar","Hisui (Legends: Arceus)","ORIGIN_MARK","0","203"
"155:203:ORIGIN_MARK:paldea","155","Cyndaquil","Estándar","Paldea","ORIGIN_MARK","1","203"
"155:203:COLO_XD:colo-xd","155","Cyndaquil","Estándar","Colo/XD","COLO_XD","0","203"
"156:204:ORIGIN_MARK:consola-virtual","156","Quilava","Estándar","Consola Virtual","ORIGIN_MARK","1","204"
"156:204:ORIGIN_MARK:sin-marca-gen-3-5","156","Quilava","Estándar","Sin marca (Gen 3-5)","ORIGIN_MARK","1","204"
"156:204:ORIGIN_MARK:kalos","156","Quilava","Estándar","Kalos","ORIGIN_MARK","1","204"
"156:204:ORIGIN_MARK:alola","156","Quilava","Estándar","Alola","ORIGIN_MARK","1","204"
"156:204:ORIGIN_MARK:pokemon-go","156","Quilava","Estándar","Pokémon GO","ORIGIN_MARK","0","204"
"156:204:ORIGIN_MARK:sinnoh-bdsp","156","Quilava","Estándar","Sinnoh (BDSP)","ORIGIN_MARK","0","204"
"156:204:ORIGIN_MARK:hisui-legends-arceus","156","Quilava","Estándar","Hisui (Legends: Arceus)","ORIGIN_MARK","0","204"
"156:204:ORIGIN_MARK:paldea","156","Quilava","Estándar","Paldea","ORIGIN_MARK","1","204"
"156:204:COLO_XD:colo-xd","156","Quilava","Estándar","Colo/XD","COLO_XD","1","204"
"157:205:ORIGIN_MARK:consola-virtual","157","Typhlosion","Estándar","Consola Virtual","ORIGIN_MARK","1","205"
"157:205:ORIGIN_MARK:sin-marca-gen-3-5","157","Typhlosion","Estándar","Sin marca (Gen 3-5)","ORIGIN_MARK","1","205"
"157:205:ORIGIN_MARK:kalos","157","Typhlosion","Estándar","Kalos","ORIGIN_MARK","1","205"
"157:205:ORIGIN_MARK:alola","157","Typhlosion","Estándar","Alola","ORIGIN_MARK","1","205"
"157:205:ORIGIN_MARK:pokemon-go","157","Typhlosion","Estándar","Pokémon GO","ORIGIN_MARK","0","205"
"157:205:ORIGIN_MARK:sinnoh-bdsp","157","Typhlosion","Estándar","Sinnoh (BDSP)","ORIGIN_MARK","0","205"
"157:205:ORIGIN_MARK:hisui-legends-arceus","157","Typhlosion","Estándar","Hisui (Legends: Arceus)","ORIGIN_MARK","0","205"
"157:205:ORIGIN_MARK:paldea","157","Typhlosion","Estándar","Paldea","ORIGIN_MARK","1","205"
"157:205:COLO_XD:colo-xd","157","Typhlosion","Estándar","Colo/XD","COLO_XD","0","205"
"157:206:ORIGIN_MARK:consola-virtual","157","Typhlosion hisui","hisui","Consola Virtual","ORIGIN_MARK","1","206"
"157:206:ORIGIN_MARK:sin-marca-gen-3-5","157","Typhlosion hisui","hisui","Sin marca (Gen 3-5)","ORIGIN_MARK","0","206"
"157:206:ORIGIN_MARK:kalos","157","Typhlosion hisui","hisui","Kalos","ORIGIN_MARK","1","206"
"157:206:ORIGIN_MARK:alola","157","Typhlosion hisui","hisui","Alola","ORIGIN_MARK","1","206"
"157:206:ORIGIN_MARK:pokemon-go","157","Typhlosion hisui","hisui","Pokémon GO","ORIGIN_MARK","0","206"
"157:206:ORIGIN_MARK:sinnoh-bdsp","157","Typhlosion hisui","hisui","Sinnoh (BDSP)","ORIGIN_MARK","0","206"
"157:206:ORIGIN_MARK:hisui-legends-arceus","157","Typhlosion hisui","hisui","Hisui (Legends: Arceus)","ORIGIN_MARK","0","206"
"157:206:ORIGIN_MARK:paldea","157","Typhlosion hisui","hisui","Paldea","ORIGIN_MARK","1","206"
"157:206:COLO_XD:colo-xd","157","Typhlosion hisui","hisui","Colo/XD","COLO_XD","0","206"
"158:207:ORIGIN_MARK:consola-virtual","158","Totodile","Estándar","Consola Virtual","ORIGIN_MARK","1","207"
"158:207:ORIGIN_MARK:sin-marca-gen-3-5","158","Totodile","Estándar","Sin marca (Gen 3-5)","ORIGIN_MARK","1","207"
"158:207:ORIGIN_MARK:kalos","158","Totodile","Estándar","Kalos","ORIGIN_MARK","1","207"
"158:207:ORIGIN_MARK:alola","158","Totodile","Estándar","Alola","ORIGIN_MARK","1","207"
"158:207:ORIGIN_MARK:pokemon-go","158","Totodile","Estándar","Pokémon GO","ORIGIN_MARK","0","207"
"158:207:ORIGIN_MARK:sinnoh-bdsp","158","Totodile","Estándar","Sinnoh (BDSP)","ORIGIN_MARK","0","207"
"158:207:ORIGIN_MARK:paldea","158","Totodile","Estándar","Paldea","ORIGIN_MARK","1","207"
"158:207:COLO_XD:colo-xd","158","Totodile","Estándar","Colo/XD","COLO_XD","0","207"
"159:208:ORIGIN_MARK:consola-virtual","159","Croconaw","Estándar","Consola Virtual","ORIGIN_MARK","1","208"
"159:208:ORIGIN_MARK:sin-marca-gen-3-5","159","Croconaw","Estándar","Sin marca (Gen 3-5)","ORIGIN_MARK","1","208"
"159:208:ORIGIN_MARK:kalos","159","Croconaw","Estándar","Kalos","ORIGIN_MARK","1","208"
"159:208:ORIGIN_MARK:alola","159","Croconaw","Estándar","Alola","ORIGIN_MARK","1","208"
"159:208:ORIGIN_MARK:pokemon-go","159","Croconaw","Estándar","Pokémon GO","ORIGIN_MARK","0","208"
"159:208:ORIGIN_MARK:sinnoh-bdsp","159","Croconaw","Estándar","Sinnoh (BDSP)","ORIGIN_MARK","0","208"
"159:208:ORIGIN_MARK:paldea","159","Croconaw","Estándar","Paldea","ORIGIN_MARK","1","208"
"159:208:COLO_XD:colo-xd","159","Croconaw","Estándar","Colo/XD","COLO_XD","1","208"
"160:209:ORIGIN_MARK:consola-virtual","160","Feraligatr","Estándar","Consola Virtual","ORIGIN_MARK","1","209"
"160:209:ORIGIN_MARK:sin-marca-gen-3-5","160","Feraligatr","Estándar","Sin marca (Gen 3-5)","ORIGIN_MARK","1","209"
"160:209:ORIGIN_MARK:kalos","160","Feraligatr","Estándar","Kalos","ORIGIN_MARK","1","209"
"160:209:ORIGIN_MARK:alola","160","Feraligatr","Estándar","Alola","ORIGIN_MARK","1","209"
"160:209:ORIGIN_MARK:pokemon-go","160","Feraligatr","Estándar","Pokémon GO","ORIGIN_MARK","0","209"
"160:209:ORIGIN_MARK:sinnoh-bdsp","160","Feraligatr","Estándar","Sinnoh (BDSP)","ORIGIN_MARK","0","209"
"160:209:ORIGIN_MARK:paldea","160","Feraligatr","Estándar","Paldea","ORIGIN_MARK","1","209"
"160:209:COLO_XD:colo-xd","160","Feraligatr","Estándar","Colo/XD","COLO_XD","0","209"
"161:210:ORIGIN_MARK:consola-virtual","161","Sentret","Estándar","Consola Virtual","ORIGIN_MARK","1","210"
"161:210:ORIGIN_MARK:sin-marca-gen-3-5","161","Sentret","Estándar","Sin marca (Gen 3-5)","ORIGIN_MARK","1","210"
"161:210:ORIGIN_MARK:kalos","161","Sentret","Estándar","Kalos","ORIGIN_MARK","1","210"
"161:210:ORIGIN_MARK:alola","161","Sentret","Estándar","Alola","ORIGIN_MARK","1","210"
"161:210:ORIGIN_MARK:pokemon-go","161","Sentret","Estándar","Pokémon GO","ORIGIN_MARK","0","210"
"161:210:ORIGIN_MARK:sinnoh-bdsp","161","Sentret","Estándar","Sinnoh (BDSP)","ORIGIN_MARK","0","210"
"161:210:ORIGIN_MARK:paldea","161","Sentret","Estándar","Paldea","ORIGIN_MARK","1","210"
"161:210:ORIGIN_MARK:legends-z-a","161","Sentret","Estándar","Legends: Z-A","ORIGIN_MARK","0","210"
"161:210:DREAM_BALL:dream-ball-v","161","Sentret","Estándar","Dream Ball (V)","DREAM_BALL","0","210"
"162:211:ORIGIN_MARK:consola-virtual","162","Furret","Estándar","Consola Virtual","ORIGIN_MARK","1","211"
"162:211:ORIGIN_MARK:sin-marca-gen-3-5","162","Furret","Estándar","Sin marca (Gen 3-5)","ORIGIN_MARK","1","211"
"162:211:ORIGIN_MARK:kalos","162","Furret","Estándar","Kalos","ORIGIN_MARK","1","211"
"162:211:ORIGIN_MARK:alola","162","Furret","Estándar","Alola","ORIGIN_MARK","1","211"
"162:211:ORIGIN_MARK:pokemon-go","162","Furret","Estándar","Pokémon GO","ORIGIN_MARK","0","211"
"162:211:ORIGIN_MARK:sinnoh-bdsp","162","Furret","Estándar","Sinnoh (BDSP)","ORIGIN_MARK","0","211"
"162:211:ORIGIN_MARK:paldea","162","Furret","Estándar","Paldea","ORIGIN_MARK","1","211"
"162:211:ORIGIN_MARK:legends-z-a","162","Furret","Estándar","Legends: Z-A","ORIGIN_MARK","0","211"
"162:211:DREAM_BALL:dream-ball-v","162","Furret","Estándar","Dream Ball (V)","DREAM_BALL","0","211"
"162:211:COLO_XD:colo-xd","162","Furret","Estándar","Colo/XD","COLO_XD","0","211"
"163:212:ORIGIN_MARK:consola-virtual","163","Hoothoot","Estándar","Consola Virtual","ORIGIN_MARK","1","212"
"163:212:ORIGIN_MARK:sin-marca-gen-3-5","163","Hoothoot","Estándar","Sin marca (Gen 3-5)","ORIGIN_MARK","1","212"
"163:212:ORIGIN_MARK:kalos","163","Hoothoot","Estándar","Kalos","ORIGIN_MARK","1","212"
"163:212:ORIGIN_MARK:alola","163","Hoothoot","Estándar","Alola","ORIGIN_MARK","1","212"
"163:212:ORIGIN_MARK:pokemon-go","163","Hoothoot","Estándar","Pokémon GO","ORIGIN_MARK","0","212"
"163:212:ORIGIN_MARK:galar","163","Hoothoot","Estándar","Galar","ORIGIN_MARK","1","212"
"163:212:ORIGIN_MARK:sinnoh-bdsp","163","Hoothoot","Estándar","Sinnoh (BDSP)","ORIGIN_MARK","0","212"
"163:212:ORIGIN_MARK:paldea","163","Hoothoot","Estándar","Paldea","ORIGIN_MARK","1","212"
"163:212:ORIGIN_MARK:legends-z-a","163","Hoothoot","Estándar","Legends: Z-A","ORIGIN_MARK","0","212"
"163:212:DREAM_BALL:dream-ball-v","163","Hoothoot","Estándar","Dream Ball (V)","DREAM_BALL","1","212"
"164:213:ORIGIN_MARK:consola-virtual","164","Noctowl","Estándar","Consola Virtual","ORIGIN_MARK","1","213"
"164:213:ORIGIN_MARK:sin-marca-gen-3-5","164","Noctowl","Estándar","Sin marca (Gen 3-5)","ORIGIN_MARK","1","213"
"164:213:ORIGIN_MARK:kalos","164","Noctowl","Estándar","Kalos","ORIGIN_MARK","1","213"
"164:213:ORIGIN_MARK:alola","164","Noctowl","Estándar","Alola","ORIGIN_MARK","1","213"
"164:213:ORIGIN_MARK:pokemon-go","164","Noctowl","Estándar","Pokémon GO","ORIGIN_MARK","0","213"
"164:213:ORIGIN_MARK:galar","164","Noctowl","Estándar","Galar","ORIGIN_MARK","1","213"
"164:213:ORIGIN_MARK:sinnoh-bdsp","164","Noctowl","Estándar","Sinnoh (BDSP)","ORIGIN_MARK","0","213"
"164:213:ORIGIN_MARK:paldea","164","Noctowl","Estándar","Paldea","ORIGIN_MARK","1","213"
"164:213:ORIGIN_MARK:legends-z-a","164","Noctowl","Estándar","Legends: Z-A","ORIGIN_MARK","0","213"
"164:213:DREAM_BALL:dream-ball-v","164","Noctowl","Estándar","Dream Ball (V)","DREAM_BALL","0","213"
"164:213:COLO_XD:colo-xd","164","Noctowl","Estándar","Colo/XD","COLO_XD","0","213"
"165:214:ORIGIN_MARK:consola-virtual","165","Ledyba","Estándar","Consola Virtual","ORIGIN_MARK","1","214"
"165:214:ORIGIN_MARK:sin-marca-gen-3-5","165","Ledyba","Estándar","Sin marca (Gen 3-5)","ORIGIN_MARK","1","214"
"165:214:ORIGIN_MARK:kalos","165","Ledyba","Estándar","Kalos","ORIGIN_MARK","1","214"
"165:214:ORIGIN_MARK:alola","165","Ledyba","Estándar","Alola","ORIGIN_MARK","1","214"
"165:214:ORIGIN_MARK:pokemon-go","165","Ledyba","Estándar","Pokémon GO","ORIGIN_MARK","0","214"
"165:214:ORIGIN_MARK:sinnoh-bdsp","165","Ledyba","Estándar","Sinnoh (BDSP)","ORIGIN_MARK","0","214"
"165:214:ORIGIN_MARK:legends-z-a","165","Ledyba","Estándar","Legends: Z-A","ORIGIN_MARK","0","214"
"165:214:DREAM_BALL:dream-ball-v","165","Ledyba","Estándar","Dream Ball (V)","DREAM_BALL","0","214"
"165:214:COLO_XD:colo-xd","165","Ledyba","Estándar","Colo/XD","COLO_XD","0","214"
"166:215:ORIGIN_MARK:consola-virtual","166","Ledian","Estándar","Consola Virtual","ORIGIN_MARK","1","215"
"166:215:ORIGIN_MARK:sin-marca-gen-3-5","166","Ledian","Estándar","Sin marca (Gen 3-5)","ORIGIN_MARK","1","215"
"166:215:ORIGIN_MARK:kalos","166","Ledian","Estándar","Kalos","ORIGIN_MARK","1","215"
"166:215:ORIGIN_MARK:alola","166","Ledian","Estándar","Alola","ORIGIN_MARK","1","215"
"166:215:ORIGIN_MARK:pokemon-go","166","Ledian","Estándar","Pokémon GO","ORIGIN_MARK","0","215"
"166:215:ORIGIN_MARK:sinnoh-bdsp","166","Ledian","Estándar","Sinnoh (BDSP)","ORIGIN_MARK","0","215"
"166:215:ORIGIN_MARK:legends-z-a","166","Ledian","Estándar","Legends: Z-A","ORIGIN_MARK","0","215"
"166:215:DREAM_BALL:dream-ball-v","166","Ledian","Estándar","Dream Ball (V)","DREAM_BALL","0","215"
"166:215:COLO_XD:colo-xd","166","Ledian","Estándar","Colo/XD","COLO_XD","0","215"
"167:216:ORIGIN_MARK:consola-virtual","167","Spinarak","Estándar","Consola Virtual","ORIGIN_MARK","1","216"
"167:216:ORIGIN_MARK:sin-marca-gen-3-5","167","Spinarak","Estándar","Sin marca (Gen 3-5)","ORIGIN_MARK","1","216"
"167:216:ORIGIN_MARK:kalos","167","Spinarak","Estándar","Kalos","ORIGIN_MARK","1","216"
"167:216:ORIGIN_MARK:alola","167","Spinarak","Estándar","Alola","ORIGIN_MARK","1","216"
"167:216:ORIGIN_MARK:pokemon-go","167","Spinarak","Estándar","Pokémon GO","ORIGIN_MARK","0","216"
"167:216:ORIGIN_MARK:sinnoh-bdsp","167","Spinarak","Estándar","Sinnoh (BDSP)","ORIGIN_MARK","0","216"
"167:216:ORIGIN_MARK:paldea","167","Spinarak","Estándar","Paldea","ORIGIN_MARK","1","216"
"167:216:ORIGIN_MARK:legends-z-a","167","Spinarak","Estándar","Legends: Z-A","ORIGIN_MARK","0","216"
"167:216:DREAM_BALL:dream-ball-v","167","Spinarak","Estándar","Dream Ball (V)","DREAM_BALL","0","216"
"167:216:COLO_XD:colo-xd","167","Spinarak","Estándar","Colo/XD","COLO_XD","0","216"
"168:217:ORIGIN_MARK:consola-virtual","168","Ariados","Estándar","Consola Virtual","ORIGIN_MARK","1","217"
"168:217:ORIGIN_MARK:sin-marca-gen-3-5","168","Ariados","Estándar","Sin marca (Gen 3-5)","ORIGIN_MARK","1","217"
"168:217:ORIGIN_MARK:kalos","168","Ariados","Estándar","Kalos","ORIGIN_MARK","1","217"
"168:217:ORIGIN_MARK:alola","168","Ariados","Estándar","Alola","ORIGIN_MARK","1","217"
"168:217:ORIGIN_MARK:pokemon-go","168","Ariados","Estándar","Pokémon GO","ORIGIN_MARK","0","217"
"168:217:ORIGIN_MARK:sinnoh-bdsp","168","Ariados","Estándar","Sinnoh (BDSP)","ORIGIN_MARK","0","217"
"168:217:ORIGIN_MARK:paldea","168","Ariados","Estándar","Paldea","ORIGIN_MARK","1","217"
"168:217:ORIGIN_MARK:legends-z-a","168","Ariados","Estándar","Legends: Z-A","ORIGIN_MARK","0","217"
"168:217:DREAM_BALL:dream-ball-v","168","Ariados","Estándar","Dream Ball (V)","DREAM_BALL","1","217"
"168:217:COLO_XD:colo-xd","168","Ariados","Estándar","Colo/XD","COLO_XD","0","217"
"169:218:ORIGIN_MARK:consola-virtual","169","Crobat","Estándar","Consola Virtual","ORIGIN_MARK","1","218"
"169:218:ORIGIN_MARK:sin-marca-gen-3-5","169","Crobat","Estándar","Sin marca (Gen 3-5)","ORIGIN_MARK","1","218"
"169:218:ORIGIN_MARK:kalos","169","Crobat","Estándar","Kalos","ORIGIN_MARK","1","218"
"169:218:ORIGIN_MARK:alola","169","Crobat","Estándar","Alola","ORIGIN_MARK","1","218"
"169:218:ORIGIN_MARK:pokemon-go","169","Crobat","Estándar","Pokémon GO","ORIGIN_MARK","0","218"
"169:218:ORIGIN_MARK:let-s-go","169","Crobat","Estándar","Let's Go","ORIGIN_MARK","0","218"
"169:218:ORIGIN_MARK:galar","169","Crobat","Estándar","Galar","ORIGIN_MARK","1","218"
"169:218:ORIGIN_MARK:sinnoh-bdsp","169","Crobat","Estándar","Sinnoh (BDSP)","ORIGIN_MARK","0","218"
"169:218:ORIGIN_MARK:hisui-legends-arceus","169","Crobat","Estándar","Hisui (Legends: Arceus)","ORIGIN_MARK","0","218"
"169:218:ORIGIN_MARK:legends-z-a","169","Crobat","Estándar","Legends: Z-A","ORIGIN_MARK","0","218"
"169:218:DREAM_BALL:dream-ball-v","169","Crobat","Estándar","Dream Ball (V)","DREAM_BALL","0","218"
"169:218:COLO_XD:colo-xd","169","Crobat","Estándar","Colo/XD","COLO_XD","0","218"
"170:219:ORIGIN_MARK:consola-virtual","170","Chinchou","Estándar","Consola Virtual","ORIGIN_MARK","1","219"
"170:219:ORIGIN_MARK:sin-marca-gen-3-5","170","Chinchou","Estándar","Sin marca (Gen 3-5)","ORIGIN_MARK","1","219"
"170:219:ORIGIN_MARK:kalos","170","Chinchou","Estándar","Kalos","ORIGIN_MARK","1","219"
"170:219:ORIGIN_MARK:alola","170","Chinchou","Estándar","Alola","ORIGIN_MARK","1","219"
"170:219:ORIGIN_MARK:pokemon-go","170","Chinchou","Estándar","Pokémon GO","ORIGIN_MARK","0","219"
"170:219:ORIGIN_MARK:galar","170","Chinchou","Estándar","Galar","ORIGIN_MARK","1","219"
"170:219:ORIGIN_MARK:sinnoh-bdsp","170","Chinchou","Estándar","Sinnoh (BDSP)","ORIGIN_MARK","0","219"
"170:219:ORIGIN_MARK:paldea","170","Chinchou","Estándar","Paldea","ORIGIN_MARK","1","219"
"170:219:ORIGIN_MARK:legends-z-a","170","Chinchou","Estándar","Legends: Z-A","ORIGIN_MARK","0","219"
"170:219:DREAM_BALL:dream-ball-v","170","Chinchou","Estándar","Dream Ball (V)","DREAM_BALL","0","219"
"171:220:ORIGIN_MARK:consola-virtual","171","Lanturn","Estándar","Consola Virtual","ORIGIN_MARK","1","220"
"171:220:ORIGIN_MARK:sin-marca-gen-3-5","171","Lanturn","Estándar","Sin marca (Gen 3-5)","ORIGIN_MARK","1","220"
"171:220:ORIGIN_MARK:kalos","171","Lanturn","Estándar","Kalos","ORIGIN_MARK","1","220"
"171:220:ORIGIN_MARK:alola","171","Lanturn","Estándar","Alola","ORIGIN_MARK","1","220"
"171:220:ORIGIN_MARK:pokemon-go","171","Lanturn","Estándar","Pokémon GO","ORIGIN_MARK","0","220"
"171:220:ORIGIN_MARK:galar","171","Lanturn","Estándar","Galar","ORIGIN_MARK","1","220"
"171:220:ORIGIN_MARK:sinnoh-bdsp","171","Lanturn","Estándar","Sinnoh (BDSP)","ORIGIN_MARK","0","220"
"171:220:ORIGIN_MARK:paldea","171","Lanturn","Estándar","Paldea","ORIGIN_MARK","1","220"
"171:220:ORIGIN_MARK:legends-z-a","171","Lanturn","Estándar","Legends: Z-A","ORIGIN_MARK","0","220"
"171:220:DREAM_BALL:dream-ball-v","171","Lanturn","Estándar","Dream Ball (V)","DREAM_BALL","0","220"
"172:221:ORIGIN_MARK:consola-virtual","172","Pichu","Estándar","Consola Virtual","ORIGIN_MARK","1","221"
"172:221:ORIGIN_MARK:sin-marca-gen-3-5","172","Pichu","Estándar","Sin marca (Gen 3-5)","ORIGIN_MARK","1","221"
"172:221:ORIGIN_MARK:kalos","172","Pichu","Estándar","Kalos","ORIGIN_MARK","1","221"
"172:221:ORIGIN_MARK:alola","172","Pichu","Estándar","Alola","ORIGIN_MARK","1","221"
"172:221:ORIGIN_MARK:pokemon-go","172","Pichu","Estándar","Pokémon GO","ORIGIN_MARK","0","221"
"172:221:ORIGIN_MARK:galar","172","Pichu","Estándar","Galar","ORIGIN_MARK","1","221"
"172:221:ORIGIN_MARK:sinnoh-bdsp","172","Pichu","Estándar","Sinnoh (BDSP)","ORIGIN_MARK","0","221"
"172:221:ORIGIN_MARK:hisui-legends-arceus","172","Pichu","Estándar","Hisui (Legends: Arceus)","ORIGIN_MARK","0","221"
"172:221:ORIGIN_MARK:paldea","172","Pichu","Estándar","Paldea","ORIGIN_MARK","1","221"
"173:222:ORIGIN_MARK:consola-virtual","173","Cleffa","Estándar","Consola Virtual","ORIGIN_MARK","1","222"
"173:222:ORIGIN_MARK:sin-marca-gen-3-5","173","Cleffa","Estándar","Sin marca (Gen 3-5)","ORIGIN_MARK","1","222"
"173:222:ORIGIN_MARK:kalos","173","Cleffa","Estándar","Kalos","ORIGIN_MARK","1","222"
"173:222:ORIGIN_MARK:alola","173","Cleffa","Estándar","Alola","ORIGIN_MARK","1","222"
"173:222:ORIGIN_MARK:pokemon-go","173","Cleffa","Estándar","Pokémon GO","ORIGIN_MARK","0","222"
"173:222:ORIGIN_MARK:galar","173","Cleffa","Estándar","Galar","ORIGIN_MARK","1","222"
"173:222:ORIGIN_MARK:sinnoh-bdsp","173","Cleffa","Estándar","Sinnoh (BDSP)","ORIGIN_MARK","0","222"
"173:222:ORIGIN_MARK:hisui-legends-arceus","173","Cleffa","Estándar","Hisui (Legends: Arceus)","ORIGIN_MARK","0","222"
"173:222:ORIGIN_MARK:paldea","173","Cleffa","Estándar","Paldea","ORIGIN_MARK","1","222"
"173:222:ORIGIN_MARK:legends-z-a","173","Cleffa","Estándar","Legends: Z-A","ORIGIN_MARK","0","222"
"173:222:DREAM_BALL:dream-ball-v","173","Cleffa","Estándar","Dream Ball (V)","DREAM_BALL","0","222"
"174:223:ORIGIN_MARK:consola-virtual","174","Igglybuff","Estándar","Consola Virtual","ORIGIN_MARK","1","223"
"174:223:ORIGIN_MARK:sin-marca-gen-3-5","174","Igglybuff","Estándar","Sin marca (Gen 3-5)","ORIGIN_MARK","1","223"
"174:223:ORIGIN_MARK:kalos","174","Igglybuff","Estándar","Kalos","ORIGIN_MARK","1","223"
"174:223:ORIGIN_MARK:alola","174","Igglybuff","Estándar","Alola","ORIGIN_MARK","1","223"
"174:223:ORIGIN_MARK:pokemon-go","174","Igglybuff","Estándar","Pokémon GO","ORIGIN_MARK","0","223"
"174:223:ORIGIN_MARK:galar","174","Igglybuff","Estándar","Galar","ORIGIN_MARK","1","223"
"174:223:ORIGIN_MARK:sinnoh-bdsp","174","Igglybuff","Estándar","Sinnoh (BDSP)","ORIGIN_MARK","0","223"
"174:223:ORIGIN_MARK:paldea","174","Igglybuff","Estándar","Paldea","ORIGIN_MARK","1","223"
"174:223:ORIGIN_MARK:legends-z-a","174","Igglybuff","Estándar","Legends: Z-A","ORIGIN_MARK","0","223"
"174:223:DREAM_BALL:dream-ball-v","174","Igglybuff","Estándar","Dream Ball (V)","DREAM_BALL","1","223"
"175:224:ORIGIN_MARK:consola-virtual","175","Togepi","Estándar","Consola Virtual","ORIGIN_MARK","1","224"
"175:224:ORIGIN_MARK:sin-marca-gen-3-5","175","Togepi","Estándar","Sin marca (Gen 3-5)","ORIGIN_MARK","1","224"
"175:224:ORIGIN_MARK:kalos","175","Togepi","Estándar","Kalos","ORIGIN_MARK","1","224"
"175:224:ORIGIN_MARK:alola","175","Togepi","Estándar","Alola","ORIGIN_MARK","1","224"
"175:224:ORIGIN_MARK:pokemon-go","175","Togepi","Estándar","Pokémon GO","ORIGIN_MARK","0","224"
"175:224:ORIGIN_MARK:galar","175","Togepi","Estándar","Galar","ORIGIN_MARK","1","224"
"175:224:ORIGIN_MARK:sinnoh-bdsp","175","Togepi","Estándar","Sinnoh (BDSP)","ORIGIN_MARK","0","224"
"175:224:ORIGIN_MARK:hisui-legends-arceus","175","Togepi","Estándar","Hisui (Legends: Arceus)","ORIGIN_MARK","0","224"
"175:224:ORIGIN_MARK:legends-z-a","175","Togepi","Estándar","Legends: Z-A","ORIGIN_MARK","0","224"
"175:224:DREAM_BALL:dream-ball-v","175","Togepi","Estándar","Dream Ball (V)","DREAM_BALL","1","224"
"175:224:COLO_XD:colo-xd","175","Togepi","Estándar","Colo/XD","COLO_XD","0","224"
"176:225:ORIGIN_MARK:consola-virtual","176","Togetic","Estándar","Consola Virtual","ORIGIN_MARK","1","225"
"176:225:ORIGIN_MARK:sin-marca-gen-3-5","176","Togetic","Estándar","Sin marca (Gen 3-5)","ORIGIN_MARK","1","225"
"176:225:ORIGIN_MARK:kalos","176","Togetic","Estándar","Kalos","ORIGIN_MARK","1","225"
"176:225:ORIGIN_MARK:alola","176","Togetic","Estándar","Alola","ORIGIN_MARK","1","225"
"176:225:ORIGIN_MARK:pokemon-go","176","Togetic","Estándar","Pokémon GO","ORIGIN_MARK","1","225"
"176:225:ORIGIN_MARK:galar","176","Togetic","Estándar","Galar","ORIGIN_MARK","1","225"
"176:225:ORIGIN_MARK:sinnoh-bdsp","176","Togetic","Estándar","Sinnoh (BDSP)","ORIGIN_MARK","0","225"
"176:225:ORIGIN_MARK:hisui-legends-arceus","176","Togetic","Estándar","Hisui (Legends: Arceus)","ORIGIN_MARK","0","225"
"176:225:ORIGIN_MARK:legends-z-a","176","Togetic","Estándar","Legends: Z-A","ORIGIN_MARK","0","225"
"176:225:DREAM_BALL:dream-ball-v","176","Togetic","Estándar","Dream Ball (V)","DREAM_BALL","0","225"
"176:225:COLO_XD:colo-xd","176","Togetic","Estándar","Colo/XD","COLO_XD","1","225"
"177:226:ORIGIN_MARK:consola-virtual","177","Natu","Estándar","Consola Virtual","ORIGIN_MARK","1","226"
"177:226:ORIGIN_MARK:sin-marca-gen-3-5","177","Natu","Estándar","Sin marca (Gen 3-5)","ORIGIN_MARK","1","226"
"177:226:ORIGIN_MARK:kalos","177","Natu","Estándar","Kalos","ORIGIN_MARK","1","226"
"177:226:ORIGIN_MARK:alola","177","Natu","Estándar","Alola","ORIGIN_MARK","1","226"
"177:226:ORIGIN_MARK:pokemon-go","177","Natu","Estándar","Pokémon GO","ORIGIN_MARK","0","226"
"177:226:ORIGIN_MARK:galar","177","Natu","Estándar","Galar","ORIGIN_MARK","1","226"
"177:226:ORIGIN_MARK:sinnoh-bdsp","177","Natu","Estándar","Sinnoh (BDSP)","ORIGIN_MARK","0","226"
"177:226:ORIGIN_MARK:legends-z-a","177","Natu","Estándar","Legends: Z-A","ORIGIN_MARK","0","226"
"177:226:DREAM_BALL:dream-ball-v","177","Natu","Estándar","Dream Ball (V)","DREAM_BALL","0","226"
"177:226:COLO_XD:colo-xd","177","Natu","Estándar","Colo/XD","COLO_XD","0","226"
"178:227:ORIGIN_MARK:consola-virtual","178","Xatu","Estándar","Consola Virtual","ORIGIN_MARK","1","227"
"178:227:ORIGIN_MARK:sin-marca-gen-3-5","178","Xatu","Estándar","Sin marca (Gen 3-5)","ORIGIN_MARK","1","227"
"178:227:ORIGIN_MARK:kalos","178","Xatu","Estándar","Kalos","ORIGIN_MARK","1","227"
"178:227:ORIGIN_MARK:alola","178","Xatu","Estándar","Alola","ORIGIN_MARK","1","227"
"178:227:ORIGIN_MARK:pokemon-go","178","Xatu","Estándar","Pokémon GO","ORIGIN_MARK","0","227"
"178:227:ORIGIN_MARK:galar","178","Xatu","Estándar","Galar","ORIGIN_MARK","1","227"
"178:227:ORIGIN_MARK:sinnoh-bdsp","178","Xatu","Estándar","Sinnoh (BDSP)","ORIGIN_MARK","0","227"
"178:227:ORIGIN_MARK:legends-z-a","178","Xatu","Estándar","Legends: Z-A","ORIGIN_MARK","0","227"
"178:227:DREAM_BALL:dream-ball-v","178","Xatu","Estándar","Dream Ball (V)","DREAM_BALL","0","227"
"178:227:COLO_XD:colo-xd","178","Xatu","Estándar","Colo/XD","COLO_XD","0","227"
"179:228:ORIGIN_MARK:consola-virtual","179","Mareep","Estándar","Consola Virtual","ORIGIN_MARK","1","228"
"179:228:ORIGIN_MARK:sin-marca-gen-3-5","179","Mareep","Estándar","Sin marca (Gen 3-5)","ORIGIN_MARK","1","228"
"179:228:ORIGIN_MARK:kalos","179","Mareep","Estándar","Kalos","ORIGIN_MARK","1","228"
"179:228:ORIGIN_MARK:alola","179","Mareep","Estándar","Alola","ORIGIN_MARK","1","228"
"179:228:ORIGIN_MARK:pokemon-go","179","Mareep","Estándar","Pokémon GO","ORIGIN_MARK","0","228"
"179:228:ORIGIN_MARK:sinnoh-bdsp","179","Mareep","Estándar","Sinnoh (BDSP)","ORIGIN_MARK","0","228"
"179:228:ORIGIN_MARK:paldea","179","Mareep","Estándar","Paldea","ORIGIN_MARK","1","228"
"179:228:ORIGIN_MARK:legends-z-a","179","Mareep","Estándar","Legends: Z-A","ORIGIN_MARK","0","228"
"179:228:DREAM_BALL:dream-ball-v","179","Mareep","Estándar","Dream Ball (V)","DREAM_BALL","0","228"
"179:228:COLO_XD:colo-xd","179","Mareep","Estándar","Colo/XD","COLO_XD","0","228"
"180:229:ORIGIN_MARK:consola-virtual","180","Flaaffy","Estándar","Consola Virtual","ORIGIN_MARK","1","229"
"180:229:ORIGIN_MARK:sin-marca-gen-3-5","180","Flaaffy","Estándar","Sin marca (Gen 3-5)","ORIGIN_MARK","1","229"
"180:229:ORIGIN_MARK:kalos","180","Flaaffy","Estándar","Kalos","ORIGIN_MARK","1","229"
"180:229:ORIGIN_MARK:alola","180","Flaaffy","Estándar","Alola","ORIGIN_MARK","1","229"
"180:229:ORIGIN_MARK:pokemon-go","180","Flaaffy","Estándar","Pokémon GO","ORIGIN_MARK","0","229"
"180:229:ORIGIN_MARK:sinnoh-bdsp","180","Flaaffy","Estándar","Sinnoh (BDSP)","ORIGIN_MARK","0","229"
"180:229:ORIGIN_MARK:paldea","180","Flaaffy","Estándar","Paldea","ORIGIN_MARK","1","229"
"180:229:ORIGIN_MARK:legends-z-a","180","Flaaffy","Estándar","Legends: Z-A","ORIGIN_MARK","0","229"
"180:229:DREAM_BALL:dream-ball-v","180","Flaaffy","Estándar","Dream Ball (V)","DREAM_BALL","0","229"
"180:229:COLO_XD:colo-xd","180","Flaaffy","Estándar","Colo/XD","COLO_XD","0","229"
"181:230:ORIGIN_MARK:consola-virtual","181","Ampharos","Estándar","Consola Virtual","ORIGIN_MARK","1","230"
"181:230:ORIGIN_MARK:sin-marca-gen-3-5","181","Ampharos","Estándar","Sin marca (Gen 3-5)","ORIGIN_MARK","1","230"
"181:230:ORIGIN_MARK:kalos","181","Ampharos","Estándar","Kalos","ORIGIN_MARK","1","230"
"181:230:ORIGIN_MARK:alola","181","Ampharos","Estándar","Alola","ORIGIN_MARK","1","230"
"181:230:ORIGIN_MARK:pokemon-go","181","Ampharos","Estándar","Pokémon GO","ORIGIN_MARK","0","230"
"181:230:ORIGIN_MARK:sinnoh-bdsp","181","Ampharos","Estándar","Sinnoh (BDSP)","ORIGIN_MARK","0","230"
"181:230:ORIGIN_MARK:paldea","181","Ampharos","Estándar","Paldea","ORIGIN_MARK","1","230"
"181:230:ORIGIN_MARK:legends-z-a","181","Ampharos","Estándar","Legends: Z-A","ORIGIN_MARK","0","230"
"181:230:DREAM_BALL:dream-ball-v","181","Ampharos","Estándar","Dream Ball (V)","DREAM_BALL","1","230"
"181:230:COLO_XD:colo-xd","181","Ampharos","Estándar","Colo/XD","COLO_XD","0","230"
"182:231:ORIGIN_MARK:consola-virtual","182","Bellossom","Estándar","Consola Virtual","ORIGIN_MARK","1","231"
"182:231:ORIGIN_MARK:sin-marca-gen-3-5","182","Bellossom","Estándar","Sin marca (Gen 3-5)","ORIGIN_MARK","1","231"
"182:231:ORIGIN_MARK:kalos","182","Bellossom","Estándar","Kalos","ORIGIN_MARK","1","231"
"182:231:ORIGIN_MARK:alola","182","Bellossom","Estándar","Alola","ORIGIN_MARK","1","231"
"182:231:ORIGIN_MARK:pokemon-go","182","Bellossom","Estándar","Pokémon GO","ORIGIN_MARK","0","231"
"182:231:ORIGIN_MARK:let-s-go","182","Bellossom","Estándar","Let's Go","ORIGIN_MARK","0","231"
"182:231:ORIGIN_MARK:galar","182","Bellossom","Estándar","Galar","ORIGIN_MARK","1","231"
"182:231:ORIGIN_MARK:sinnoh-bdsp","182","Bellossom","Estándar","Sinnoh (BDSP)","ORIGIN_MARK","0","231"
"182:231:ORIGIN_MARK:paldea","182","Bellossom","Estándar","Paldea","ORIGIN_MARK","1","231"
"182:231:ORIGIN_MARK:legends-z-a","182","Bellossom","Estándar","Legends: Z-A","ORIGIN_MARK","0","231"
"182:231:DREAM_BALL:dream-ball-v","182","Bellossom","Estándar","Dream Ball (V)","DREAM_BALL","0","231"
"183:232:ORIGIN_MARK:consola-virtual","183","Marill","Estándar","Consola Virtual","ORIGIN_MARK","1","232"
"183:232:ORIGIN_MARK:sin-marca-gen-3-5","183","Marill","Estándar","Sin marca (Gen 3-5)","ORIGIN_MARK","1","232"
"183:232:ORIGIN_MARK:kalos","183","Marill","Estándar","Kalos","ORIGIN_MARK","1","232"
"183:232:ORIGIN_MARK:alola","183","Marill","Estándar","Alola","ORIGIN_MARK","1","232"
"183:232:ORIGIN_MARK:pokemon-go","183","Marill","Estándar","Pokémon GO","ORIGIN_MARK","0","232"
"183:232:ORIGIN_MARK:galar","183","Marill","Estándar","Galar","ORIGIN_MARK","1","232"
"183:232:ORIGIN_MARK:sinnoh-bdsp","183","Marill","Estándar","Sinnoh (BDSP)","ORIGIN_MARK","0","232"
"183:232:ORIGIN_MARK:paldea","183","Marill","Estándar","Paldea","ORIGIN_MARK","1","232"
"183:232:ORIGIN_MARK:legends-z-a","183","Marill","Estándar","Legends: Z-A","ORIGIN_MARK","0","232"
"183:232:DREAM_BALL:dream-ball-v","183","Marill","Estándar","Dream Ball (V)","DREAM_BALL","0","232"
"184:233:ORIGIN_MARK:consola-virtual","184","Azumarill","Estándar","Consola Virtual","ORIGIN_MARK","1","233"
"184:233:ORIGIN_MARK:sin-marca-gen-3-5","184","Azumarill","Estándar","Sin marca (Gen 3-5)","ORIGIN_MARK","1","233"
"184:233:ORIGIN_MARK:kalos","184","Azumarill","Estándar","Kalos","ORIGIN_MARK","1","233"
"184:233:ORIGIN_MARK:alola","184","Azumarill","Estándar","Alola","ORIGIN_MARK","1","233"
"184:233:ORIGIN_MARK:pokemon-go","184","Azumarill","Estándar","Pokémon GO","ORIGIN_MARK","0","233"
"184:233:ORIGIN_MARK:galar","184","Azumarill","Estándar","Galar","ORIGIN_MARK","1","233"
"184:233:ORIGIN_MARK:sinnoh-bdsp","184","Azumarill","Estándar","Sinnoh (BDSP)","ORIGIN_MARK","0","233"
"184:233:ORIGIN_MARK:paldea","184","Azumarill","Estándar","Paldea","ORIGIN_MARK","1","233"
"184:233:ORIGIN_MARK:legends-z-a","184","Azumarill","Estándar","Legends: Z-A","ORIGIN_MARK","0","233"
"184:233:DREAM_BALL:dream-ball-v","184","Azumarill","Estándar","Dream Ball (V)","DREAM_BALL","0","233"
"185:234:ORIGIN_MARK:consola-virtual","185","Sudowoodo","Estándar","Consola Virtual","ORIGIN_MARK","1","234"
"185:234:ORIGIN_MARK:sin-marca-gen-3-5","185","Sudowoodo","Estándar","Sin marca (Gen 3-5)","ORIGIN_MARK","1","234"
"185:234:ORIGIN_MARK:kalos","185","Sudowoodo","Estándar","Kalos","ORIGIN_MARK","1","234"
"185:234:ORIGIN_MARK:alola","185","Sudowoodo","Estándar","Alola","ORIGIN_MARK","1","234"
"185:234:ORIGIN_MARK:pokemon-go","185","Sudowoodo","Estándar","Pokémon GO","ORIGIN_MARK","0","234"
"185:234:ORIGIN_MARK:galar","185","Sudowoodo","Estándar","Galar","ORIGIN_MARK","1","234"
"185:234:ORIGIN_MARK:sinnoh-bdsp","185","Sudowoodo","Estándar","Sinnoh (BDSP)","ORIGIN_MARK","0","234"
"185:234:ORIGIN_MARK:hisui-legends-arceus","185","Sudowoodo","Estándar","Hisui (Legends: Arceus)","ORIGIN_MARK","0","234"
"185:234:ORIGIN_MARK:paldea","185","Sudowoodo","Estándar","Paldea","ORIGIN_MARK","1","234"
"185:234:ORIGIN_MARK:legends-z-a","185","Sudowoodo","Estándar","Legends: Z-A","ORIGIN_MARK","0","234"
"185:234:DREAM_BALL:dream-ball-v","185","Sudowoodo","Estándar","Dream Ball (V)","DREAM_BALL","0","234"
"185:234:COLO_XD:colo-xd","185","Sudowoodo","Estándar","Colo/XD","COLO_XD","1","234"
"186:235:ORIGIN_MARK:consola-virtual","186","Politoed","Estándar","Consola Virtual","ORIGIN_MARK","1","235"
"186:235:ORIGIN_MARK:sin-marca-gen-3-5","186","Politoed","Estándar","Sin marca (Gen 3-5)","ORIGIN_MARK","1","235"
"186:235:ORIGIN_MARK:kalos","186","Politoed","Estándar","Kalos","ORIGIN_MARK","1","235"
"186:235:ORIGIN_MARK:alola","186","Politoed","Estándar","Alola","ORIGIN_MARK","1","235"
"186:235:ORIGIN_MARK:pokemon-go","186","Politoed","Estándar","Pokémon GO","ORIGIN_MARK","0","235"
"186:235:ORIGIN_MARK:let-s-go","186","Politoed","Estándar","Let's Go","ORIGIN_MARK","0","235"
"186:235:ORIGIN_MARK:galar","186","Politoed","Estándar","Galar","ORIGIN_MARK","1","235"
"186:235:ORIGIN_MARK:sinnoh-bdsp","186","Politoed","Estándar","Sinnoh (BDSP)","ORIGIN_MARK","0","235"
"186:235:ORIGIN_MARK:paldea","186","Politoed","Estándar","Paldea","ORIGIN_MARK","1","235"
"186:235:ORIGIN_MARK:legends-z-a","186","Politoed","Estándar","Legends: Z-A","ORIGIN_MARK","0","235"
"186:235:DREAM_BALL:dream-ball-v","186","Politoed","Estándar","Dream Ball (V)","DREAM_BALL","0","235"
"187:236:ORIGIN_MARK:consola-virtual","187","Hoppip","Estándar","Consola Virtual","ORIGIN_MARK","1","236"
"187:236:ORIGIN_MARK:sin-marca-gen-3-5","187","Hoppip","Estándar","Sin marca (Gen 3-5)","ORIGIN_MARK","1","236"
"187:236:ORIGIN_MARK:kalos","187","Hoppip","Estándar","Kalos","ORIGIN_MARK","1","236"
"187:236:ORIGIN_MARK:alola","187","Hoppip","Estándar","Alola","ORIGIN_MARK","1","236"
"187:236:ORIGIN_MARK:pokemon-go","187","Hoppip","Estándar","Pokémon GO","ORIGIN_MARK","0","236"
"187:236:ORIGIN_MARK:sinnoh-bdsp","187","Hoppip","Estándar","Sinnoh (BDSP)","ORIGIN_MARK","0","236"
"187:236:ORIGIN_MARK:paldea","187","Hoppip","Estándar","Paldea","ORIGIN_MARK","1","236"
"187:236:ORIGIN_MARK:legends-z-a","187","Hoppip","Estándar","Legends: Z-A","ORIGIN_MARK","0","236"
"187:236:DREAM_BALL:dream-ball-v","187","Hoppip","Estándar","Dream Ball (V)","DREAM_BALL","0","236"
"187:236:COLO_XD:colo-xd","187","Hoppip","Estándar","Colo/XD","COLO_XD","0","236"
"188:237:ORIGIN_MARK:consola-virtual","188","Skiploom","Estándar","Consola Virtual","ORIGIN_MARK","1","237"
"188:237:ORIGIN_MARK:sin-marca-gen-3-5","188","Skiploom","Estándar","Sin marca (Gen 3-5)","ORIGIN_MARK","1","237"
"188:237:ORIGIN_MARK:kalos","188","Skiploom","Estándar","Kalos","ORIGIN_MARK","1","237"
"188:237:ORIGIN_MARK:alola","188","Skiploom","Estándar","Alola","ORIGIN_MARK","1","237"
"188:237:ORIGIN_MARK:pokemon-go","188","Skiploom","Estándar","Pokémon GO","ORIGIN_MARK","0","237"
"188:237:ORIGIN_MARK:sinnoh-bdsp","188","Skiploom","Estándar","Sinnoh (BDSP)","ORIGIN_MARK","0","237"
"188:237:ORIGIN_MARK:paldea","188","Skiploom","Estándar","Paldea","ORIGIN_MARK","1","237"
"188:237:ORIGIN_MARK:legends-z-a","188","Skiploom","Estándar","Legends: Z-A","ORIGIN_MARK","0","237"
"188:237:DREAM_BALL:dream-ball-v","188","Skiploom","Estándar","Dream Ball (V)","DREAM_BALL","0","237"
"188:237:COLO_XD:colo-xd","188","Skiploom","Estándar","Colo/XD","COLO_XD","1","237"
"189:238:ORIGIN_MARK:consola-virtual","189","Jumpluff","Estándar","Consola Virtual","ORIGIN_MARK","1","238"
"189:238:ORIGIN_MARK:sin-marca-gen-3-5","189","Jumpluff","Estándar","Sin marca (Gen 3-5)","ORIGIN_MARK","1","238"
"189:238:ORIGIN_MARK:kalos","189","Jumpluff","Estándar","Kalos","ORIGIN_MARK","1","238"
"189:238:ORIGIN_MARK:alola","189","Jumpluff","Estándar","Alola","ORIGIN_MARK","1","238"
"189:238:ORIGIN_MARK:pokemon-go","189","Jumpluff","Estándar","Pokémon GO","ORIGIN_MARK","0","238"
"189:238:ORIGIN_MARK:sinnoh-bdsp","189","Jumpluff","Estándar","Sinnoh (BDSP)","ORIGIN_MARK","0","238"
"189:238:ORIGIN_MARK:paldea","189","Jumpluff","Estándar","Paldea","ORIGIN_MARK","1","238"
"189:238:ORIGIN_MARK:legends-z-a","189","Jumpluff","Estándar","Legends: Z-A","ORIGIN_MARK","0","238"
"189:238:DREAM_BALL:dream-ball-v","189","Jumpluff","Estándar","Dream Ball (V)","DREAM_BALL","0","238"
"189:238:COLO_XD:colo-xd","189","Jumpluff","Estándar","Colo/XD","COLO_XD","0","238"
"190:239:ORIGIN_MARK:consola-virtual","190","Aipom","Estándar","Consola Virtual","ORIGIN_MARK","1","239"
"190:239:ORIGIN_MARK:sin-marca-gen-3-5","190","Aipom","Estándar","Sin marca (Gen 3-5)","ORIGIN_MARK","1","239"
"190:239:ORIGIN_MARK:kalos","190","Aipom","Estándar","Kalos","ORIGIN_MARK","1","239"
"190:239:ORIGIN_MARK:alola","190","Aipom","Estándar","Alola","ORIGIN_MARK","1","239"
"190:239:ORIGIN_MARK:pokemon-go","190","Aipom","Estándar","Pokémon GO","ORIGIN_MARK","0","239"
"190:239:ORIGIN_MARK:sinnoh-bdsp","190","Aipom","Estándar","Sinnoh (BDSP)","ORIGIN_MARK","0","239"
"190:239:ORIGIN_MARK:hisui-legends-arceus","190","Aipom","Estándar","Hisui (Legends: Arceus)","ORIGIN_MARK","0","239"
"190:239:ORIGIN_MARK:paldea","190","Aipom","Estándar","Paldea","ORIGIN_MARK","1","239"
"190:239:ORIGIN_MARK:legends-z-a","190","Aipom","Estándar","Legends: Z-A","ORIGIN_MARK","0","239"
"190:239:DREAM_BALL:dream-ball-v","190","Aipom","Estándar","Dream Ball (V)","DREAM_BALL","0","239"
"190:239:COLO_XD:colo-xd","190","Aipom","Estándar","Colo/XD","COLO_XD","1","239"
"191:240:ORIGIN_MARK:consola-virtual","191","Sunkern","Estándar","Consola Virtual","ORIGIN_MARK","1","240"
"191:240:ORIGIN_MARK:sin-marca-gen-3-5","191","Sunkern","Estándar","Sin marca (Gen 3-5)","ORIGIN_MARK","1","240"
"191:240:ORIGIN_MARK:kalos","191","Sunkern","Estándar","Kalos","ORIGIN_MARK","1","240"
"191:240:ORIGIN_MARK:alola","191","Sunkern","Estándar","Alola","ORIGIN_MARK","1","240"
"191:240:ORIGIN_MARK:pokemon-go","191","Sunkern","Estándar","Pokémon GO","ORIGIN_MARK","0","240"
"191:240:ORIGIN_MARK:sinnoh-bdsp","191","Sunkern","Estándar","Sinnoh (BDSP)","ORIGIN_MARK","0","240"
"191:240:ORIGIN_MARK:paldea","191","Sunkern","Estándar","Paldea","ORIGIN_MARK","1","240"
"191:240:ORIGIN_MARK:legends-z-a","191","Sunkern","Estándar","Legends: Z-A","ORIGIN_MARK","0","240"
"191:240:DREAM_BALL:dream-ball-v","191","Sunkern","Estándar","Dream Ball (V)","DREAM_BALL","1","240"
"192:241:ORIGIN_MARK:consola-virtual","192","Sunflora","Estándar","Consola Virtual","ORIGIN_MARK","1","241"
"192:241:ORIGIN_MARK:sin-marca-gen-3-5","192","Sunflora","Estándar","Sin marca (Gen 3-5)","ORIGIN_MARK","1","241"
"192:241:ORIGIN_MARK:kalos","192","Sunflora","Estándar","Kalos","ORIGIN_MARK","1","241"
"192:241:ORIGIN_MARK:alola","192","Sunflora","Estándar","Alola","ORIGIN_MARK","1","241"
"192:241:ORIGIN_MARK:pokemon-go","192","Sunflora","Estándar","Pokémon GO","ORIGIN_MARK","0","241"
"192:241:ORIGIN_MARK:sinnoh-bdsp","192","Sunflora","Estándar","Sinnoh (BDSP)","ORIGIN_MARK","0","241"
"192:241:ORIGIN_MARK:paldea","192","Sunflora","Estándar","Paldea","ORIGIN_MARK","1","241"
"192:241:ORIGIN_MARK:legends-z-a","192","Sunflora","Estándar","Legends: Z-A","ORIGIN_MARK","0","241"
"192:241:DREAM_BALL:dream-ball-v","192","Sunflora","Estándar","Dream Ball (V)","DREAM_BALL","0","241"
"192:241:COLO_XD:colo-xd","192","Sunflora","Estándar","Colo/XD","COLO_XD","1","241"
"193:242:ORIGIN_MARK:consola-virtual","193","Yanma","Estándar","Consola Virtual","ORIGIN_MARK","1","242"
"193:242:ORIGIN_MARK:sin-marca-gen-3-5","193","Yanma","Estándar","Sin marca (Gen 3-5)","ORIGIN_MARK","1","242"
"193:242:ORIGIN_MARK:kalos","193","Yanma","Estándar","Kalos","ORIGIN_MARK","1","242"
"193:242:ORIGIN_MARK:alola","193","Yanma","Estándar","Alola","ORIGIN_MARK","1","242"
"193:242:ORIGIN_MARK:pokemon-go","193","Yanma","Estándar","Pokémon GO","ORIGIN_MARK","0","242"
"193:242:ORIGIN_MARK:sinnoh-bdsp","193","Yanma","Estándar","Sinnoh (BDSP)","ORIGIN_MARK","0","242"
"193:242:ORIGIN_MARK:hisui-legends-arceus","193","Yanma","Estándar","Hisui (Legends: Arceus)","ORIGIN_MARK","0","242"
"193:242:ORIGIN_MARK:paldea","193","Yanma","Estándar","Paldea","ORIGIN_MARK","1","242"
"193:242:ORIGIN_MARK:legends-z-a","193","Yanma","Estándar","Legends: Z-A","ORIGIN_MARK","0","242"
"193:242:DREAM_BALL:dream-ball-v","193","Yanma","Estándar","Dream Ball (V)","DREAM_BALL","0","242"
"193:242:COLO_XD:colo-xd","193","Yanma","Estándar","Colo/XD","COLO_XD","1","242"
"194:243:ORIGIN_MARK:consola-virtual","194","Wooper","Estándar","Consola Virtual","ORIGIN_MARK","1","243"
"194:243:ORIGIN_MARK:sin-marca-gen-3-5","194","Wooper","Estándar","Sin marca (Gen 3-5)","ORIGIN_MARK","1","243"
"194:243:ORIGIN_MARK:kalos","194","Wooper","Estándar","Kalos","ORIGIN_MARK","1","243"
"194:243:ORIGIN_MARK:alola","194","Wooper","Estándar","Alola","ORIGIN_MARK","1","243"
"194:243:ORIGIN_MARK:pokemon-go","194","Wooper","Estándar","Pokémon GO","ORIGIN_MARK","0","243"
"194:243:ORIGIN_MARK:galar","194","Wooper","Estándar","Galar","ORIGIN_MARK","1","243"
"194:243:ORIGIN_MARK:sinnoh-bdsp","194","Wooper","Estándar","Sinnoh (BDSP)","ORIGIN_MARK","0","243"
"194:243:ORIGIN_MARK:paldea","194","Wooper","Estándar","Paldea","ORIGIN_MARK","1","243"
"194:243:ORIGIN_MARK:legends-z-a","194","Wooper","Estándar","Legends: Z-A","ORIGIN_MARK","0","243"
"194:243:DREAM_BALL:dream-ball-v","194","Wooper","Estándar","Dream Ball (V)","DREAM_BALL","0","243"
"194:243:COLO_XD:colo-xd","194","Wooper","Estándar","Colo/XD","COLO_XD","0","243"
"194:244:ORIGIN_MARK:pokemon-go","194","Wooper paldea","paldea","Pokémon GO","ORIGIN_MARK","0","244"
"194:244:ORIGIN_MARK:paldea","194","Wooper paldea","paldea","Paldea","ORIGIN_MARK","1","244"
"195:245:ORIGIN_MARK:consola-virtual","195","Quagsire","Estándar","Consola Virtual","ORIGIN_MARK","1","245"
"195:245:ORIGIN_MARK:sin-marca-gen-3-5","195","Quagsire","Estándar","Sin marca (Gen 3-5)","ORIGIN_MARK","1","245"
"195:245:ORIGIN_MARK:kalos","195","Quagsire","Estándar","Kalos","ORIGIN_MARK","1","245"
"195:245:ORIGIN_MARK:alola","195","Quagsire","Estándar","Alola","ORIGIN_MARK","1","245"
"195:245:ORIGIN_MARK:pokemon-go","195","Quagsire","Estándar","Pokémon GO","ORIGIN_MARK","0","245"
"195:245:ORIGIN_MARK:galar","195","Quagsire","Estándar","Galar","ORIGIN_MARK","1","245"
"195:245:ORIGIN_MARK:sinnoh-bdsp","195","Quagsire","Estándar","Sinnoh (BDSP)","ORIGIN_MARK","0","245"
"195:245:ORIGIN_MARK:paldea","195","Quagsire","Estándar","Paldea","ORIGIN_MARK","1","245"
"195:245:ORIGIN_MARK:legends-z-a","195","Quagsire","Estándar","Legends: Z-A","ORIGIN_MARK","0","245"
"195:245:DREAM_BALL:dream-ball-v","195","Quagsire","Estándar","Dream Ball (V)","DREAM_BALL","0","245"
"195:245:COLO_XD:colo-xd","195","Quagsire","Estándar","Colo/XD","COLO_XD","1","245"
"196:246:ORIGIN_MARK:consola-virtual","196","Espeon","Estándar","Consola Virtual","ORIGIN_MARK","1","246"
"196:246:ORIGIN_MARK:sin-marca-gen-3-5","196","Espeon","Estándar","Sin marca (Gen 3-5)","ORIGIN_MARK","1","246"
"196:246:ORIGIN_MARK:kalos","196","Espeon","Estándar","Kalos","ORIGIN_MARK","1","246"
"196:246:ORIGIN_MARK:alola","196","Espeon","Estándar","Alola","ORIGIN_MARK","1","246"
"196:246:ORIGIN_MARK:pokemon-go","196","Espeon","Estándar","Pokémon GO","ORIGIN_MARK","0","246"
"196:246:ORIGIN_MARK:let-s-go","196","Espeon","Estándar","Let's Go","ORIGIN_MARK","0","246"
"196:246:ORIGIN_MARK:galar","196","Espeon","Estándar","Galar","ORIGIN_MARK","1","246"
"196:246:ORIGIN_MARK:sinnoh-bdsp","196","Espeon","Estándar","Sinnoh (BDSP)","ORIGIN_MARK","0","246"
"196:246:ORIGIN_MARK:hisui-legends-arceus","196","Espeon","Estándar","Hisui (Legends: Arceus)","ORIGIN_MARK","0","246"
"196:246:ORIGIN_MARK:paldea","196","Espeon","Estándar","Paldea","ORIGIN_MARK","1","246"
"196:246:ORIGIN_MARK:legends-z-a","196","Espeon","Estándar","Legends: Z-A","ORIGIN_MARK","0","246"
"196:246:DREAM_BALL:dream-ball-v","196","Espeon","Estándar","Dream Ball (V)","DREAM_BALL","1","246"
"196:246:COLO_XD:colo-xd","196","Espeon","Estándar","Colo/XD","COLO_XD","0","246"
"197:247:ORIGIN_MARK:consola-virtual","197","Umbreon","Estándar","Consola Virtual","ORIGIN_MARK","1","247"
"197:247:ORIGIN_MARK:sin-marca-gen-3-5","197","Umbreon","Estándar","Sin marca (Gen 3-5)","ORIGIN_MARK","1","247"
"197:247:ORIGIN_MARK:kalos","197","Umbreon","Estándar","Kalos","ORIGIN_MARK","1","247"
"197:247:ORIGIN_MARK:alola","197","Umbreon","Estándar","Alola","ORIGIN_MARK","1","247"
"197:247:ORIGIN_MARK:pokemon-go","197","Umbreon","Estándar","Pokémon GO","ORIGIN_MARK","0","247"
"197:247:ORIGIN_MARK:let-s-go","197","Umbreon","Estándar","Let's Go","ORIGIN_MARK","0","247"
"197:247:ORIGIN_MARK:galar","197","Umbreon","Estándar","Galar","ORIGIN_MARK","1","247"
"197:247:ORIGIN_MARK:sinnoh-bdsp","197","Umbreon","Estándar","Sinnoh (BDSP)","ORIGIN_MARK","0","247"
"197:247:ORIGIN_MARK:hisui-legends-arceus","197","Umbreon","Estándar","Hisui (Legends: Arceus)","ORIGIN_MARK","0","247"
"197:247:ORIGIN_MARK:paldea","197","Umbreon","Estándar","Paldea","ORIGIN_MARK","1","247"
"197:247:ORIGIN_MARK:legends-z-a","197","Umbreon","Estándar","Legends: Z-A","ORIGIN_MARK","0","247"
"197:247:DREAM_BALL:dream-ball-v","197","Umbreon","Estándar","Dream Ball (V)","DREAM_BALL","1","247"
"197:247:COLO_XD:colo-xd","197","Umbreon","Estándar","Colo/XD","COLO_XD","0","247"
"198:248:ORIGIN_MARK:consola-virtual","198","Murkrow","Estándar","Consola Virtual","ORIGIN_MARK","1","248"
"198:248:ORIGIN_MARK:sin-marca-gen-3-5","198","Murkrow","Estándar","Sin marca (Gen 3-5)","ORIGIN_MARK","1","248"
"198:248:ORIGIN_MARK:kalos","198","Murkrow","Estándar","Kalos","ORIGIN_MARK","1","248"
"198:248:ORIGIN_MARK:alola","198","Murkrow","Estándar","Alola","ORIGIN_MARK","1","248"
"198:248:ORIGIN_MARK:pokemon-go","198","Murkrow","Estándar","Pokémon GO","ORIGIN_MARK","0","248"
"198:248:ORIGIN_MARK:sinnoh-bdsp","198","Murkrow","Estándar","Sinnoh (BDSP)","ORIGIN_MARK","0","248"
"198:248:ORIGIN_MARK:hisui-legends-arceus","198","Murkrow","Estándar","Hisui (Legends: Arceus)","ORIGIN_MARK","0","248"
"198:248:ORIGIN_MARK:paldea","198","Murkrow","Estándar","Paldea","ORIGIN_MARK","1","248"
"198:248:ORIGIN_MARK:legends-z-a","198","Murkrow","Estándar","Legends: Z-A","ORIGIN_MARK","0","248"
"198:248:DREAM_BALL:dream-ball-v","198","Murkrow","Estándar","Dream Ball (V)","DREAM_BALL","0","248"
"198:248:COLO_XD:colo-xd","198","Murkrow","Estándar","Colo/XD","COLO_XD","0","248"
"199:249:ORIGIN_MARK:consola-virtual","199","Slowking","Estándar","Consola Virtual","ORIGIN_MARK","1","249"
"199:249:ORIGIN_MARK:sin-marca-gen-3-5","199","Slowking","Estándar","Sin marca (Gen 3-5)","ORIGIN_MARK","1","249"
"199:249:ORIGIN_MARK:kalos","199","Slowking","Estándar","Kalos","ORIGIN_MARK","1","249"
"199:249:ORIGIN_MARK:alola","199","Slowking","Estándar","Alola","ORIGIN_MARK","1","249"
"199:249:ORIGIN_MARK:pokemon-go","199","Slowking","Estándar","Pokémon GO","ORIGIN_MARK","0","249"
"199:249:ORIGIN_MARK:let-s-go","199","Slowking","Estándar","Let's Go","ORIGIN_MARK","0","249"
"199:249:ORIGIN_MARK:galar","199","Slowking","Estándar","Galar","ORIGIN_MARK","0","249"
"199:249:ORIGIN_MARK:sinnoh-bdsp","199","Slowking","Estándar","Sinnoh (BDSP)","ORIGIN_MARK","0","249"
"199:249:ORIGIN_MARK:paldea","199","Slowking","Estándar","Paldea","ORIGIN_MARK","1","249"
"199:249:ORIGIN_MARK:legends-z-a","199","Slowking","Estándar","Legends: Z-A","ORIGIN_MARK","0","249"
"199:249:DREAM_BALL:dream-ball-v","199","Slowking","Estándar","Dream Ball (V)","DREAM_BALL","0","249"
"199:250:ORIGIN_MARK:pokemon-go","199","Slowking galar","galar","Pokémon GO","ORIGIN_MARK","1","250"
"199:250:ORIGIN_MARK:galar","199","Slowking galar","galar","Galar","ORIGIN_MARK","1","250"
"199:250:ORIGIN_MARK:paldea","199","Slowking galar","galar","Paldea","ORIGIN_MARK","1","250"
"200:251:ORIGIN_MARK:consola-virtual","200","Misdreavus","Estándar","Consola Virtual","ORIGIN_MARK","1","251"
"200:251:ORIGIN_MARK:sin-marca-gen-3-5","200","Misdreavus","Estándar","Sin marca (Gen 3-5)","ORIGIN_MARK","1","251"
"200:251:ORIGIN_MARK:kalos","200","Misdreavus","Estándar","Kalos","ORIGIN_MARK","1","251"
"200:251:ORIGIN_MARK:alola","200","Misdreavus","Estándar","Alola","ORIGIN_MARK","1","251"
"200:251:ORIGIN_MARK:pokemon-go","200","Misdreavus","Estándar","Pokémon GO","ORIGIN_MARK","0","251"
"200:251:ORIGIN_MARK:sinnoh-bdsp","200","Misdreavus","Estándar","Sinnoh (BDSP)","ORIGIN_MARK","0","251"
"200:251:ORIGIN_MARK:hisui-legends-arceus","200","Misdreavus","Estándar","Hisui (Legends: Arceus)","ORIGIN_MARK","0","251"
"200:251:ORIGIN_MARK:paldea","200","Misdreavus","Estándar","Paldea","ORIGIN_MARK","1","251"
"200:251:ORIGIN_MARK:legends-z-a","200","Misdreavus","Estándar","Legends: Z-A","ORIGIN_MARK","0","251"
"200:251:DREAM_BALL:dream-ball-v","200","Misdreavus","Estándar","Dream Ball (V)","DREAM_BALL","0","251"
"200:251:COLO_XD:colo-xd","200","Misdreavus","Estándar","Colo/XD","COLO_XD","1","251"
"201:252:ORIGIN_MARK:sin-marca-gen-3-5","201","Unown A","A","Sin marca (Gen 3-5)","ORIGIN_MARK","1","252"
"201:252:ORIGIN_MARK:kalos","201","Unown A","A","Kalos","ORIGIN_MARK","1","252"
"201:252:ORIGIN_MARK:pokemon-go","201","Unown A","A","Pokémon GO","ORIGIN_MARK","0","252"
"201:252:ORIGIN_MARK:sinnoh-bdsp","201","Unown A","A","Sinnoh (BDSP)","ORIGIN_MARK","0","252"
"201:252:ORIGIN_MARK:hisui-legends-arceus","201","Unown A","A","Hisui (Legends: Arceus)","ORIGIN_MARK","0","252"
"201:253:ORIGIN_MARK:sin-marca-gen-3-5","201","Unown B","B","Sin marca (Gen 3-5)","ORIGIN_MARK","1","253"
"201:253:ORIGIN_MARK:kalos","201","Unown B","B","Kalos","ORIGIN_MARK","1","253"
"201:253:ORIGIN_MARK:pokemon-go","201","Unown B","B","Pokémon GO","ORIGIN_MARK","0","253"
"201:253:ORIGIN_MARK:sinnoh-bdsp","201","Unown B","B","Sinnoh (BDSP)","ORIGIN_MARK","0","253"
"201:253:ORIGIN_MARK:hisui-legends-arceus","201","Unown B","B","Hisui (Legends: Arceus)","ORIGIN_MARK","0","253"
"201:254:ORIGIN_MARK:sin-marca-gen-3-5","201","Unown C","C","Sin marca (Gen 3-5)","ORIGIN_MARK","1","254"
"201:254:ORIGIN_MARK:kalos","201","Unown C","C","Kalos","ORIGIN_MARK","1","254"
"201:254:ORIGIN_MARK:pokemon-go","201","Unown C","C","Pokémon GO","ORIGIN_MARK","0","254"
"201:254:ORIGIN_MARK:sinnoh-bdsp","201","Unown C","C","Sinnoh (BDSP)","ORIGIN_MARK","0","254"
"201:254:ORIGIN_MARK:hisui-legends-arceus","201","Unown C","C","Hisui (Legends: Arceus)","ORIGIN_MARK","0","254"
"201:255:ORIGIN_MARK:sin-marca-gen-3-5","201","Unown D","D","Sin marca (Gen 3-5)","ORIGIN_MARK","1","255"
"201:255:ORIGIN_MARK:kalos","201","Unown D","D","Kalos","ORIGIN_MARK","1","255"
"201:255:ORIGIN_MARK:pokemon-go","201","Unown D","D","Pokémon GO","ORIGIN_MARK","0","255"
"201:255:ORIGIN_MARK:sinnoh-bdsp","201","Unown D","D","Sinnoh (BDSP)","ORIGIN_MARK","0","255"
"201:255:ORIGIN_MARK:hisui-legends-arceus","201","Unown D","D","Hisui (Legends: Arceus)","ORIGIN_MARK","0","255"
"201:256:ORIGIN_MARK:sin-marca-gen-3-5","201","Unown E","E","Sin marca (Gen 3-5)","ORIGIN_MARK","1","256"
"201:256:ORIGIN_MARK:kalos","201","Unown E","E","Kalos","ORIGIN_MARK","1","256"
"201:256:ORIGIN_MARK:pokemon-go","201","Unown E","E","Pokémon GO","ORIGIN_MARK","0","256"
"201:256:ORIGIN_MARK:sinnoh-bdsp","201","Unown E","E","Sinnoh (BDSP)","ORIGIN_MARK","0","256"
"201:256:ORIGIN_MARK:hisui-legends-arceus","201","Unown E","E","Hisui (Legends: Arceus)","ORIGIN_MARK","0","256"
"201:257:ORIGIN_MARK:sin-marca-gen-3-5","201","Unown F","F","Sin marca (Gen 3-5)","ORIGIN_MARK","1","257"
"201:257:ORIGIN_MARK:kalos","201","Unown F","F","Kalos","ORIGIN_MARK","1","257"
"201:257:ORIGIN_MARK:pokemon-go","201","Unown F","F","Pokémon GO","ORIGIN_MARK","0","257"
"201:257:ORIGIN_MARK:sinnoh-bdsp","201","Unown F","F","Sinnoh (BDSP)","ORIGIN_MARK","0","257"
"201:257:ORIGIN_MARK:hisui-legends-arceus","201","Unown F","F","Hisui (Legends: Arceus)","ORIGIN_MARK","0","257"
"201:258:ORIGIN_MARK:sin-marca-gen-3-5","201","Unown G","G","Sin marca (Gen 3-5)","ORIGIN_MARK","1","258"
"201:258:ORIGIN_MARK:kalos","201","Unown G","G","Kalos","ORIGIN_MARK","1","258"
"201:258:ORIGIN_MARK:pokemon-go","201","Unown G","G","Pokémon GO","ORIGIN_MARK","0","258"
"201:258:ORIGIN_MARK:sinnoh-bdsp","201","Unown G","G","Sinnoh (BDSP)","ORIGIN_MARK","0","258"
"201:258:ORIGIN_MARK:hisui-legends-arceus","201","Unown G","G","Hisui (Legends: Arceus)","ORIGIN_MARK","0","258"
"201:259:ORIGIN_MARK:sin-marca-gen-3-5","201","Unown H","H","Sin marca (Gen 3-5)","ORIGIN_MARK","1","259"
"201:259:ORIGIN_MARK:kalos","201","Unown H","H","Kalos","ORIGIN_MARK","1","259"
"201:259:ORIGIN_MARK:pokemon-go","201","Unown H","H","Pokémon GO","ORIGIN_MARK","0","259"
"201:259:ORIGIN_MARK:sinnoh-bdsp","201","Unown H","H","Sinnoh (BDSP)","ORIGIN_MARK","0","259"
"201:259:ORIGIN_MARK:hisui-legends-arceus","201","Unown H","H","Hisui (Legends: Arceus)","ORIGIN_MARK","0","259"
"201:260:ORIGIN_MARK:consola-virtual","201","Unown I","I","Consola Virtual","ORIGIN_MARK","1","260"
"201:260:ORIGIN_MARK:sin-marca-gen-3-5","201","Unown I","I","Sin marca (Gen 3-5)","ORIGIN_MARK","1","260"
"201:260:ORIGIN_MARK:kalos","201","Unown I","I","Kalos","ORIGIN_MARK","1","260"
"201:260:ORIGIN_MARK:pokemon-go","201","Unown I","I","Pokémon GO","ORIGIN_MARK","0","260"
"201:260:ORIGIN_MARK:sinnoh-bdsp","201","Unown I","I","Sinnoh (BDSP)","ORIGIN_MARK","0","260"
"201:260:ORIGIN_MARK:hisui-legends-arceus","201","Unown I","I","Hisui (Legends: Arceus)","ORIGIN_MARK","0","260"
"201:261:ORIGIN_MARK:sin-marca-gen-3-5","201","Unown J","J","Sin marca (Gen 3-5)","ORIGIN_MARK","1","261"
"201:261:ORIGIN_MARK:kalos","201","Unown J","J","Kalos","ORIGIN_MARK","1","261"
"201:261:ORIGIN_MARK:pokemon-go","201","Unown J","J","Pokémon GO","ORIGIN_MARK","0","261"
"201:261:ORIGIN_MARK:sinnoh-bdsp","201","Unown J","J","Sinnoh (BDSP)","ORIGIN_MARK","0","261"
"201:261:ORIGIN_MARK:hisui-legends-arceus","201","Unown J","J","Hisui (Legends: Arceus)","ORIGIN_MARK","0","261"
"201:262:ORIGIN_MARK:sin-marca-gen-3-5","201","Unown K","K","Sin marca (Gen 3-5)","ORIGIN_MARK","1","262"
"201:262:ORIGIN_MARK:kalos","201","Unown K","K","Kalos","ORIGIN_MARK","1","262"
"201:262:ORIGIN_MARK:pokemon-go","201","Unown K","K","Pokémon GO","ORIGIN_MARK","0","262"
"201:262:ORIGIN_MARK:sinnoh-bdsp","201","Unown K","K","Sinnoh (BDSP)","ORIGIN_MARK","0","262"
"201:262:ORIGIN_MARK:hisui-legends-arceus","201","Unown K","K","Hisui (Legends: Arceus)","ORIGIN_MARK","0","262"
"201:263:ORIGIN_MARK:sin-marca-gen-3-5","201","Unown L","L","Sin marca (Gen 3-5)","ORIGIN_MARK","1","263"
"201:263:ORIGIN_MARK:kalos","201","Unown L","L","Kalos","ORIGIN_MARK","1","263"
"201:263:ORIGIN_MARK:pokemon-go","201","Unown L","L","Pokémon GO","ORIGIN_MARK","0","263"
"201:263:ORIGIN_MARK:sinnoh-bdsp","201","Unown L","L","Sinnoh (BDSP)","ORIGIN_MARK","0","263"
"201:263:ORIGIN_MARK:hisui-legends-arceus","201","Unown L","L","Hisui (Legends: Arceus)","ORIGIN_MARK","0","263"
"201:264:ORIGIN_MARK:sin-marca-gen-3-5","201","Unown M","M","Sin marca (Gen 3-5)","ORIGIN_MARK","1","264"
"201:264:ORIGIN_MARK:kalos","201","Unown M","M","Kalos","ORIGIN_MARK","1","264"
"201:264:ORIGIN_MARK:pokemon-go","201","Unown M","M","Pokémon GO","ORIGIN_MARK","0","264"
"201:264:ORIGIN_MARK:sinnoh-bdsp","201","Unown M","M","Sinnoh (BDSP)","ORIGIN_MARK","0","264"
"201:264:ORIGIN_MARK:hisui-legends-arceus","201","Unown M","M","Hisui (Legends: Arceus)","ORIGIN_MARK","0","264"
"201:265:ORIGIN_MARK:sin-marca-gen-3-5","201","Unown N","N","Sin marca (Gen 3-5)","ORIGIN_MARK","1","265"
"201:265:ORIGIN_MARK:kalos","201","Unown N","N","Kalos","ORIGIN_MARK","1","265"
"201:265:ORIGIN_MARK:pokemon-go","201","Unown N","N","Pokémon GO","ORIGIN_MARK","0","265"
"201:265:ORIGIN_MARK:sinnoh-bdsp","201","Unown N","N","Sinnoh (BDSP)","ORIGIN_MARK","0","265"
"201:265:ORIGIN_MARK:hisui-legends-arceus","201","Unown N","N","Hisui (Legends: Arceus)","ORIGIN_MARK","0","265"
"201:266:ORIGIN_MARK:sin-marca-gen-3-5","201","Unown O","O","Sin marca (Gen 3-5)","ORIGIN_MARK","1","266"
"201:266:ORIGIN_MARK:kalos","201","Unown O","O","Kalos","ORIGIN_MARK","1","266"
"201:266:ORIGIN_MARK:pokemon-go","201","Unown O","O","Pokémon GO","ORIGIN_MARK","0","266"
"201:266:ORIGIN_MARK:sinnoh-bdsp","201","Unown O","O","Sinnoh (BDSP)","ORIGIN_MARK","0","266"
"201:266:ORIGIN_MARK:hisui-legends-arceus","201","Unown O","O","Hisui (Legends: Arceus)","ORIGIN_MARK","0","266"
"201:267:ORIGIN_MARK:sin-marca-gen-3-5","201","Unown P","P","Sin marca (Gen 3-5)","ORIGIN_MARK","1","267"
"201:267:ORIGIN_MARK:kalos","201","Unown P","P","Kalos","ORIGIN_MARK","1","267"
"201:267:ORIGIN_MARK:pokemon-go","201","Unown P","P","Pokémon GO","ORIGIN_MARK","0","267"
"201:267:ORIGIN_MARK:sinnoh-bdsp","201","Unown P","P","Sinnoh (BDSP)","ORIGIN_MARK","0","267"
"201:267:ORIGIN_MARK:hisui-legends-arceus","201","Unown P","P","Hisui (Legends: Arceus)","ORIGIN_MARK","0","267"
"201:268:ORIGIN_MARK:sin-marca-gen-3-5","201","Unown Q","Q","Sin marca (Gen 3-5)","ORIGIN_MARK","1","268"
"201:268:ORIGIN_MARK:kalos","201","Unown Q","Q","Kalos","ORIGIN_MARK","1","268"
"201:268:ORIGIN_MARK:pokemon-go","201","Unown Q","Q","Pokémon GO","ORIGIN_MARK","0","268"
"201:268:ORIGIN_MARK:sinnoh-bdsp","201","Unown Q","Q","Sinnoh (BDSP)","ORIGIN_MARK","0","268"
"201:268:ORIGIN_MARK:hisui-legends-arceus","201","Unown Q","Q","Hisui (Legends: Arceus)","ORIGIN_MARK","0","268"
"201:269:ORIGIN_MARK:sin-marca-gen-3-5","201","Unown R","R","Sin marca (Gen 3-5)","ORIGIN_MARK","1","269"
"201:269:ORIGIN_MARK:kalos","201","Unown R","R","Kalos","ORIGIN_MARK","1","269"
"201:269:ORIGIN_MARK:pokemon-go","201","Unown R","R","Pokémon GO","ORIGIN_MARK","0","269"
"201:269:ORIGIN_MARK:sinnoh-bdsp","201","Unown R","R","Sinnoh (BDSP)","ORIGIN_MARK","0","269"
"201:269:ORIGIN_MARK:hisui-legends-arceus","201","Unown R","R","Hisui (Legends: Arceus)","ORIGIN_MARK","0","269"
"201:270:ORIGIN_MARK:sin-marca-gen-3-5","201","Unown S","S","Sin marca (Gen 3-5)","ORIGIN_MARK","1","270"
"201:270:ORIGIN_MARK:kalos","201","Unown S","S","Kalos","ORIGIN_MARK","1","270"
"201:270:ORIGIN_MARK:pokemon-go","201","Unown S","S","Pokémon GO","ORIGIN_MARK","0","270"
"201:270:ORIGIN_MARK:sinnoh-bdsp","201","Unown S","S","Sinnoh (BDSP)","ORIGIN_MARK","0","270"
"201:270:ORIGIN_MARK:hisui-legends-arceus","201","Unown S","S","Hisui (Legends: Arceus)","ORIGIN_MARK","0","270"
"201:271:ORIGIN_MARK:sin-marca-gen-3-5","201","Unown T","T","Sin marca (Gen 3-5)","ORIGIN_MARK","1","271"
"201:271:ORIGIN_MARK:kalos","201","Unown T","T","Kalos","ORIGIN_MARK","1","271"
"201:271:ORIGIN_MARK:pokemon-go","201","Unown T","T","Pokémon GO","ORIGIN_MARK","0","271"
"201:271:ORIGIN_MARK:sinnoh-bdsp","201","Unown T","T","Sinnoh (BDSP)","ORIGIN_MARK","0","271"
"201:271:ORIGIN_MARK:hisui-legends-arceus","201","Unown T","T","Hisui (Legends: Arceus)","ORIGIN_MARK","0","271"
"201:272:ORIGIN_MARK:sin-marca-gen-3-5","201","Unown U","U","Sin marca (Gen 3-5)","ORIGIN_MARK","1","272"
"201:272:ORIGIN_MARK:kalos","201","Unown U","U","Kalos","ORIGIN_MARK","1","272"
"201:272:ORIGIN_MARK:pokemon-go","201","Unown U","U","Pokémon GO","ORIGIN_MARK","0","272"
"201:272:ORIGIN_MARK:sinnoh-bdsp","201","Unown U","U","Sinnoh (BDSP)","ORIGIN_MARK","0","272"
"201:272:ORIGIN_MARK:hisui-legends-arceus","201","Unown U","U","Hisui (Legends: Arceus)","ORIGIN_MARK","0","272"
"201:273:ORIGIN_MARK:consola-virtual","201","Unown V","V","Consola Virtual","ORIGIN_MARK","1","273"
"201:273:ORIGIN_MARK:sin-marca-gen-3-5","201","Unown V","V","Sin marca (Gen 3-5)","ORIGIN_MARK","1","273"
"201:273:ORIGIN_MARK:kalos","201","Unown V","V","Kalos","ORIGIN_MARK","1","273"
"201:273:ORIGIN_MARK:pokemon-go","201","Unown V","V","Pokémon GO","ORIGIN_MARK","0","273"
"201:273:ORIGIN_MARK:sinnoh-bdsp","201","Unown V","V","Sinnoh (BDSP)","ORIGIN_MARK","0","273"
"201:273:ORIGIN_MARK:hisui-legends-arceus","201","Unown V","V","Hisui (Legends: Arceus)","ORIGIN_MARK","0","273"
"201:274:ORIGIN_MARK:sin-marca-gen-3-5","201","Unown W","W","Sin marca (Gen 3-5)","ORIGIN_MARK","1","274"
"201:274:ORIGIN_MARK:kalos","201","Unown W","W","Kalos","ORIGIN_MARK","1","274"
"201:274:ORIGIN_MARK:pokemon-go","201","Unown W","W","Pokémon GO","ORIGIN_MARK","0","274"
"201:274:ORIGIN_MARK:sinnoh-bdsp","201","Unown W","W","Sinnoh (BDSP)","ORIGIN_MARK","0","274"
"201:274:ORIGIN_MARK:hisui-legends-arceus","201","Unown W","W","Hisui (Legends: Arceus)","ORIGIN_MARK","0","274"
"201:275:ORIGIN_MARK:sin-marca-gen-3-5","201","Unown X","X","Sin marca (Gen 3-5)","ORIGIN_MARK","1","275"
"201:275:ORIGIN_MARK:kalos","201","Unown X","X","Kalos","ORIGIN_MARK","1","275"
"201:275:ORIGIN_MARK:pokemon-go","201","Unown X","X","Pokémon GO","ORIGIN_MARK","0","275"
"201:275:ORIGIN_MARK:sinnoh-bdsp","201","Unown X","X","Sinnoh (BDSP)","ORIGIN_MARK","0","275"
"201:275:ORIGIN_MARK:hisui-legends-arceus","201","Unown X","X","Hisui (Legends: Arceus)","ORIGIN_MARK","0","275"
"201:276:ORIGIN_MARK:sin-marca-gen-3-5","201","Unown Y","Y","Sin marca (Gen 3-5)","ORIGIN_MARK","1","276"
"201:276:ORIGIN_MARK:kalos","201","Unown Y","Y","Kalos","ORIGIN_MARK","1","276"
"201:276:ORIGIN_MARK:pokemon-go","201","Unown Y","Y","Pokémon GO","ORIGIN_MARK","0","276"
"201:276:ORIGIN_MARK:sinnoh-bdsp","201","Unown Y","Y","Sinnoh (BDSP)","ORIGIN_MARK","0","276"
"201:276:ORIGIN_MARK:hisui-legends-arceus","201","Unown Y","Y","Hisui (Legends: Arceus)","ORIGIN_MARK","0","276"
"201:277:ORIGIN_MARK:sin-marca-gen-3-5","201","Unown Z","Z","Sin marca (Gen 3-5)","ORIGIN_MARK","1","277"
"201:277:ORIGIN_MARK:kalos","201","Unown Z","Z","Kalos","ORIGIN_MARK","1","277"
"201:277:ORIGIN_MARK:pokemon-go","201","Unown Z","Z","Pokémon GO","ORIGIN_MARK","0","277"
"201:277:ORIGIN_MARK:sinnoh-bdsp","201","Unown Z","Z","Sinnoh (BDSP)","ORIGIN_MARK","0","277"
"201:277:ORIGIN_MARK:hisui-legends-arceus","201","Unown Z","Z","Hisui (Legends: Arceus)","ORIGIN_MARK","0","277"
"201:278:ORIGIN_MARK:sin-marca-gen-3-5","201","Unown !","Estándar","Sin marca (Gen 3-5)","ORIGIN_MARK","1","278"
"201:278:ORIGIN_MARK:kalos","201","Unown !","Estándar","Kalos","ORIGIN_MARK","1","278"
"201:278:ORIGIN_MARK:pokemon-go","201","Unown !","Estándar","Pokémon GO","ORIGIN_MARK","0","278"
"201:278:ORIGIN_MARK:sinnoh-bdsp","201","Unown !","Estándar","Sinnoh (BDSP)","ORIGIN_MARK","0","278"
"201:278:ORIGIN_MARK:hisui-legends-arceus","201","Unown !","Estándar","Hisui (Legends: Arceus)","ORIGIN_MARK","0","278"
"201:279:ORIGIN_MARK:sin-marca-gen-3-5","201","Unown ?","Estándar","Sin marca (Gen 3-5)","ORIGIN_MARK","1","279"
"201:279:ORIGIN_MARK:kalos","201","Unown ?","Estándar","Kalos","ORIGIN_MARK","1","279"
"201:279:ORIGIN_MARK:pokemon-go","201","Unown ?","Estándar","Pokémon GO","ORIGIN_MARK","0","279"
"201:279:ORIGIN_MARK:sinnoh-bdsp","201","Unown ?","Estándar","Sinnoh (BDSP)","ORIGIN_MARK","0","279"
"201:279:ORIGIN_MARK:hisui-legends-arceus","201","Unown ?","Estándar","Hisui (Legends: Arceus)","ORIGIN_MARK","0","279"
"202:280:ORIGIN_MARK:consola-virtual","202","Wobbuffet","Estándar","Consola Virtual","ORIGIN_MARK","1","280"
"202:280:ORIGIN_MARK:sin-marca-gen-3-5","202","Wobbuffet","Estándar","Sin marca (Gen 3-5)","ORIGIN_MARK","1","280"
"202:280:ORIGIN_MARK:kalos","202","Wobbuffet","Estándar","Kalos","ORIGIN_MARK","1","280"
"202:280:ORIGIN_MARK:alola","202","Wobbuffet","Estándar","Alola","ORIGIN_MARK","1","280"
"202:280:ORIGIN_MARK:pokemon-go","202","Wobbuffet","Estándar","Pokémon GO","ORIGIN_MARK","0","280"
"202:280:ORIGIN_MARK:galar","202","Wobbuffet","Estándar","Galar","ORIGIN_MARK","1","280"
"202:280:ORIGIN_MARK:sinnoh-bdsp","202","Wobbuffet","Estándar","Sinnoh (BDSP)","ORIGIN_MARK","0","280"
"203:281:ORIGIN_MARK:consola-virtual","203","Girafarig","Estándar","Consola Virtual","ORIGIN_MARK","1","281"
"203:281:ORIGIN_MARK:sin-marca-gen-3-5","203","Girafarig","Estándar","Sin marca (Gen 3-5)","ORIGIN_MARK","1","281"
"203:281:ORIGIN_MARK:kalos","203","Girafarig","Estándar","Kalos","ORIGIN_MARK","1","281"
"203:281:ORIGIN_MARK:alola","203","Girafarig","Estándar","Alola","ORIGIN_MARK","1","281"
"203:281:ORIGIN_MARK:pokemon-go","203","Girafarig","Estándar","Pokémon GO","ORIGIN_MARK","0","281"
"203:281:ORIGIN_MARK:sinnoh-bdsp","203","Girafarig","Estándar","Sinnoh (BDSP)","ORIGIN_MARK","0","281"
"203:281:ORIGIN_MARK:paldea","203","Girafarig","Estándar","Paldea","ORIGIN_MARK","1","281"
"203:281:ORIGIN_MARK:legends-z-a","203","Girafarig","Estándar","Legends: Z-A","ORIGIN_MARK","0","281"
"203:281:DREAM_BALL:dream-ball-v","203","Girafarig","Estándar","Dream Ball (V)","DREAM_BALL","0","281"
"204:282:ORIGIN_MARK:consola-virtual","204","Pineco","Estándar","Consola Virtual","ORIGIN_MARK","1","282"
"204:282:ORIGIN_MARK:sin-marca-gen-3-5","204","Pineco","Estándar","Sin marca (Gen 3-5)","ORIGIN_MARK","1","282"
"204:282:ORIGIN_MARK:kalos","204","Pineco","Estándar","Kalos","ORIGIN_MARK","1","282"
"204:282:ORIGIN_MARK:alola","204","Pineco","Estándar","Alola","ORIGIN_MARK","1","282"
"204:282:ORIGIN_MARK:pokemon-go","204","Pineco","Estándar","Pokémon GO","ORIGIN_MARK","0","282"
"204:282:ORIGIN_MARK:sinnoh-bdsp","204","Pineco","Estándar","Sinnoh (BDSP)","ORIGIN_MARK","0","282"
"204:282:ORIGIN_MARK:paldea","204","Pineco","Estándar","Paldea","ORIGIN_MARK","1","282"
"204:282:ORIGIN_MARK:legends-z-a","204","Pineco","Estándar","Legends: Z-A","ORIGIN_MARK","0","282"
"204:282:DREAM_BALL:dream-ball-v","204","Pineco","Estándar","Dream Ball (V)","DREAM_BALL","0","282"
"204:282:COLO_XD:colo-xd","204","Pineco","Estándar","Colo/XD","COLO_XD","0","282"
"205:283:ORIGIN_MARK:consola-virtual","205","Forretress","Estándar","Consola Virtual","ORIGIN_MARK","1","283"
"205:283:ORIGIN_MARK:sin-marca-gen-3-5","205","Forretress","Estándar","Sin marca (Gen 3-5)","ORIGIN_MARK","1","283"
"205:283:ORIGIN_MARK:kalos","205","Forretress","Estándar","Kalos","ORIGIN_MARK","1","283"
"205:283:ORIGIN_MARK:alola","205","Forretress","Estándar","Alola","ORIGIN_MARK","1","283"
"205:283:ORIGIN_MARK:pokemon-go","205","Forretress","Estándar","Pokémon GO","ORIGIN_MARK","0","283"
"205:283:ORIGIN_MARK:sinnoh-bdsp","205","Forretress","Estándar","Sinnoh (BDSP)","ORIGIN_MARK","0","283"
"205:283:ORIGIN_MARK:paldea","205","Forretress","Estándar","Paldea","ORIGIN_MARK","1","283"
"205:283:ORIGIN_MARK:legends-z-a","205","Forretress","Estándar","Legends: Z-A","ORIGIN_MARK","0","283"
"205:283:DREAM_BALL:dream-ball-v","205","Forretress","Estándar","Dream Ball (V)","DREAM_BALL","0","283"
"205:283:COLO_XD:colo-xd","205","Forretress","Estándar","Colo/XD","COLO_XD","1","283"
"206:284:ORIGIN_MARK:consola-virtual","206","Dunsparce","Estándar","Consola Virtual","ORIGIN_MARK","1","284"
"206:284:ORIGIN_MARK:sin-marca-gen-3-5","206","Dunsparce","Estándar","Sin marca (Gen 3-5)","ORIGIN_MARK","1","284"
"206:284:ORIGIN_MARK:kalos","206","Dunsparce","Estándar","Kalos","ORIGIN_MARK","1","284"
"206:284:ORIGIN_MARK:alola","206","Dunsparce","Estándar","Alola","ORIGIN_MARK","1","284"
"206:284:ORIGIN_MARK:pokemon-go","206","Dunsparce","Estándar","Pokémon GO","ORIGIN_MARK","0","284"
"206:284:ORIGIN_MARK:galar","206","Dunsparce","Estándar","Galar","ORIGIN_MARK","1","284"
"206:284:ORIGIN_MARK:sinnoh-bdsp","206","Dunsparce","Estándar","Sinnoh (BDSP)","ORIGIN_MARK","0","284"
"206:284:ORIGIN_MARK:paldea","206","Dunsparce","Estándar","Paldea","ORIGIN_MARK","1","284"
"206:284:ORIGIN_MARK:legends-z-a","206","Dunsparce","Estándar","Legends: Z-A","ORIGIN_MARK","0","284"
"206:284:DREAM_BALL:dream-ball-v","206","Dunsparce","Estándar","Dream Ball (V)","DREAM_BALL","0","284"
"206:284:COLO_XD:colo-xd","206","Dunsparce","Estándar","Colo/XD","COLO_XD","0","284"
"207:285:ORIGIN_MARK:consola-virtual","207","Gligar","Estándar","Consola Virtual","ORIGIN_MARK","1","285"
"207:285:ORIGIN_MARK:sin-marca-gen-3-5","207","Gligar","Estándar","Sin marca (Gen 3-5)","ORIGIN_MARK","1","285"
"207:285:ORIGIN_MARK:kalos","207","Gligar","Estándar","Kalos","ORIGIN_MARK","1","285"
"207:285:ORIGIN_MARK:alola","207","Gligar","Estándar","Alola","ORIGIN_MARK","1","285"
"207:285:ORIGIN_MARK:pokemon-go","207","Gligar","Estándar","Pokémon GO","ORIGIN_MARK","0","285"
"207:285:ORIGIN_MARK:sinnoh-bdsp","207","Gligar","Estándar","Sinnoh (BDSP)","ORIGIN_MARK","0","285"
"207:285:ORIGIN_MARK:hisui-legends-arceus","207","Gligar","Estándar","Hisui (Legends: Arceus)","ORIGIN_MARK","0","285"
"207:285:ORIGIN_MARK:paldea","207","Gligar","Estándar","Paldea","ORIGIN_MARK","1","285"
"207:285:ORIGIN_MARK:legends-z-a","207","Gligar","Estándar","Legends: Z-A","ORIGIN_MARK","0","285"
"207:285:DREAM_BALL:dream-ball-v","207","Gligar","Estándar","Dream Ball (V)","DREAM_BALL","0","285"
"207:285:COLO_XD:colo-xd","207","Gligar","Estándar","Colo/XD","COLO_XD","0","285"
"208:286:ORIGIN_MARK:consola-virtual","208","Steelix","Estándar","Consola Virtual","ORIGIN_MARK","1","286"
"208:286:ORIGIN_MARK:sin-marca-gen-3-5","208","Steelix","Estándar","Sin marca (Gen 3-5)","ORIGIN_MARK","1","286"
"208:286:ORIGIN_MARK:kalos","208","Steelix","Estándar","Kalos","ORIGIN_MARK","1","286"
"208:286:ORIGIN_MARK:alola","208","Steelix","Estándar","Alola","ORIGIN_MARK","1","286"
"208:286:ORIGIN_MARK:pokemon-go","208","Steelix","Estándar","Pokémon GO","ORIGIN_MARK","0","286"
"208:286:ORIGIN_MARK:let-s-go","208","Steelix","Estándar","Let's Go","ORIGIN_MARK","0","286"
"208:286:ORIGIN_MARK:galar","208","Steelix","Estándar","Galar","ORIGIN_MARK","1","286"
"208:286:ORIGIN_MARK:sinnoh-bdsp","208","Steelix","Estándar","Sinnoh (BDSP)","ORIGIN_MARK","0","286"
"208:286:ORIGIN_MARK:hisui-legends-arceus","208","Steelix","Estándar","Hisui (Legends: Arceus)","ORIGIN_MARK","0","286"
"208:286:ORIGIN_MARK:legends-z-a","208","Steelix","Estándar","Legends: Z-A","ORIGIN_MARK","0","286"
"208:286:DREAM_BALL:dream-ball-v","208","Steelix","Estándar","Dream Ball (V)","DREAM_BALL","0","286"
"209:287:ORIGIN_MARK:consola-virtual","209","Snubbull","Estándar","Consola Virtual","ORIGIN_MARK","1","287"
"209:287:ORIGIN_MARK:sin-marca-gen-3-5","209","Snubbull","Estándar","Sin marca (Gen 3-5)","ORIGIN_MARK","1","287"
"209:287:ORIGIN_MARK:kalos","209","Snubbull","Estándar","Kalos","ORIGIN_MARK","1","287"
"209:287:ORIGIN_MARK:alola","209","Snubbull","Estándar","Alola","ORIGIN_MARK","1","287"
"209:287:ORIGIN_MARK:pokemon-go","209","Snubbull","Estándar","Pokémon GO","ORIGIN_MARK","0","287"
"209:287:ORIGIN_MARK:sinnoh-bdsp","209","Snubbull","Estándar","Sinnoh (BDSP)","ORIGIN_MARK","0","287"
"209:287:ORIGIN_MARK:paldea","209","Snubbull","Estándar","Paldea","ORIGIN_MARK","1","287"
"209:287:ORIGIN_MARK:legends-z-a","209","Snubbull","Estándar","Legends: Z-A","ORIGIN_MARK","0","287"
"209:287:DREAM_BALL:dream-ball-v","209","Snubbull","Estándar","Dream Ball (V)","DREAM_BALL","0","287"
"210:288:ORIGIN_MARK:consola-virtual","210","Granbull","Estándar","Consola Virtual","ORIGIN_MARK","1","288"
"210:288:ORIGIN_MARK:sin-marca-gen-3-5","210","Granbull","Estándar","Sin marca (Gen 3-5)","ORIGIN_MARK","1","288"
"210:288:ORIGIN_MARK:kalos","210","Granbull","Estándar","Kalos","ORIGIN_MARK","1","288"
"210:288:ORIGIN_MARK:alola","210","Granbull","Estándar","Alola","ORIGIN_MARK","0","288"
"210:288:ORIGIN_MARK:pokemon-go","210","Granbull","Estándar","Pokémon GO","ORIGIN_MARK","0","288"
"210:288:ORIGIN_MARK:sinnoh-bdsp","210","Granbull","Estándar","Sinnoh (BDSP)","ORIGIN_MARK","0","288"
"210:288:ORIGIN_MARK:paldea","210","Granbull","Estándar","Paldea","ORIGIN_MARK","1","288"
"210:288:ORIGIN_MARK:legends-z-a","210","Granbull","Estándar","Legends: Z-A","ORIGIN_MARK","0","288"
"210:288:DREAM_BALL:dream-ball-v","210","Granbull","Estándar","Dream Ball (V)","DREAM_BALL","0","288"
"210:288:COLO_XD:colo-xd","210","Granbull","Estándar","Colo/XD","COLO_XD","1","288"
"211:289:ORIGIN_MARK:consola-virtual","211","Qwilfish","Estándar","Consola Virtual","ORIGIN_MARK","1","289"
"211:289:ORIGIN_MARK:sin-marca-gen-3-5","211","Qwilfish","Estándar","Sin marca (Gen 3-5)","ORIGIN_MARK","1","289"
"211:289:ORIGIN_MARK:kalos","211","Qwilfish","Estándar","Kalos","ORIGIN_MARK","1","289"
"211:289:ORIGIN_MARK:alola","211","Qwilfish","Estándar","Alola","ORIGIN_MARK","1","289"
"211:289:ORIGIN_MARK:pokemon-go","211","Qwilfish","Estándar","Pokémon GO","ORIGIN_MARK","0","289"
"211:289:ORIGIN_MARK:galar","211","Qwilfish","Estándar","Galar","ORIGIN_MARK","1","289"
"211:289:ORIGIN_MARK:sinnoh-bdsp","211","Qwilfish","Estándar","Sinnoh (BDSP)","ORIGIN_MARK","0","289"
"211:289:ORIGIN_MARK:paldea","211","Qwilfish","Estándar","Paldea","ORIGIN_MARK","1","289"
"211:289:ORIGIN_MARK:legends-z-a","211","Qwilfish","Estándar","Legends: Z-A","ORIGIN_MARK","0","289"
"211:289:DREAM_BALL:dream-ball-v","211","Qwilfish","Estándar","Dream Ball (V)","DREAM_BALL","0","289"
"211:289:COLO_XD:colo-xd","211","Qwilfish","Estándar","Colo/XD","COLO_XD","1","289"
"211:290:ORIGIN_MARK:pokemon-go","211","Qwilfish hisui","hisui","Pokémon GO","ORIGIN_MARK","0","290"
"211:290:ORIGIN_MARK:hisui-legends-arceus","211","Qwilfish hisui","hisui","Hisui (Legends: Arceus)","ORIGIN_MARK","0","290"
"211:290:ORIGIN_MARK:paldea","211","Qwilfish hisui","hisui","Paldea","ORIGIN_MARK","1","290"
"212:291:ORIGIN_MARK:consola-virtual","212","Scizor","Estándar","Consola Virtual","ORIGIN_MARK","1","291"
"212:291:ORIGIN_MARK:sin-marca-gen-3-5","212","Scizor","Estándar","Sin marca (Gen 3-5)","ORIGIN_MARK","1","291"
"212:291:ORIGIN_MARK:kalos","212","Scizor","Estándar","Kalos","ORIGIN_MARK","1","291"
"212:291:ORIGIN_MARK:alola","212","Scizor","Estándar","Alola","ORIGIN_MARK","1","291"
"212:291:ORIGIN_MARK:pokemon-go","212","Scizor","Estándar","Pokémon GO","ORIGIN_MARK","0","291"
"212:291:ORIGIN_MARK:let-s-go","212","Scizor","Estándar","Let's Go","ORIGIN_MARK","0","291"
"212:291:ORIGIN_MARK:galar","212","Scizor","Estándar","Galar","ORIGIN_MARK","1","291"
"212:291:ORIGIN_MARK:sinnoh-bdsp","212","Scizor","Estándar","Sinnoh (BDSP)","ORIGIN_MARK","0","291"
"212:291:ORIGIN_MARK:hisui-legends-arceus","212","Scizor","Estándar","Hisui (Legends: Arceus)","ORIGIN_MARK","0","291"
"212:291:ORIGIN_MARK:paldea","212","Scizor","Estándar","Paldea","ORIGIN_MARK","1","291"
"212:291:ORIGIN_MARK:legends-z-a","212","Scizor","Estándar","Legends: Z-A","ORIGIN_MARK","0","291"
"212:291:DREAM_BALL:dream-ball-v","212","Scizor","Estándar","Dream Ball (V)","DREAM_BALL","1","291"
"212:291:COLO_XD:colo-xd","212","Scizor","Estándar","Colo/XD","COLO_XD","1","291"
"213:292:ORIGIN_MARK:consola-virtual","213","Shuckle","Estándar","Consola Virtual","ORIGIN_MARK","1","292"
"213:292:ORIGIN_MARK:sin-marca-gen-3-5","213","Shuckle","Estándar","Sin marca (Gen 3-5)","ORIGIN_MARK","1","292"
"213:292:ORIGIN_MARK:kalos","213","Shuckle","Estándar","Kalos","ORIGIN_MARK","1","292"
"213:292:ORIGIN_MARK:alola","213","Shuckle","Estándar","Alola","ORIGIN_MARK","1","292"
"213:292:ORIGIN_MARK:pokemon-go","213","Shuckle","Estándar","Pokémon GO","ORIGIN_MARK","0","292"
"213:292:ORIGIN_MARK:galar","213","Shuckle","Estándar","Galar","ORIGIN_MARK","1","292"
"213:292:ORIGIN_MARK:sinnoh-bdsp","213","Shuckle","Estándar","Sinnoh (BDSP)","ORIGIN_MARK","0","292"
"213:292:ORIGIN_MARK:legends-z-a","213","Shuckle","Estándar","Legends: Z-A","ORIGIN_MARK","0","292"
"213:292:DREAM_BALL:dream-ball-v","213","Shuckle","Estándar","Dream Ball (V)","DREAM_BALL","1","292"
"213:292:COLO_XD:colo-xd","213","Shuckle","Estándar","Colo/XD","COLO_XD","0","292"
"214:293:ORIGIN_MARK:consola-virtual","214","Heracross","Estándar","Consola Virtual","ORIGIN_MARK","1","293"
"214:293:ORIGIN_MARK:sin-marca-gen-3-5","214","Heracross","Estándar","Sin marca (Gen 3-5)","ORIGIN_MARK","1","293"
"214:293:ORIGIN_MARK:kalos","214","Heracross","Estándar","Kalos","ORIGIN_MARK","1","293"
"214:293:ORIGIN_MARK:alola","214","Heracross","Estándar","Alola","ORIGIN_MARK","1","293"
"214:293:ORIGIN_MARK:pokemon-go","214","Heracross","Estándar","Pokémon GO","ORIGIN_MARK","0","293"
"214:293:ORIGIN_MARK:galar","214","Heracross","Estándar","Galar","ORIGIN_MARK","1","293"
"214:293:ORIGIN_MARK:sinnoh-bdsp","214","Heracross","Estándar","Sinnoh (BDSP)","ORIGIN_MARK","0","293"
"214:293:ORIGIN_MARK:hisui-legends-arceus","214","Heracross","Estándar","Hisui (Legends: Arceus)","ORIGIN_MARK","0","293"
"214:293:ORIGIN_MARK:paldea","214","Heracross","Estándar","Paldea","ORIGIN_MARK","1","293"
"214:293:ORIGIN_MARK:legends-z-a","214","Heracross","Estándar","Legends: Z-A","ORIGIN_MARK","0","293"
"214:293:DREAM_BALL:dream-ball-v","214","Heracross","Estándar","Dream Ball (V)","DREAM_BALL","0","293"
"214:293:COLO_XD:colo-xd","214","Heracross","Estándar","Colo/XD","COLO_XD","1","293"
"215:294:ORIGIN_MARK:consola-virtual","215","Sneasel","Estándar","Consola Virtual","ORIGIN_MARK","1","294"
"215:294:ORIGIN_MARK:sin-marca-gen-3-5","215","Sneasel","Estándar","Sin marca (Gen 3-5)","ORIGIN_MARK","1","294"
"215:294:ORIGIN_MARK:kalos","215","Sneasel","Estándar","Kalos","ORIGIN_MARK","1","294"
"215:294:ORIGIN_MARK:alola","215","Sneasel","Estándar","Alola","ORIGIN_MARK","1","294"
"215:294:ORIGIN_MARK:pokemon-go","215","Sneasel","Estándar","Pokémon GO","ORIGIN_MARK","0","294"
"215:294:ORIGIN_MARK:galar","215","Sneasel","Estándar","Galar","ORIGIN_MARK","1","294"
"215:294:ORIGIN_MARK:sinnoh-bdsp","215","Sneasel","Estándar","Sinnoh (BDSP)","ORIGIN_MARK","0","294"
"215:294:ORIGIN_MARK:hisui-legends-arceus","215","Sneasel","Estándar","Hisui (Legends: Arceus)","ORIGIN_MARK","0","294"
"215:294:ORIGIN_MARK:paldea","215","Sneasel","Estándar","Paldea","ORIGIN_MARK","1","294"
"215:294:ORIGIN_MARK:legends-z-a","215","Sneasel","Estándar","Legends: Z-A","ORIGIN_MARK","0","294"
"215:294:DREAM_BALL:dream-ball-v","215","Sneasel","Estándar","Dream Ball (V)","DREAM_BALL","0","294"
"215:294:COLO_XD:colo-xd","215","Sneasel","Estándar","Colo/XD","COLO_XD","1","294"
"215:295:ORIGIN_MARK:pokemon-go","215","Sneasel hisui","hisui","Pokémon GO","ORIGIN_MARK","0","295"
"215:295:ORIGIN_MARK:hisui-legends-arceus","215","Sneasel hisui","hisui","Hisui (Legends: Arceus)","ORIGIN_MARK","0","295"
"215:295:ORIGIN_MARK:paldea","215","Sneasel hisui","hisui","Paldea","ORIGIN_MARK","1","295"
"216:296:ORIGIN_MARK:consola-virtual","216","Teddiursa","Estándar","Consola Virtual","ORIGIN_MARK","1","296"
"216:296:ORIGIN_MARK:sin-marca-gen-3-5","216","Teddiursa","Estándar","Sin marca (Gen 3-5)","ORIGIN_MARK","1","296"
"216:296:ORIGIN_MARK:kalos","216","Teddiursa","Estándar","Kalos","ORIGIN_MARK","1","296"
"216:296:ORIGIN_MARK:alola","216","Teddiursa","Estándar","Alola","ORIGIN_MARK","1","296"
"216:296:ORIGIN_MARK:pokemon-go","216","Teddiursa","Estándar","Pokémon GO","ORIGIN_MARK","0","296"
"216:296:ORIGIN_MARK:sinnoh-bdsp","216","Teddiursa","Estándar","Sinnoh (BDSP)","ORIGIN_MARK","0","296"
"216:296:ORIGIN_MARK:hisui-legends-arceus","216","Teddiursa","Estándar","Hisui (Legends: Arceus)","ORIGIN_MARK","0","296"
"216:296:ORIGIN_MARK:paldea","216","Teddiursa","Estándar","Paldea","ORIGIN_MARK","1","296"
"216:296:ORIGIN_MARK:legends-z-a","216","Teddiursa","Estándar","Legends: Z-A","ORIGIN_MARK","0","296"
"216:296:DREAM_BALL:dream-ball-v","216","Teddiursa","Estándar","Dream Ball (V)","DREAM_BALL","0","296"
"216:296:COLO_XD:colo-xd","216","Teddiursa","Estándar","Colo/XD","COLO_XD","0","296"
"217:297:ORIGIN_MARK:consola-virtual","217","Ursaring","Estándar","Consola Virtual","ORIGIN_MARK","1","297"
"217:297:ORIGIN_MARK:sin-marca-gen-3-5","217","Ursaring","Estándar","Sin marca (Gen 3-5)","ORIGIN_MARK","1","297"
"217:297:ORIGIN_MARK:kalos","217","Ursaring","Estándar","Kalos","ORIGIN_MARK","1","297"
"217:297:ORIGIN_MARK:alola","217","Ursaring","Estándar","Alola","ORIGIN_MARK","1","297"
"217:297:ORIGIN_MARK:pokemon-go","217","Ursaring","Estándar","Pokémon GO","ORIGIN_MARK","0","297"
"217:297:ORIGIN_MARK:sinnoh-bdsp","217","Ursaring","Estándar","Sinnoh (BDSP)","ORIGIN_MARK","0","297"
"217:297:ORIGIN_MARK:hisui-legends-arceus","217","Ursaring","Estándar","Hisui (Legends: Arceus)","ORIGIN_MARK","0","297"
"217:297:ORIGIN_MARK:paldea","217","Ursaring","Estándar","Paldea","ORIGIN_MARK","1","297"
"217:297:ORIGIN_MARK:legends-z-a","217","Ursaring","Estándar","Legends: Z-A","ORIGIN_MARK","0","297"
"217:297:DREAM_BALL:dream-ball-v","217","Ursaring","Estándar","Dream Ball (V)","DREAM_BALL","0","297"
"217:297:COLO_XD:colo-xd","217","Ursaring","Estándar","Colo/XD","COLO_XD","1","297"
"218:298:ORIGIN_MARK:consola-virtual","218","Slugma","Estándar","Consola Virtual","ORIGIN_MARK","1","298"
"218:298:ORIGIN_MARK:sin-marca-gen-3-5","218","Slugma","Estándar","Sin marca (Gen 3-5)","ORIGIN_MARK","1","298"
"218:298:ORIGIN_MARK:kalos","218","Slugma","Estándar","Kalos","ORIGIN_MARK","1","298"
"218:298:ORIGIN_MARK:alola","218","Slugma","Estándar","Alola","ORIGIN_MARK","1","298"
"218:298:ORIGIN_MARK:pokemon-go","218","Slugma","Estándar","Pokémon GO","ORIGIN_MARK","0","298"
"218:298:ORIGIN_MARK:sinnoh-bdsp","218","Slugma","Estándar","Sinnoh (BDSP)","ORIGIN_MARK","0","298"
"218:298:ORIGIN_MARK:paldea","218","Slugma","Estándar","Paldea","ORIGIN_MARK","1","298"
"218:298:ORIGIN_MARK:legends-z-a","218","Slugma","Estándar","Legends: Z-A","ORIGIN_MARK","0","298"
"218:298:DREAM_BALL:dream-ball-v","218","Slugma","Estándar","Dream Ball (V)","DREAM_BALL","0","298"
"218:298:COLO_XD:colo-xd","218","Slugma","Estándar","Colo/XD","COLO_XD","1","298"
"219:299:ORIGIN_MARK:consola-virtual","219","Magcargo","Estándar","Consola Virtual","ORIGIN_MARK","1","299"
"219:299:ORIGIN_MARK:sin-marca-gen-3-5","219","Magcargo","Estándar","Sin marca (Gen 3-5)","ORIGIN_MARK","1","299"
"219:299:ORIGIN_MARK:kalos","219","Magcargo","Estándar","Kalos","ORIGIN_MARK","1","299"
"219:299:ORIGIN_MARK:alola","219","Magcargo","Estándar","Alola","ORIGIN_MARK","1","299"
"219:299:ORIGIN_MARK:pokemon-go","219","Magcargo","Estándar","Pokémon GO","ORIGIN_MARK","0","299"
"219:299:ORIGIN_MARK:sinnoh-bdsp","219","Magcargo","Estándar","Sinnoh (BDSP)","ORIGIN_MARK","0","299"
"219:299:ORIGIN_MARK:paldea","219","Magcargo","Estándar","Paldea","ORIGIN_MARK","1","299"
"219:299:ORIGIN_MARK:legends-z-a","219","Magcargo","Estándar","Legends: Z-A","ORIGIN_MARK","0","299"
"219:299:DREAM_BALL:dream-ball-v","219","Magcargo","Estándar","Dream Ball (V)","DREAM_BALL","0","299"
"219:299:COLO_XD:colo-xd","219","Magcargo","Estándar","Colo/XD","COLO_XD","0","299"
"220:300:ORIGIN_MARK:consola-virtual","220","Swinub","Estándar","Consola Virtual","ORIGIN_MARK","1","300"
"220:300:ORIGIN_MARK:sin-marca-gen-3-5","220","Swinub","Estándar","Sin marca (Gen 3-5)","ORIGIN_MARK","1","300"
"220:300:ORIGIN_MARK:kalos","220","Swinub","Estándar","Kalos","ORIGIN_MARK","1","300"
"220:300:ORIGIN_MARK:alola","220","Swinub","Estándar","Alola","ORIGIN_MARK","1","300"
"220:300:ORIGIN_MARK:pokemon-go","220","Swinub","Estándar","Pokémon GO","ORIGIN_MARK","0","300"
"220:300:ORIGIN_MARK:galar","220","Swinub","Estándar","Galar","ORIGIN_MARK","1","300"
"220:300:ORIGIN_MARK:sinnoh-bdsp","220","Swinub","Estándar","Sinnoh (BDSP)","ORIGIN_MARK","0","300"
"220:300:ORIGIN_MARK:hisui-legends-arceus","220","Swinub","Estándar","Hisui (Legends: Arceus)","ORIGIN_MARK","0","300"
"220:300:ORIGIN_MARK:paldea","220","Swinub","Estándar","Paldea","ORIGIN_MARK","1","300"
"220:300:ORIGIN_MARK:legends-z-a","220","Swinub","Estándar","Legends: Z-A","ORIGIN_MARK","0","300"
"220:300:DREAM_BALL:dream-ball-v","220","Swinub","Estándar","Dream Ball (V)","DREAM_BALL","0","300"
"220:300:COLO_XD:colo-xd","220","Swinub","Estándar","Colo/XD","COLO_XD","0","300"
"221:301:ORIGIN_MARK:consola-virtual","221","Piloswine","Estándar","Consola Virtual","ORIGIN_MARK","1","301"
"221:301:ORIGIN_MARK:sin-marca-gen-3-5","221","Piloswine","Estándar","Sin marca (Gen 3-5)","ORIGIN_MARK","1","301"
"221:301:ORIGIN_MARK:kalos","221","Piloswine","Estándar","Kalos","ORIGIN_MARK","1","301"
"221:301:ORIGIN_MARK:alola","221","Piloswine","Estándar","Alola","ORIGIN_MARK","1","301"
"221:301:ORIGIN_MARK:pokemon-go","221","Piloswine","Estándar","Pokémon GO","ORIGIN_MARK","0","301"
"221:301:ORIGIN_MARK:galar","221","Piloswine","Estándar","Galar","ORIGIN_MARK","1","301"
"221:301:ORIGIN_MARK:sinnoh-bdsp","221","Piloswine","Estándar","Sinnoh (BDSP)","ORIGIN_MARK","0","301"
"221:301:ORIGIN_MARK:hisui-legends-arceus","221","Piloswine","Estándar","Hisui (Legends: Arceus)","ORIGIN_MARK","0","301"
"221:301:ORIGIN_MARK:paldea","221","Piloswine","Estándar","Paldea","ORIGIN_MARK","1","301"
"221:301:ORIGIN_MARK:legends-z-a","221","Piloswine","Estándar","Legends: Z-A","ORIGIN_MARK","0","301"
"221:301:DREAM_BALL:dream-ball-v","221","Piloswine","Estándar","Dream Ball (V)","DREAM_BALL","0","301"
"221:301:COLO_XD:colo-xd","221","Piloswine","Estándar","Colo/XD","COLO_XD","1","301"
"222:302:ORIGIN_MARK:consola-virtual","222","Corsola","Estándar","Consola Virtual","ORIGIN_MARK","1","302"
"222:302:ORIGIN_MARK:sin-marca-gen-3-5","222","Corsola","Estándar","Sin marca (Gen 3-5)","ORIGIN_MARK","1","302"
"222:302:ORIGIN_MARK:kalos","222","Corsola","Estándar","Kalos","ORIGIN_MARK","1","302"
"222:302:ORIGIN_MARK:alola","222","Corsola","Estándar","Alola","ORIGIN_MARK","1","302"
"222:302:ORIGIN_MARK:pokemon-go","222","Corsola","Estándar","Pokémon GO","ORIGIN_MARK","0","302"
"222:302:ORIGIN_MARK:galar","222","Corsola","Estándar","Galar","ORIGIN_MARK","0","302"
"222:302:ORIGIN_MARK:sinnoh-bdsp","222","Corsola","Estándar","Sinnoh (BDSP)","ORIGIN_MARK","0","302"
"222:302:ORIGIN_MARK:legends-z-a","222","Corsola","Estándar","Legends: Z-A","ORIGIN_MARK","0","302"
"222:302:DREAM_BALL:dream-ball-v","222","Corsola","Estándar","Dream Ball (V)","DREAM_BALL","0","302"
"222:303:ORIGIN_MARK:galar","222","Corsola galar","galar","Galar","ORIGIN_MARK","1","303"
"223:304:ORIGIN_MARK:consola-virtual","223","Remoraid","Estándar","Consola Virtual","ORIGIN_MARK","1","304"
"223:304:ORIGIN_MARK:sin-marca-gen-3-5","223","Remoraid","Estándar","Sin marca (Gen 3-5)","ORIGIN_MARK","1","304"
"223:304:ORIGIN_MARK:kalos","223","Remoraid","Estándar","Kalos","ORIGIN_MARK","1","304"
"223:304:ORIGIN_MARK:alola","223","Remoraid","Estándar","Alola","ORIGIN_MARK","1","304"
"223:304:ORIGIN_MARK:pokemon-go","223","Remoraid","Estándar","Pokémon GO","ORIGIN_MARK","0","304"
"223:304:ORIGIN_MARK:galar","223","Remoraid","Estándar","Galar","ORIGIN_MARK","1","304"
"223:304:ORIGIN_MARK:sinnoh-bdsp","223","Remoraid","Estándar","Sinnoh (BDSP)","ORIGIN_MARK","0","304"
"223:304:ORIGIN_MARK:hisui-legends-arceus","223","Remoraid","Estándar","Hisui (Legends: Arceus)","ORIGIN_MARK","0","304"
"223:304:ORIGIN_MARK:legends-z-a","223","Remoraid","Estándar","Legends: Z-A","ORIGIN_MARK","0","304"
"223:304:DREAM_BALL:dream-ball-v","223","Remoraid","Estándar","Dream Ball (V)","DREAM_BALL","0","304"
"223:304:COLO_XD:colo-xd","223","Remoraid","Estándar","Colo/XD","COLO_XD","1","304"
"224:305:ORIGIN_MARK:consola-virtual","224","Octillery","Estándar","Consola Virtual","ORIGIN_MARK","1","305"
"224:305:ORIGIN_MARK:sin-marca-gen-3-5","224","Octillery","Estándar","Sin marca (Gen 3-5)","ORIGIN_MARK","1","305"
"224:305:ORIGIN_MARK:kalos","224","Octillery","Estándar","Kalos","ORIGIN_MARK","1","305"
"224:305:ORIGIN_MARK:alola","224","Octillery","Estándar","Alola","ORIGIN_MARK","1","305"
"224:305:ORIGIN_MARK:pokemon-go","224","Octillery","Estándar","Pokémon GO","ORIGIN_MARK","0","305"
"224:305:ORIGIN_MARK:galar","224","Octillery","Estándar","Galar","ORIGIN_MARK","1","305"
"224:305:ORIGIN_MARK:sinnoh-bdsp","224","Octillery","Estándar","Sinnoh (BDSP)","ORIGIN_MARK","0","305"
"224:305:ORIGIN_MARK:hisui-legends-arceus","224","Octillery","Estándar","Hisui (Legends: Arceus)","ORIGIN_MARK","0","305"
"224:305:ORIGIN_MARK:legends-z-a","224","Octillery","Estándar","Legends: Z-A","ORIGIN_MARK","0","305"
"224:305:DREAM_BALL:dream-ball-v","224","Octillery","Estándar","Dream Ball (V)","DREAM_BALL","0","305"
"224:305:COLO_XD:colo-xd","224","Octillery","Estándar","Colo/XD","COLO_XD","0","305"
"225:306:ORIGIN_MARK:consola-virtual","225","Delibird","Estándar","Consola Virtual","ORIGIN_MARK","1","306"
"225:306:ORIGIN_MARK:sin-marca-gen-3-5","225","Delibird","Estándar","Sin marca (Gen 3-5)","ORIGIN_MARK","1","306"
"225:306:ORIGIN_MARK:kalos","225","Delibird","Estándar","Kalos","ORIGIN_MARK","1","306"
"225:306:ORIGIN_MARK:alola","225","Delibird","Estándar","Alola","ORIGIN_MARK","1","306"
"225:306:ORIGIN_MARK:pokemon-go","225","Delibird","Estándar","Pokémon GO","ORIGIN_MARK","0","306"
"225:306:ORIGIN_MARK:galar","225","Delibird","Estándar","Galar","ORIGIN_MARK","1","306"
"225:306:ORIGIN_MARK:sinnoh-bdsp","225","Delibird","Estándar","Sinnoh (BDSP)","ORIGIN_MARK","0","306"
"225:306:ORIGIN_MARK:paldea","225","Delibird","Estándar","Paldea","ORIGIN_MARK","1","306"
"225:306:ORIGIN_MARK:legends-z-a","225","Delibird","Estándar","Legends: Z-A","ORIGIN_MARK","0","306"
"225:306:DREAM_BALL:dream-ball-v","225","Delibird","Estándar","Dream Ball (V)","DREAM_BALL","0","306"
"225:306:COLO_XD:colo-xd","225","Delibird","Estándar","Colo/XD","COLO_XD","1","306"
"226:307:ORIGIN_MARK:consola-virtual","226","Mantine","Estándar","Consola Virtual","ORIGIN_MARK","1","307"
"226:307:ORIGIN_MARK:sin-marca-gen-3-5","226","Mantine","Estándar","Sin marca (Gen 3-5)","ORIGIN_MARK","1","307"
"226:307:ORIGIN_MARK:kalos","226","Mantine","Estándar","Kalos","ORIGIN_MARK","1","307"
"226:307:ORIGIN_MARK:alola","226","Mantine","Estándar","Alola","ORIGIN_MARK","1","307"
"226:307:ORIGIN_MARK:pokemon-go","226","Mantine","Estándar","Pokémon GO","ORIGIN_MARK","0","307"
"226:307:ORIGIN_MARK:galar","226","Mantine","Estándar","Galar","ORIGIN_MARK","1","307"
"226:307:ORIGIN_MARK:sinnoh-bdsp","226","Mantine","Estándar","Sinnoh (BDSP)","ORIGIN_MARK","0","307"
"226:307:ORIGIN_MARK:hisui-legends-arceus","226","Mantine","Estándar","Hisui (Legends: Arceus)","ORIGIN_MARK","0","307"
"226:307:ORIGIN_MARK:legends-z-a","226","Mantine","Estándar","Legends: Z-A","ORIGIN_MARK","0","307"
"226:307:DREAM_BALL:dream-ball-v","226","Mantine","Estándar","Dream Ball (V)","DREAM_BALL","0","307"
"226:307:COLO_XD:colo-xd","226","Mantine","Estándar","Colo/XD","COLO_XD","1","307"
"227:308:ORIGIN_MARK:consola-virtual","227","Skarmory","Estándar","Consola Virtual","ORIGIN_MARK","1","308"
"227:308:ORIGIN_MARK:sin-marca-gen-3-5","227","Skarmory","Estándar","Sin marca (Gen 3-5)","ORIGIN_MARK","1","308"
"227:308:ORIGIN_MARK:kalos","227","Skarmory","Estándar","Kalos","ORIGIN_MARK","1","308"
"227:308:ORIGIN_MARK:alola","227","Skarmory","Estándar","Alola","ORIGIN_MARK","1","308"
"227:308:ORIGIN_MARK:pokemon-go","227","Skarmory","Estándar","Pokémon GO","ORIGIN_MARK","0","308"
"227:308:ORIGIN_MARK:galar","227","Skarmory","Estándar","Galar","ORIGIN_MARK","1","308"
"227:308:ORIGIN_MARK:sinnoh-bdsp","227","Skarmory","Estándar","Sinnoh (BDSP)","ORIGIN_MARK","0","308"
"227:308:ORIGIN_MARK:paldea","227","Skarmory","Estándar","Paldea","ORIGIN_MARK","1","308"
"227:308:ORIGIN_MARK:legends-z-a","227","Skarmory","Estándar","Legends: Z-A","ORIGIN_MARK","0","308"
"227:308:DREAM_BALL:dream-ball-v","227","Skarmory","Estándar","Dream Ball (V)","DREAM_BALL","0","308"
"227:308:COLO_XD:colo-xd","227","Skarmory","Estándar","Colo/XD","COLO_XD","1","308"
"228:309:ORIGIN_MARK:consola-virtual","228","Houndour","Estándar","Consola Virtual","ORIGIN_MARK","1","309"
"228:309:ORIGIN_MARK:sin-marca-gen-3-5","228","Houndour","Estándar","Sin marca (Gen 3-5)","ORIGIN_MARK","1","309"
"228:309:ORIGIN_MARK:kalos","228","Houndour","Estándar","Kalos","ORIGIN_MARK","1","309"
"228:309:ORIGIN_MARK:alola","228","Houndour","Estándar","Alola","ORIGIN_MARK","1","309"
"228:309:ORIGIN_MARK:pokemon-go","228","Houndour","Estándar","Pokémon GO","ORIGIN_MARK","0","309"
"228:309:ORIGIN_MARK:sinnoh-bdsp","228","Houndour","Estándar","Sinnoh (BDSP)","ORIGIN_MARK","0","309"
"228:309:ORIGIN_MARK:paldea","228","Houndour","Estándar","Paldea","ORIGIN_MARK","1","309"
"228:309:ORIGIN_MARK:legends-z-a","228","Houndour","Estándar","Legends: Z-A","ORIGIN_MARK","0","309"
"228:309:DREAM_BALL:dream-ball-v","228","Houndour","Estándar","Dream Ball (V)","DREAM_BALL","0","309"
"228:309:COLO_XD:colo-xd","228","Houndour","Estándar","Colo/XD","COLO_XD","0","309"
"229:310:ORIGIN_MARK:consola-virtual","229","Houndoom","Estándar","Consola Virtual","ORIGIN_MARK","1","310"
"229:310:ORIGIN_MARK:sin-marca-gen-3-5","229","Houndoom","Estándar","Sin marca (Gen 3-5)","ORIGIN_MARK","1","310"
"229:310:ORIGIN_MARK:kalos","229","Houndoom","Estándar","Kalos","ORIGIN_MARK","1","310"
"229:310:ORIGIN_MARK:alola","229","Houndoom","Estándar","Alola","ORIGIN_MARK","1","310"
"229:310:ORIGIN_MARK:pokemon-go","229","Houndoom","Estándar","Pokémon GO","ORIGIN_MARK","0","310"
"229:310:ORIGIN_MARK:sinnoh-bdsp","229","Houndoom","Estándar","Sinnoh (BDSP)","ORIGIN_MARK","0","310"
"229:310:ORIGIN_MARK:paldea","229","Houndoom","Estándar","Paldea","ORIGIN_MARK","1","310"
"229:310:ORIGIN_MARK:legends-z-a","229","Houndoom","Estándar","Legends: Z-A","ORIGIN_MARK","0","310"
"229:310:DREAM_BALL:dream-ball-v","229","Houndoom","Estándar","Dream Ball (V)","DREAM_BALL","0","310"
"229:310:COLO_XD:colo-xd","229","Houndoom","Estándar","Colo/XD","COLO_XD","1","310"
"230:311:ORIGIN_MARK:consola-virtual","230","Kingdra","Estándar","Consola Virtual","ORIGIN_MARK","1","311"
"230:311:ORIGIN_MARK:sin-marca-gen-3-5","230","Kingdra","Estándar","Sin marca (Gen 3-5)","ORIGIN_MARK","1","311"
"230:311:ORIGIN_MARK:kalos","230","Kingdra","Estándar","Kalos","ORIGIN_MARK","1","311"
"230:311:ORIGIN_MARK:alola","230","Kingdra","Estándar","Alola","ORIGIN_MARK","1","311"
"230:311:ORIGIN_MARK:pokemon-go","230","Kingdra","Estándar","Pokémon GO","ORIGIN_MARK","0","311"
"230:311:ORIGIN_MARK:let-s-go","230","Kingdra","Estándar","Let's Go","ORIGIN_MARK","0","311"
"230:311:ORIGIN_MARK:galar","230","Kingdra","Estándar","Galar","ORIGIN_MARK","1","311"
"230:311:ORIGIN_MARK:sinnoh-bdsp","230","Kingdra","Estándar","Sinnoh (BDSP)","ORIGIN_MARK","0","311"
"230:311:ORIGIN_MARK:paldea","230","Kingdra","Estándar","Paldea","ORIGIN_MARK","1","311"
"230:311:ORIGIN_MARK:legends-z-a","230","Kingdra","Estándar","Legends: Z-A","ORIGIN_MARK","0","311"
"230:311:DREAM_BALL:dream-ball-v","230","Kingdra","Estándar","Dream Ball (V)","DREAM_BALL","0","311"
"231:312:ORIGIN_MARK:consola-virtual","231","Phanpy","Estándar","Consola Virtual","ORIGIN_MARK","1","312"
"231:312:ORIGIN_MARK:sin-marca-gen-3-5","231","Phanpy","Estándar","Sin marca (Gen 3-5)","ORIGIN_MARK","1","312"
"231:312:ORIGIN_MARK:kalos","231","Phanpy","Estándar","Kalos","ORIGIN_MARK","1","312"
"231:312:ORIGIN_MARK:alola","231","Phanpy","Estándar","Alola","ORIGIN_MARK","1","312"
"231:312:ORIGIN_MARK:pokemon-go","231","Phanpy","Estándar","Pokémon GO","ORIGIN_MARK","0","312"
"231:312:ORIGIN_MARK:sinnoh-bdsp","231","Phanpy","Estándar","Sinnoh (BDSP)","ORIGIN_MARK","0","312"
"231:312:ORIGIN_MARK:paldea","231","Phanpy","Estándar","Paldea","ORIGIN_MARK","1","312"
"231:312:ORIGIN_MARK:legends-z-a","231","Phanpy","Estándar","Legends: Z-A","ORIGIN_MARK","0","312"
"231:312:DREAM_BALL:dream-ball-v","231","Phanpy","Estándar","Dream Ball (V)","DREAM_BALL","0","312"
"231:312:COLO_XD:colo-xd","231","Phanpy","Estándar","Colo/XD","COLO_XD","0","312"
"232:313:ORIGIN_MARK:consola-virtual","232","Donphan","Estándar","Consola Virtual","ORIGIN_MARK","1","313"
"232:313:ORIGIN_MARK:sin-marca-gen-3-5","232","Donphan","Estándar","Sin marca (Gen 3-5)","ORIGIN_MARK","1","313"
"232:313:ORIGIN_MARK:kalos","232","Donphan","Estándar","Kalos","ORIGIN_MARK","1","313"
"232:313:ORIGIN_MARK:alola","232","Donphan","Estándar","Alola","ORIGIN_MARK","1","313"
"232:313:ORIGIN_MARK:pokemon-go","232","Donphan","Estándar","Pokémon GO","ORIGIN_MARK","0","313"
"232:313:ORIGIN_MARK:sinnoh-bdsp","232","Donphan","Estándar","Sinnoh (BDSP)","ORIGIN_MARK","0","313"
"232:313:ORIGIN_MARK:paldea","232","Donphan","Estándar","Paldea","ORIGIN_MARK","1","313"
"232:313:ORIGIN_MARK:legends-z-a","232","Donphan","Estándar","Legends: Z-A","ORIGIN_MARK","0","313"
"232:313:DREAM_BALL:dream-ball-v","232","Donphan","Estándar","Dream Ball (V)","DREAM_BALL","0","313"
"232:313:COLO_XD:colo-xd","232","Donphan","Estándar","Colo/XD","COLO_XD","0","313"
"233:314:ORIGIN_MARK:consola-virtual","233","Porygon2","Estándar","Consola Virtual","ORIGIN_MARK","1","314"
"233:314:ORIGIN_MARK:sin-marca-gen-3-5","233","Porygon2","Estándar","Sin marca (Gen 3-5)","ORIGIN_MARK","1","314"
"233:314:ORIGIN_MARK:kalos","233","Porygon2","Estándar","Kalos","ORIGIN_MARK","1","314"
"233:314:ORIGIN_MARK:alola","233","Porygon2","Estándar","Alola","ORIGIN_MARK","1","314"
"233:314:ORIGIN_MARK:pokemon-go","233","Porygon2","Estándar","Pokémon GO","ORIGIN_MARK","0","314"
"233:314:ORIGIN_MARK:let-s-go","233","Porygon2","Estándar","Let's Go","ORIGIN_MARK","0","314"
"233:314:ORIGIN_MARK:galar","233","Porygon2","Estándar","Galar","ORIGIN_MARK","1","314"
"233:314:ORIGIN_MARK:sinnoh-bdsp","233","Porygon2","Estándar","Sinnoh (BDSP)","ORIGIN_MARK","0","314"
"233:314:ORIGIN_MARK:hisui-legends-arceus","233","Porygon2","Estándar","Hisui (Legends: Arceus)","ORIGIN_MARK","0","314"
"233:314:ORIGIN_MARK:paldea","233","Porygon2","Estándar","Paldea","ORIGIN_MARK","1","314"
"233:314:ORIGIN_MARK:legends-z-a","233","Porygon2","Estándar","Legends: Z-A","ORIGIN_MARK","0","314"
"233:314:DREAM_BALL:dream-ball-v","233","Porygon2","Estándar","Dream Ball (V)","DREAM_BALL","0","314"
"234:315:ORIGIN_MARK:consola-virtual","234","Stantler","Estándar","Consola Virtual","ORIGIN_MARK","1","315"
"234:315:ORIGIN_MARK:sin-marca-gen-3-5","234","Stantler","Estándar","Sin marca (Gen 3-5)","ORIGIN_MARK","1","315"
"234:315:ORIGIN_MARK:kalos","234","Stantler","Estándar","Kalos","ORIGIN_MARK","1","315"
"234:315:ORIGIN_MARK:alola","234","Stantler","Estándar","Alola","ORIGIN_MARK","1","315"
"234:315:ORIGIN_MARK:pokemon-go","234","Stantler","Estándar","Pokémon GO","ORIGIN_MARK","0","315"
"234:315:ORIGIN_MARK:sinnoh-bdsp","234","Stantler","Estándar","Sinnoh (BDSP)","ORIGIN_MARK","0","315"
"234:315:ORIGIN_MARK:hisui-legends-arceus","234","Stantler","Estándar","Hisui (Legends: Arceus)","ORIGIN_MARK","0","315"
"234:315:ORIGIN_MARK:paldea","234","Stantler","Estándar","Paldea","ORIGIN_MARK","1","315"
"234:315:ORIGIN_MARK:legends-z-a","234","Stantler","Estándar","Legends: Z-A","ORIGIN_MARK","0","315"
"234:315:DREAM_BALL:dream-ball-v","234","Stantler","Estándar","Dream Ball (V)","DREAM_BALL","0","315"
"234:315:COLO_XD:colo-xd","234","Stantler","Estándar","Colo/XD","COLO_XD","1","315"
"235:316:ORIGIN_MARK:consola-virtual","235","Smeargle","Estándar","Consola Virtual","ORIGIN_MARK","1","316"
"235:316:ORIGIN_MARK:sin-marca-gen-3-5","235","Smeargle","Estándar","Sin marca (Gen 3-5)","ORIGIN_MARK","1","316"
"235:316:ORIGIN_MARK:kalos","235","Smeargle","Estándar","Kalos","ORIGIN_MARK","1","316"
"235:316:ORIGIN_MARK:alola","235","Smeargle","Estándar","Alola","ORIGIN_MARK","1","316"
"235:316:ORIGIN_MARK:pokemon-go","235","Smeargle","Estándar","Pokémon GO","ORIGIN_MARK","0","316"
"235:316:ORIGIN_MARK:sinnoh-bdsp","235","Smeargle","Estándar","Sinnoh (BDSP)","ORIGIN_MARK","0","316"
"235:316:ORIGIN_MARK:paldea","235","Smeargle","Estándar","Paldea","ORIGIN_MARK","1","316"
"235:316:ORIGIN_MARK:legends-z-a","235","Smeargle","Estándar","Legends: Z-A","ORIGIN_MARK","0","316"
"235:316:DREAM_BALL:dream-ball-v","235","Smeargle","Estándar","Dream Ball (V)","DREAM_BALL","0","316"
"235:316:COLO_XD:colo-xd","235","Smeargle","Estándar","Colo/XD","COLO_XD","1","316"
"236:317:ORIGIN_MARK:consola-virtual","236","Tyrogue","Estándar","Consola Virtual","ORIGIN_MARK","1","317"
"236:317:ORIGIN_MARK:sin-marca-gen-3-5","236","Tyrogue","Estándar","Sin marca (Gen 3-5)","ORIGIN_MARK","1","317"
"236:317:ORIGIN_MARK:kalos","236","Tyrogue","Estándar","Kalos","ORIGIN_MARK","1","317"
"236:317:ORIGIN_MARK:alola","236","Tyrogue","Estándar","Alola","ORIGIN_MARK","1","317"
"236:317:ORIGIN_MARK:pokemon-go","236","Tyrogue","Estándar","Pokémon GO","ORIGIN_MARK","0","317"
"236:317:ORIGIN_MARK:galar","236","Tyrogue","Estándar","Galar","ORIGIN_MARK","1","317"
"236:317:ORIGIN_MARK:sinnoh-bdsp","236","Tyrogue","Estándar","Sinnoh (BDSP)","ORIGIN_MARK","0","317"
"236:317:ORIGIN_MARK:paldea","236","Tyrogue","Estándar","Paldea","ORIGIN_MARK","1","317"
"236:317:ORIGIN_MARK:legends-z-a","236","Tyrogue","Estándar","Legends: Z-A","ORIGIN_MARK","0","317"
"236:317:DREAM_BALL:dream-ball-v","236","Tyrogue","Estándar","Dream Ball (V)","DREAM_BALL","0","317"
"237:318:ORIGIN_MARK:consola-virtual","237","Hitmontop","Estándar","Consola Virtual","ORIGIN_MARK","1","318"
"237:318:ORIGIN_MARK:sin-marca-gen-3-5","237","Hitmontop","Estándar","Sin marca (Gen 3-5)","ORIGIN_MARK","1","318"
"237:318:ORIGIN_MARK:kalos","237","Hitmontop","Estándar","Kalos","ORIGIN_MARK","1","318"
"237:318:ORIGIN_MARK:alola","237","Hitmontop","Estándar","Alola","ORIGIN_MARK","1","318"
"237:318:ORIGIN_MARK:pokemon-go","237","Hitmontop","Estándar","Pokémon GO","ORIGIN_MARK","0","318"
"237:318:ORIGIN_MARK:galar","237","Hitmontop","Estándar","Galar","ORIGIN_MARK","1","318"
"237:318:ORIGIN_MARK:sinnoh-bdsp","237","Hitmontop","Estándar","Sinnoh (BDSP)","ORIGIN_MARK","0","318"
"237:318:ORIGIN_MARK:paldea","237","Hitmontop","Estándar","Paldea","ORIGIN_MARK","1","318"
"237:318:ORIGIN_MARK:legends-z-a","237","Hitmontop","Estándar","Legends: Z-A","ORIGIN_MARK","0","318"
"237:318:DREAM_BALL:dream-ball-v","237","Hitmontop","Estándar","Dream Ball (V)","DREAM_BALL","0","318"
"237:318:COLO_XD:colo-xd","237","Hitmontop","Estándar","Colo/XD","COLO_XD","1","318"
"238:319:ORIGIN_MARK:consola-virtual","238","Smoochum","Estándar","Consola Virtual","ORIGIN_MARK","1","319"
"238:319:ORIGIN_MARK:sin-marca-gen-3-5","238","Smoochum","Estándar","Sin marca (Gen 3-5)","ORIGIN_MARK","1","319"
"238:319:ORIGIN_MARK:kalos","238","Smoochum","Estándar","Kalos","ORIGIN_MARK","1","319"
"238:319:ORIGIN_MARK:alola","238","Smoochum","Estándar","Alola","ORIGIN_MARK","1","319"
"238:319:ORIGIN_MARK:pokemon-go","238","Smoochum","Estándar","Pokémon GO","ORIGIN_MARK","0","319"
"238:319:ORIGIN_MARK:galar","238","Smoochum","Estándar","Galar","ORIGIN_MARK","1","319"
"238:319:ORIGIN_MARK:sinnoh-bdsp","238","Smoochum","Estándar","Sinnoh (BDSP)","ORIGIN_MARK","0","319"
"238:319:ORIGIN_MARK:legends-z-a","238","Smoochum","Estándar","Legends: Z-A","ORIGIN_MARK","0","319"
"238:319:DREAM_BALL:dream-ball-v","238","Smoochum","Estándar","Dream Ball (V)","DREAM_BALL","1","319"
"239:320:ORIGIN_MARK:consola-virtual","239","Elekid","Estándar","Consola Virtual","ORIGIN_MARK","1","320"
"239:320:ORIGIN_MARK:sin-marca-gen-3-5","239","Elekid","Estándar","Sin marca (Gen 3-5)","ORIGIN_MARK","1","320"
"239:320:ORIGIN_MARK:kalos","239","Elekid","Estándar","Kalos","ORIGIN_MARK","1","320"
"239:320:ORIGIN_MARK:alola","239","Elekid","Estándar","Alola","ORIGIN_MARK","1","320"
"239:320:ORIGIN_MARK:pokemon-go","239","Elekid","Estándar","Pokémon GO","ORIGIN_MARK","0","320"
"239:320:ORIGIN_MARK:galar","239","Elekid","Estándar","Galar","ORIGIN_MARK","1","320"
"239:320:ORIGIN_MARK:sinnoh-bdsp","239","Elekid","Estándar","Sinnoh (BDSP)","ORIGIN_MARK","0","320"
"239:320:ORIGIN_MARK:hisui-legends-arceus","239","Elekid","Estándar","Hisui (Legends: Arceus)","ORIGIN_MARK","0","320"
"239:320:ORIGIN_MARK:paldea","239","Elekid","Estándar","Paldea","ORIGIN_MARK","1","320"
"239:320:ORIGIN_MARK:legends-z-a","239","Elekid","Estándar","Legends: Z-A","ORIGIN_MARK","0","320"
"239:320:DREAM_BALL:dream-ball-v","239","Elekid","Estándar","Dream Ball (V)","DREAM_BALL","0","320"
"239:320:COLO_XD:colo-xd","239","Elekid","Estándar","Colo/XD","COLO_XD","0","320"
"240:321:ORIGIN_MARK:consola-virtual","240","Magby","Estándar","Consola Virtual","ORIGIN_MARK","1","321"
"240:321:ORIGIN_MARK:sin-marca-gen-3-5","240","Magby","Estándar","Sin marca (Gen 3-5)","ORIGIN_MARK","1","321"
"240:321:ORIGIN_MARK:kalos","240","Magby","Estándar","Kalos","ORIGIN_MARK","1","321"
"240:321:ORIGIN_MARK:alola","240","Magby","Estándar","Alola","ORIGIN_MARK","1","321"
"240:321:ORIGIN_MARK:pokemon-go","240","Magby","Estándar","Pokémon GO","ORIGIN_MARK","0","321"
"240:321:ORIGIN_MARK:galar","240","Magby","Estándar","Galar","ORIGIN_MARK","1","321"
"240:321:ORIGIN_MARK:sinnoh-bdsp","240","Magby","Estándar","Sinnoh (BDSP)","ORIGIN_MARK","0","321"
"240:321:ORIGIN_MARK:hisui-legends-arceus","240","Magby","Estándar","Hisui (Legends: Arceus)","ORIGIN_MARK","0","321"
"240:321:ORIGIN_MARK:paldea","240","Magby","Estándar","Paldea","ORIGIN_MARK","1","321"
"240:321:ORIGIN_MARK:legends-z-a","240","Magby","Estándar","Legends: Z-A","ORIGIN_MARK","0","321"
"240:321:DREAM_BALL:dream-ball-v","240","Magby","Estándar","Dream Ball (V)","DREAM_BALL","0","321"
"241:322:ORIGIN_MARK:consola-virtual","241","Miltank","Estándar","Consola Virtual","ORIGIN_MARK","1","322"
"241:322:ORIGIN_MARK:sin-marca-gen-3-5","241","Miltank","Estándar","Sin marca (Gen 3-5)","ORIGIN_MARK","1","322"
"241:322:ORIGIN_MARK:kalos","241","Miltank","Estándar","Kalos","ORIGIN_MARK","1","322"
"241:322:ORIGIN_MARK:alola","241","Miltank","Estándar","Alola","ORIGIN_MARK","1","322"
"241:322:ORIGIN_MARK:pokemon-go","241","Miltank","Estándar","Pokémon GO","ORIGIN_MARK","0","322"
"241:322:ORIGIN_MARK:galar","241","Miltank","Estándar","Galar","ORIGIN_MARK","1","322"
"241:322:ORIGIN_MARK:sinnoh-bdsp","241","Miltank","Estándar","Sinnoh (BDSP)","ORIGIN_MARK","0","322"
"241:322:ORIGIN_MARK:legends-z-a","241","Miltank","Estándar","Legends: Z-A","ORIGIN_MARK","0","322"
"241:322:DREAM_BALL:dream-ball-v","241","Miltank","Estándar","Dream Ball (V)","DREAM_BALL","0","322"
"241:322:COLO_XD:colo-xd","241","Miltank","Estándar","Colo/XD","COLO_XD","1","322"
"242:323:ORIGIN_MARK:consola-virtual","242","Blissey","Estándar","Consola Virtual","ORIGIN_MARK","1","323"
"242:323:ORIGIN_MARK:sin-marca-gen-3-5","242","Blissey","Estándar","Sin marca (Gen 3-5)","ORIGIN_MARK","1","323"
"242:323:ORIGIN_MARK:kalos","242","Blissey","Estándar","Kalos","ORIGIN_MARK","1","323"
"242:323:ORIGIN_MARK:alola","242","Blissey","Estándar","Alola","ORIGIN_MARK","1","323"
"242:323:ORIGIN_MARK:pokemon-go","242","Blissey","Estándar","Pokémon GO","ORIGIN_MARK","1","323"
"242:323:ORIGIN_MARK:let-s-go","242","Blissey","Estándar","Let's Go","ORIGIN_MARK","0","323"
"242:323:ORIGIN_MARK:galar","242","Blissey","Estándar","Galar","ORIGIN_MARK","1","323"
"242:323:ORIGIN_MARK:sinnoh-bdsp","242","Blissey","Estándar","Sinnoh (BDSP)","ORIGIN_MARK","0","323"
"242:323:ORIGIN_MARK:hisui-legends-arceus","242","Blissey","Estándar","Hisui (Legends: Arceus)","ORIGIN_MARK","0","323"
"242:323:ORIGIN_MARK:paldea","242","Blissey","Estándar","Paldea","ORIGIN_MARK","1","323"
"242:323:ORIGIN_MARK:legends-z-a","242","Blissey","Estándar","Legends: Z-A","ORIGIN_MARK","0","323"
"242:323:DREAM_BALL:dream-ball-v","242","Blissey","Estándar","Dream Ball (V)","DREAM_BALL","1","323"
"242:323:COLO_XD:colo-xd","242","Blissey","Estándar","Colo/XD","COLO_XD","1","323"
"243:324:ORIGIN_MARK:consola-virtual","243","Raikou","Estándar","Consola Virtual","ORIGIN_MARK","1","324"
"243:324:ORIGIN_MARK:sin-marca-gen-3-5","243","Raikou","Estándar","Sin marca (Gen 3-5)","ORIGIN_MARK","1","324"
"243:324:ORIGIN_MARK:kalos","243","Raikou","Estándar","Kalos","ORIGIN_MARK","1","324"
"243:324:ORIGIN_MARK:alola","243","Raikou","Estándar","Alola","ORIGIN_MARK","1","324"
"243:324:ORIGIN_MARK:pokemon-go","243","Raikou","Estándar","Pokémon GO","ORIGIN_MARK","0","324"
"243:324:ORIGIN_MARK:galar","243","Raikou","Estándar","Galar","ORIGIN_MARK","1","324"
"243:324:ORIGIN_MARK:sinnoh-bdsp","243","Raikou","Estándar","Sinnoh (BDSP)","ORIGIN_MARK","0","324"
"243:324:COLO_XD:colo-xd","243","Raikou","Estándar","Colo/XD","COLO_XD","1","324"
"244:325:ORIGIN_MARK:consola-virtual","244","Entei","Estándar","Consola Virtual","ORIGIN_MARK","1","325"
"244:325:ORIGIN_MARK:sin-marca-gen-3-5","244","Entei","Estándar","Sin marca (Gen 3-5)","ORIGIN_MARK","1","325"
"244:325:ORIGIN_MARK:kalos","244","Entei","Estándar","Kalos","ORIGIN_MARK","1","325"
"244:325:ORIGIN_MARK:alola","244","Entei","Estándar","Alola","ORIGIN_MARK","1","325"
"244:325:ORIGIN_MARK:pokemon-go","244","Entei","Estándar","Pokémon GO","ORIGIN_MARK","1","325"
"244:325:ORIGIN_MARK:galar","244","Entei","Estándar","Galar","ORIGIN_MARK","1","325"
"244:325:ORIGIN_MARK:sinnoh-bdsp","244","Entei","Estándar","Sinnoh (BDSP)","ORIGIN_MARK","0","325"
"244:325:COLO_XD:colo-xd","244","Entei","Estándar","Colo/XD","COLO_XD","1","325"
"245:326:ORIGIN_MARK:consola-virtual","245","Suicune","Estándar","Consola Virtual","ORIGIN_MARK","1","326"
"245:326:ORIGIN_MARK:sin-marca-gen-3-5","245","Suicune","Estándar","Sin marca (Gen 3-5)","ORIGIN_MARK","1","326"
"245:326:ORIGIN_MARK:kalos","245","Suicune","Estándar","Kalos","ORIGIN_MARK","1","326"
"245:326:ORIGIN_MARK:alola","245","Suicune","Estándar","Alola","ORIGIN_MARK","1","326"
"245:326:ORIGIN_MARK:pokemon-go","245","Suicune","Estándar","Pokémon GO","ORIGIN_MARK","0","326"
"245:326:ORIGIN_MARK:galar","245","Suicune","Estándar","Galar","ORIGIN_MARK","1","326"
"245:326:ORIGIN_MARK:sinnoh-bdsp","245","Suicune","Estándar","Sinnoh (BDSP)","ORIGIN_MARK","0","326"
"245:326:COLO_XD:colo-xd","245","Suicune","Estándar","Colo/XD","COLO_XD","1","326"
"246:327:ORIGIN_MARK:consola-virtual","246","Larvitar","Estándar","Consola Virtual","ORIGIN_MARK","1","327"
"246:327:ORIGIN_MARK:sin-marca-gen-3-5","246","Larvitar","Estándar","Sin marca (Gen 3-5)","ORIGIN_MARK","1","327"
"246:327:ORIGIN_MARK:kalos","246","Larvitar","Estándar","Kalos","ORIGIN_MARK","1","327"
"246:327:ORIGIN_MARK:alola","246","Larvitar","Estándar","Alola","ORIGIN_MARK","1","327"
"246:327:ORIGIN_MARK:pokemon-go","246","Larvitar","Estándar","Pokémon GO","ORIGIN_MARK","0","327"
"246:327:ORIGIN_MARK:galar","246","Larvitar","Estándar","Galar","ORIGIN_MARK","1","327"
"246:327:ORIGIN_MARK:sinnoh-bdsp","246","Larvitar","Estándar","Sinnoh (BDSP)","ORIGIN_MARK","0","327"
"246:327:ORIGIN_MARK:paldea","246","Larvitar","Estándar","Paldea","ORIGIN_MARK","1","327"
"246:327:ORIGIN_MARK:legends-z-a","246","Larvitar","Estándar","Legends: Z-A","ORIGIN_MARK","0","327"
"246:327:DREAM_BALL:dream-ball-v","246","Larvitar","Estándar","Dream Ball (V)","DREAM_BALL","0","327"
"246:327:COLO_XD:colo-xd","246","Larvitar","Estándar","Colo/XD","COLO_XD","0","327"
"247:328:ORIGIN_MARK:consola-virtual","247","Pupitar","Estándar","Consola Virtual","ORIGIN_MARK","1","328"
"247:328:ORIGIN_MARK:sin-marca-gen-3-5","247","Pupitar","Estándar","Sin marca (Gen 3-5)","ORIGIN_MARK","1","328"
"247:328:ORIGIN_MARK:kalos","247","Pupitar","Estándar","Kalos","ORIGIN_MARK","1","328"
"247:328:ORIGIN_MARK:alola","247","Pupitar","Estándar","Alola","ORIGIN_MARK","1","328"
"247:328:ORIGIN_MARK:pokemon-go","247","Pupitar","Estándar","Pokémon GO","ORIGIN_MARK","0","328"
"247:328:ORIGIN_MARK:galar","247","Pupitar","Estándar","Galar","ORIGIN_MARK","1","328"
"247:328:ORIGIN_MARK:sinnoh-bdsp","247","Pupitar","Estándar","Sinnoh (BDSP)","ORIGIN_MARK","0","328"
"247:328:ORIGIN_MARK:paldea","247","Pupitar","Estándar","Paldea","ORIGIN_MARK","1","328"
"247:328:ORIGIN_MARK:legends-z-a","247","Pupitar","Estándar","Legends: Z-A","ORIGIN_MARK","0","328"
"247:328:DREAM_BALL:dream-ball-v","247","Pupitar","Estándar","Dream Ball (V)","DREAM_BALL","0","328"
"247:328:COLO_XD:colo-xd","247","Pupitar","Estándar","Colo/XD","COLO_XD","0","328"
"248:329:ORIGIN_MARK:consola-virtual","248","Tyranitar","Estándar","Consola Virtual","ORIGIN_MARK","1","329"
"248:329:ORIGIN_MARK:sin-marca-gen-3-5","248","Tyranitar","Estándar","Sin marca (Gen 3-5)","ORIGIN_MARK","1","329"
"248:329:ORIGIN_MARK:kalos","248","Tyranitar","Estándar","Kalos","ORIGIN_MARK","1","329"
"248:329:ORIGIN_MARK:alola","248","Tyranitar","Estándar","Alola","ORIGIN_MARK","1","329"
"248:329:ORIGIN_MARK:pokemon-go","248","Tyranitar","Estándar","Pokémon GO","ORIGIN_MARK","0","329"
"248:329:ORIGIN_MARK:galar","248","Tyranitar","Estándar","Galar","ORIGIN_MARK","1","329"
"248:329:ORIGIN_MARK:sinnoh-bdsp","248","Tyranitar","Estándar","Sinnoh (BDSP)","ORIGIN_MARK","0","329"
"248:329:ORIGIN_MARK:paldea","248","Tyranitar","Estándar","Paldea","ORIGIN_MARK","1","329"
"248:329:ORIGIN_MARK:legends-z-a","248","Tyranitar","Estándar","Legends: Z-A","ORIGIN_MARK","0","329"
"248:329:DREAM_BALL:dream-ball-v","248","Tyranitar","Estándar","Dream Ball (V)","DREAM_BALL","1","329"
"248:329:COLO_XD:colo-xd","248","Tyranitar","Estándar","Colo/XD","COLO_XD","1","329"
"249:330:ORIGIN_MARK:consola-virtual","249","Lugia","Estándar","Consola Virtual","ORIGIN_MARK","1","330"
"249:330:ORIGIN_MARK:sin-marca-gen-3-5","249","Lugia","Estándar","Sin marca (Gen 3-5)","ORIGIN_MARK","1","330"
"249:330:ORIGIN_MARK:kalos","249","Lugia","Estándar","Kalos","ORIGIN_MARK","1","330"
"249:330:ORIGIN_MARK:alola","249","Lugia","Estándar","Alola","ORIGIN_MARK","1","330"
"249:330:ORIGIN_MARK:pokemon-go","249","Lugia","Estándar","Pokémon GO","ORIGIN_MARK","1","330"
"249:330:ORIGIN_MARK:galar","249","Lugia","Estándar","Galar","ORIGIN_MARK","1","330"
"249:330:ORIGIN_MARK:sinnoh-bdsp","249","Lugia","Estándar","Sinnoh (BDSP)","ORIGIN_MARK","0","330"
"249:330:ORIGIN_MARK:legends-z-a","249","Lugia","Estándar","Legends: Z-A","ORIGIN_MARK","0","330"
"249:330:DREAM_BALL:dream-ball-v","249","Lugia","Estándar","Dream Ball (V)","DREAM_BALL","1","330"
"249:330:COLO_XD:colo-xd","249","Lugia","Estándar","Colo/XD","COLO_XD","1","330"
"250:331:ORIGIN_MARK:consola-virtual","250","Ho-Oh","Estándar","Consola Virtual","ORIGIN_MARK","1","331"
"250:331:ORIGIN_MARK:sin-marca-gen-3-5","250","Ho-Oh","Estándar","Sin marca (Gen 3-5)","ORIGIN_MARK","1","331"
"250:331:ORIGIN_MARK:kalos","250","Ho-Oh","Estándar","Kalos","ORIGIN_MARK","1","331"
"250:331:ORIGIN_MARK:alola","250","Ho-Oh","Estándar","Alola","ORIGIN_MARK","1","331"
"250:331:ORIGIN_MARK:pokemon-go","250","Ho-Oh","Estándar","Pokémon GO","ORIGIN_MARK","1","331"
"250:331:ORIGIN_MARK:galar","250","Ho-Oh","Estándar","Galar","ORIGIN_MARK","1","331"
"250:331:ORIGIN_MARK:sinnoh-bdsp","250","Ho-Oh","Estándar","Sinnoh (BDSP)","ORIGIN_MARK","0","331"
"250:331:ORIGIN_MARK:legends-z-a","250","Ho-Oh","Estándar","Legends: Z-A","ORIGIN_MARK","0","331"
"250:331:DREAM_BALL:dream-ball-v","250","Ho-Oh","Estándar","Dream Ball (V)","DREAM_BALL","1","331"
"250:331:COLO_XD:colo-xd","250","Ho-Oh","Estándar","Colo/XD","COLO_XD","1","331"
"251:332:ORIGIN_MARK:consola-virtual","251","Celebi","Estándar","Consola Virtual","ORIGIN_MARK","1","332"
"251:332:ORIGIN_MARK:sin-marca-gen-3-5","251","Celebi","Estándar","Sin marca (Gen 3-5)","ORIGIN_MARK","1","332"
"251:332:ORIGIN_MARK:pokemon-go","251","Celebi","Estándar","Pokémon GO","ORIGIN_MARK","1","332"
"251:332:ORIGIN_MARK:galar","251","Celebi","Estándar","Galar","ORIGIN_MARK","1","332"
"251:332:ORIGIN_MARK:sinnoh-bdsp","251","Celebi","Estándar","Sinnoh (BDSP)","ORIGIN_MARK","0","332"
"252:333:ORIGIN_MARK:sin-marca-gen-3-5","252","Treecko","Estándar","Sin marca (Gen 3-5)","ORIGIN_MARK","1","333"
"252:333:ORIGIN_MARK:kalos","252","Treecko","Estándar","Kalos","ORIGIN_MARK","1","333"
"252:333:ORIGIN_MARK:alola","252","Treecko","Estándar","Alola","ORIGIN_MARK","1","333"
"252:333:ORIGIN_MARK:pokemon-go","252","Treecko","Estándar","Pokémon GO","ORIGIN_MARK","0","333"
"252:333:ORIGIN_MARK:galar","252","Treecko","Estándar","Galar","ORIGIN_MARK","1","333"
"252:333:ORIGIN_MARK:sinnoh-bdsp","252","Treecko","Estándar","Sinnoh (BDSP)","ORIGIN_MARK","0","333"
"252:333:ORIGIN_MARK:paldea","252","Treecko","Estándar","Paldea","ORIGIN_MARK","1","333"
"252:333:ORIGIN_MARK:legends-z-a","252","Treecko","Estándar","Legends: Z-A","ORIGIN_MARK","0","333"
"252:333:DREAM_BALL:dream-ball-v","252","Treecko","Estándar","Dream Ball (V)","DREAM_BALL","0","333"
"253:334:ORIGIN_MARK:sin-marca-gen-3-5","253","Grovyle","Estándar","Sin marca (Gen 3-5)","ORIGIN_MARK","1","334"
"253:334:ORIGIN_MARK:kalos","253","Grovyle","Estándar","Kalos","ORIGIN_MARK","1","334"
"253:334:ORIGIN_MARK:alola","253","Grovyle","Estándar","Alola","ORIGIN_MARK","1","334"
"253:334:ORIGIN_MARK:pokemon-go","253","Grovyle","Estándar","Pokémon GO","ORIGIN_MARK","0","334"
"253:334:ORIGIN_MARK:galar","253","Grovyle","Estándar","Galar","ORIGIN_MARK","1","334"
"253:334:ORIGIN_MARK:sinnoh-bdsp","253","Grovyle","Estándar","Sinnoh (BDSP)","ORIGIN_MARK","0","334"
"253:334:ORIGIN_MARK:paldea","253","Grovyle","Estándar","Paldea","ORIGIN_MARK","1","334"
"253:334:ORIGIN_MARK:legends-z-a","253","Grovyle","Estándar","Legends: Z-A","ORIGIN_MARK","0","334"
"253:334:DREAM_BALL:dream-ball-v","253","Grovyle","Estándar","Dream Ball (V)","DREAM_BALL","0","334"
"254:335:ORIGIN_MARK:sin-marca-gen-3-5","254","Sceptile","Estándar","Sin marca (Gen 3-5)","ORIGIN_MARK","1","335"
"254:335:ORIGIN_MARK:kalos","254","Sceptile","Estándar","Kalos","ORIGIN_MARK","1","335"
"254:335:ORIGIN_MARK:alola","254","Sceptile","Estándar","Alola","ORIGIN_MARK","1","335"
"254:335:ORIGIN_MARK:pokemon-go","254","Sceptile","Estándar","Pokémon GO","ORIGIN_MARK","0","335"
"254:335:ORIGIN_MARK:galar","254","Sceptile","Estándar","Galar","ORIGIN_MARK","1","335"
"254:335:ORIGIN_MARK:sinnoh-bdsp","254","Sceptile","Estándar","Sinnoh (BDSP)","ORIGIN_MARK","0","335"
"254:335:ORIGIN_MARK:paldea","254","Sceptile","Estándar","Paldea","ORIGIN_MARK","1","335"
"254:335:ORIGIN_MARK:legends-z-a","254","Sceptile","Estándar","Legends: Z-A","ORIGIN_MARK","0","335"
"254:335:DREAM_BALL:dream-ball-v","254","Sceptile","Estándar","Dream Ball (V)","DREAM_BALL","0","335"
"255:336:ORIGIN_MARK:sin-marca-gen-3-5","255","Torchic","Estándar","Sin marca (Gen 3-5)","ORIGIN_MARK","1","336"
"255:336:ORIGIN_MARK:kalos","255","Torchic","Estándar","Kalos","ORIGIN_MARK","1","336"
"255:336:ORIGIN_MARK:alola","255","Torchic","Estándar","Alola","ORIGIN_MARK","1","336"
"255:336:ORIGIN_MARK:pokemon-go","255","Torchic","Estándar","Pokémon GO","ORIGIN_MARK","0","336"
"255:336:ORIGIN_MARK:galar","255","Torchic","Estándar","Galar","ORIGIN_MARK","1","336"
"255:336:ORIGIN_MARK:sinnoh-bdsp","255","Torchic","Estándar","Sinnoh (BDSP)","ORIGIN_MARK","0","336"
"255:336:ORIGIN_MARK:paldea","255","Torchic","Estándar","Paldea","ORIGIN_MARK","1","336"
"255:336:ORIGIN_MARK:legends-z-a","255","Torchic","Estándar","Legends: Z-A","ORIGIN_MARK","0","336"
"255:336:DREAM_BALL:dream-ball-v","255","Torchic","Estándar","Dream Ball (V)","DREAM_BALL","0","336"
"256:337:ORIGIN_MARK:sin-marca-gen-3-5","256","Combusken","Estándar","Sin marca (Gen 3-5)","ORIGIN_MARK","1","337"
"256:337:ORIGIN_MARK:kalos","256","Combusken","Estándar","Kalos","ORIGIN_MARK","1","337"
"256:337:ORIGIN_MARK:alola","256","Combusken","Estándar","Alola","ORIGIN_MARK","1","337"
"256:337:ORIGIN_MARK:pokemon-go","256","Combusken","Estándar","Pokémon GO","ORIGIN_MARK","0","337"
"256:337:ORIGIN_MARK:galar","256","Combusken","Estándar","Galar","ORIGIN_MARK","1","337"
"256:337:ORIGIN_MARK:sinnoh-bdsp","256","Combusken","Estándar","Sinnoh (BDSP)","ORIGIN_MARK","0","337"
"256:337:ORIGIN_MARK:paldea","256","Combusken","Estándar","Paldea","ORIGIN_MARK","1","337"
"256:337:ORIGIN_MARK:legends-z-a","256","Combusken","Estándar","Legends: Z-A","ORIGIN_MARK","0","337"
"256:337:DREAM_BALL:dream-ball-v","256","Combusken","Estándar","Dream Ball (V)","DREAM_BALL","0","337"
"257:338:ORIGIN_MARK:sin-marca-gen-3-5","257","Blaziken","Estándar","Sin marca (Gen 3-5)","ORIGIN_MARK","1","338"
"257:338:ORIGIN_MARK:kalos","257","Blaziken","Estándar","Kalos","ORIGIN_MARK","1","338"
"257:338:ORIGIN_MARK:alola","257","Blaziken","Estándar","Alola","ORIGIN_MARK","1","338"
"257:338:ORIGIN_MARK:pokemon-go","257","Blaziken","Estándar","Pokémon GO","ORIGIN_MARK","0","338"
"257:338:ORIGIN_MARK:galar","257","Blaziken","Estándar","Galar","ORIGIN_MARK","1","338"
"257:338:ORIGIN_MARK:sinnoh-bdsp","257","Blaziken","Estándar","Sinnoh (BDSP)","ORIGIN_MARK","0","338"
"257:338:ORIGIN_MARK:paldea","257","Blaziken","Estándar","Paldea","ORIGIN_MARK","1","338"
"257:338:ORIGIN_MARK:legends-z-a","257","Blaziken","Estándar","Legends: Z-A","ORIGIN_MARK","0","338"
"257:338:DREAM_BALL:dream-ball-v","257","Blaziken","Estándar","Dream Ball (V)","DREAM_BALL","0","338"
"258:339:ORIGIN_MARK:sin-marca-gen-3-5","258","Mudkip","Estándar","Sin marca (Gen 3-5)","ORIGIN_MARK","1","339"
"258:339:ORIGIN_MARK:kalos","258","Mudkip","Estándar","Kalos","ORIGIN_MARK","1","339"
"258:339:ORIGIN_MARK:alola","258","Mudkip","Estándar","Alola","ORIGIN_MARK","1","339"
"258:339:ORIGIN_MARK:pokemon-go","258","Mudkip","Estándar","Pokémon GO","ORIGIN_MARK","0","339"
"258:339:ORIGIN_MARK:galar","258","Mudkip","Estándar","Galar","ORIGIN_MARK","1","339"
"258:339:ORIGIN_MARK:sinnoh-bdsp","258","Mudkip","Estándar","Sinnoh (BDSP)","ORIGIN_MARK","0","339"
"258:339:ORIGIN_MARK:paldea","258","Mudkip","Estándar","Paldea","ORIGIN_MARK","1","339"
"258:339:ORIGIN_MARK:legends-z-a","258","Mudkip","Estándar","Legends: Z-A","ORIGIN_MARK","0","339"
"258:339:DREAM_BALL:dream-ball-v","258","Mudkip","Estándar","Dream Ball (V)","DREAM_BALL","0","339"
"259:340:ORIGIN_MARK:sin-marca-gen-3-5","259","Marshtomp","Estándar","Sin marca (Gen 3-5)","ORIGIN_MARK","1","340"
"259:340:ORIGIN_MARK:kalos","259","Marshtomp","Estándar","Kalos","ORIGIN_MARK","1","340"
"259:340:ORIGIN_MARK:alola","259","Marshtomp","Estándar","Alola","ORIGIN_MARK","1","340"
"259:340:ORIGIN_MARK:pokemon-go","259","Marshtomp","Estándar","Pokémon GO","ORIGIN_MARK","0","340"
"259:340:ORIGIN_MARK:galar","259","Marshtomp","Estándar","Galar","ORIGIN_MARK","1","340"
"259:340:ORIGIN_MARK:sinnoh-bdsp","259","Marshtomp","Estándar","Sinnoh (BDSP)","ORIGIN_MARK","0","340"
"259:340:ORIGIN_MARK:paldea","259","Marshtomp","Estándar","Paldea","ORIGIN_MARK","1","340"
"259:340:ORIGIN_MARK:legends-z-a","259","Marshtomp","Estándar","Legends: Z-A","ORIGIN_MARK","0","340"
"259:340:DREAM_BALL:dream-ball-v","259","Marshtomp","Estándar","Dream Ball (V)","DREAM_BALL","0","340"
"260:341:ORIGIN_MARK:sin-marca-gen-3-5","260","Swampert","Estándar","Sin marca (Gen 3-5)","ORIGIN_MARK","1","341"
"260:341:ORIGIN_MARK:kalos","260","Swampert","Estándar","Kalos","ORIGIN_MARK","1","341"
"260:341:ORIGIN_MARK:alola","260","Swampert","Estándar","Alola","ORIGIN_MARK","1","341"
"260:341:ORIGIN_MARK:pokemon-go","260","Swampert","Estándar","Pokémon GO","ORIGIN_MARK","0","341"
"260:341:ORIGIN_MARK:galar","260","Swampert","Estándar","Galar","ORIGIN_MARK","1","341"
"260:341:ORIGIN_MARK:sinnoh-bdsp","260","Swampert","Estándar","Sinnoh (BDSP)","ORIGIN_MARK","0","341"
"260:341:ORIGIN_MARK:paldea","260","Swampert","Estándar","Paldea","ORIGIN_MARK","1","341"
"260:341:ORIGIN_MARK:legends-z-a","260","Swampert","Estándar","Legends: Z-A","ORIGIN_MARK","0","341"
"260:341:DREAM_BALL:dream-ball-v","260","Swampert","Estándar","Dream Ball (V)","DREAM_BALL","0","341"
"261:342:ORIGIN_MARK:sin-marca-gen-3-5","261","Poochyena","Estándar","Sin marca (Gen 3-5)","ORIGIN_MARK","1","342"
"261:342:ORIGIN_MARK:kalos","261","Poochyena","Estándar","Kalos","ORIGIN_MARK","1","342"
"261:342:ORIGIN_MARK:alola","261","Poochyena","Estándar","Alola","ORIGIN_MARK","1","342"
"261:342:ORIGIN_MARK:pokemon-go","261","Poochyena","Estándar","Pokémon GO","ORIGIN_MARK","0","342"
"261:342:ORIGIN_MARK:sinnoh-bdsp","261","Poochyena","Estándar","Sinnoh (BDSP)","ORIGIN_MARK","0","342"
"261:342:ORIGIN_MARK:paldea","261","Poochyena","Estándar","Paldea","ORIGIN_MARK","1","342"
"261:342:ORIGIN_MARK:legends-z-a","261","Poochyena","Estándar","Legends: Z-A","ORIGIN_MARK","0","342"
"261:342:DREAM_BALL:dream-ball-v","261","Poochyena","Estándar","Dream Ball (V)","DREAM_BALL","0","342"
"261:342:COLO_XD:colo-xd","261","Poochyena","Estándar","Colo/XD","COLO_XD","0","342"
"262:343:ORIGIN_MARK:sin-marca-gen-3-5","262","Mightyena","Estándar","Sin marca (Gen 3-5)","ORIGIN_MARK","1","343"
"262:343:ORIGIN_MARK:kalos","262","Mightyena","Estándar","Kalos","ORIGIN_MARK","1","343"
"262:343:ORIGIN_MARK:alola","262","Mightyena","Estándar","Alola","ORIGIN_MARK","1","343"
"262:343:ORIGIN_MARK:pokemon-go","262","Mightyena","Estándar","Pokémon GO","ORIGIN_MARK","0","343"
"262:343:ORIGIN_MARK:sinnoh-bdsp","262","Mightyena","Estándar","Sinnoh (BDSP)","ORIGIN_MARK","0","343"
"262:343:ORIGIN_MARK:paldea","262","Mightyena","Estándar","Paldea","ORIGIN_MARK","1","343"
"262:343:ORIGIN_MARK:legends-z-a","262","Mightyena","Estándar","Legends: Z-A","ORIGIN_MARK","0","343"
"262:343:DREAM_BALL:dream-ball-v","262","Mightyena","Estándar","Dream Ball (V)","DREAM_BALL","0","343"
"262:343:COLO_XD:colo-xd","262","Mightyena","Estándar","Colo/XD","COLO_XD","0","343"
"263:344:ORIGIN_MARK:sin-marca-gen-3-5","263","Zigzagoon","Estándar","Sin marca (Gen 3-5)","ORIGIN_MARK","1","344"
"263:344:ORIGIN_MARK:kalos","263","Zigzagoon","Estándar","Kalos","ORIGIN_MARK","1","344"
"263:344:ORIGIN_MARK:alola","263","Zigzagoon","Estándar","Alola","ORIGIN_MARK","1","344"
"263:344:ORIGIN_MARK:pokemon-go","263","Zigzagoon","Estándar","Pokémon GO","ORIGIN_MARK","0","344"
"263:344:ORIGIN_MARK:galar","263","Zigzagoon","Estándar","Galar","ORIGIN_MARK","0","344"
"263:344:ORIGIN_MARK:sinnoh-bdsp","263","Zigzagoon","Estándar","Sinnoh (BDSP)","ORIGIN_MARK","0","344"
"263:344:ORIGIN_MARK:legends-z-a","263","Zigzagoon","Estándar","Legends: Z-A","ORIGIN_MARK","0","344"
"263:344:DREAM_BALL:dream-ball-v","263","Zigzagoon","Estándar","Dream Ball (V)","DREAM_BALL","0","344"
"263:345:ORIGIN_MARK:pokemon-go","263","Zigzagoon galar","galar","Pokémon GO","ORIGIN_MARK","1","345"
"263:345:ORIGIN_MARK:galar","263","Zigzagoon galar","galar","Galar","ORIGIN_MARK","1","345"
"264:346:ORIGIN_MARK:sin-marca-gen-3-5","264","Linoone","Estándar","Sin marca (Gen 3-5)","ORIGIN_MARK","1","346"
"264:346:ORIGIN_MARK:kalos","264","Linoone","Estándar","Kalos","ORIGIN_MARK","1","346"
"264:346:ORIGIN_MARK:alola","264","Linoone","Estándar","Alola","ORIGIN_MARK","1","346"
"264:346:ORIGIN_MARK:pokemon-go","264","Linoone","Estándar","Pokémon GO","ORIGIN_MARK","0","346"
"264:346:ORIGIN_MARK:galar","264","Linoone","Estándar","Galar","ORIGIN_MARK","0","346"
"264:346:ORIGIN_MARK:sinnoh-bdsp","264","Linoone","Estándar","Sinnoh (BDSP)","ORIGIN_MARK","0","346"
"264:346:ORIGIN_MARK:legends-z-a","264","Linoone","Estándar","Legends: Z-A","ORIGIN_MARK","0","346"
"264:346:DREAM_BALL:dream-ball-v","264","Linoone","Estándar","Dream Ball (V)","DREAM_BALL","0","346"
"264:347:ORIGIN_MARK:pokemon-go","264","Linoone galar","galar","Pokémon GO","ORIGIN_MARK","1","347"
"264:347:ORIGIN_MARK:galar","264","Linoone galar","galar","Galar","ORIGIN_MARK","1","347"
"265:348:ORIGIN_MARK:sin-marca-gen-3-5","265","Wurmple","Estándar","Sin marca (Gen 3-5)","ORIGIN_MARK","1","348"
"265:348:ORIGIN_MARK:kalos","265","Wurmple","Estándar","Kalos","ORIGIN_MARK","1","348"
"265:348:ORIGIN_MARK:alola","265","Wurmple","Estándar","Alola","ORIGIN_MARK","1","348"
"265:348:ORIGIN_MARK:pokemon-go","265","Wurmple","Estándar","Pokémon GO","ORIGIN_MARK","0","348"
"265:348:ORIGIN_MARK:sinnoh-bdsp","265","Wurmple","Estándar","Sinnoh (BDSP)","ORIGIN_MARK","0","348"
"265:348:ORIGIN_MARK:hisui-legends-arceus","265","Wurmple","Estándar","Hisui (Legends: Arceus)","ORIGIN_MARK","0","348"
"265:348:ORIGIN_MARK:legends-z-a","265","Wurmple","Estándar","Legends: Z-A","ORIGIN_MARK","0","348"
"265:348:DREAM_BALL:dream-ball-v","265","Wurmple","Estándar","Dream Ball (V)","DREAM_BALL","0","348"
"266:349:ORIGIN_MARK:sin-marca-gen-3-5","266","Silcoon","Estándar","Sin marca (Gen 3-5)","ORIGIN_MARK","1","349"
"266:349:ORIGIN_MARK:kalos","266","Silcoon","Estándar","Kalos","ORIGIN_MARK","1","349"
"266:349:ORIGIN_MARK:alola","266","Silcoon","Estándar","Alola","ORIGIN_MARK","1","349"
"266:349:ORIGIN_MARK:pokemon-go","266","Silcoon","Estándar","Pokémon GO","ORIGIN_MARK","0","349"
"266:349:ORIGIN_MARK:sinnoh-bdsp","266","Silcoon","Estándar","Sinnoh (BDSP)","ORIGIN_MARK","0","349"
"266:349:ORIGIN_MARK:hisui-legends-arceus","266","Silcoon","Estándar","Hisui (Legends: Arceus)","ORIGIN_MARK","0","349"
"266:349:ORIGIN_MARK:legends-z-a","266","Silcoon","Estándar","Legends: Z-A","ORIGIN_MARK","0","349"
"266:349:DREAM_BALL:dream-ball-v","266","Silcoon","Estándar","Dream Ball (V)","DREAM_BALL","0","349"
"267:350:ORIGIN_MARK:sin-marca-gen-3-5","267","Beautifly","Estándar","Sin marca (Gen 3-5)","ORIGIN_MARK","1","350"
"267:350:ORIGIN_MARK:kalos","267","Beautifly","Estándar","Kalos","ORIGIN_MARK","1","350"
"267:350:ORIGIN_MARK:alola","267","Beautifly","Estándar","Alola","ORIGIN_MARK","1","350"
"267:350:ORIGIN_MARK:pokemon-go","267","Beautifly","Estándar","Pokémon GO","ORIGIN_MARK","0","350"
"267:350:ORIGIN_MARK:sinnoh-bdsp","267","Beautifly","Estándar","Sinnoh (BDSP)","ORIGIN_MARK","0","350"
"267:350:ORIGIN_MARK:hisui-legends-arceus","267","Beautifly","Estándar","Hisui (Legends: Arceus)","ORIGIN_MARK","0","350"
"267:350:ORIGIN_MARK:legends-z-a","267","Beautifly","Estándar","Legends: Z-A","ORIGIN_MARK","0","350"
"267:350:DREAM_BALL:dream-ball-v","267","Beautifly","Estándar","Dream Ball (V)","DREAM_BALL","0","350"
"268:351:ORIGIN_MARK:sin-marca-gen-3-5","268","Cascoon","Estándar","Sin marca (Gen 3-5)","ORIGIN_MARK","1","351"
"268:351:ORIGIN_MARK:kalos","268","Cascoon","Estándar","Kalos","ORIGIN_MARK","1","351"
"268:351:ORIGIN_MARK:alola","268","Cascoon","Estándar","Alola","ORIGIN_MARK","1","351"
"268:351:ORIGIN_MARK:pokemon-go","268","Cascoon","Estándar","Pokémon GO","ORIGIN_MARK","0","351"
"268:351:ORIGIN_MARK:sinnoh-bdsp","268","Cascoon","Estándar","Sinnoh (BDSP)","ORIGIN_MARK","0","351"
"268:351:ORIGIN_MARK:hisui-legends-arceus","268","Cascoon","Estándar","Hisui (Legends: Arceus)","ORIGIN_MARK","0","351"
"268:351:ORIGIN_MARK:legends-z-a","268","Cascoon","Estándar","Legends: Z-A","ORIGIN_MARK","0","351"
"268:351:DREAM_BALL:dream-ball-v","268","Cascoon","Estándar","Dream Ball (V)","DREAM_BALL","0","351"
"269:352:ORIGIN_MARK:sin-marca-gen-3-5","269","Dustox","Estándar","Sin marca (Gen 3-5)","ORIGIN_MARK","1","352"
"269:352:ORIGIN_MARK:kalos","269","Dustox","Estándar","Kalos","ORIGIN_MARK","1","352"
"269:352:ORIGIN_MARK:alola","269","Dustox","Estándar","Alola","ORIGIN_MARK","1","352"
"269:352:ORIGIN_MARK:pokemon-go","269","Dustox","Estándar","Pokémon GO","ORIGIN_MARK","0","352"
"269:352:ORIGIN_MARK:sinnoh-bdsp","269","Dustox","Estándar","Sinnoh (BDSP)","ORIGIN_MARK","0","352"
"269:352:ORIGIN_MARK:hisui-legends-arceus","269","Dustox","Estándar","Hisui (Legends: Arceus)","ORIGIN_MARK","0","352"
"269:352:ORIGIN_MARK:legends-z-a","269","Dustox","Estándar","Legends: Z-A","ORIGIN_MARK","0","352"
"269:352:DREAM_BALL:dream-ball-v","269","Dustox","Estándar","Dream Ball (V)","DREAM_BALL","0","352"
"270:353:ORIGIN_MARK:sin-marca-gen-3-5","270","Lotad","Estándar","Sin marca (Gen 3-5)","ORIGIN_MARK","1","353"
"270:353:ORIGIN_MARK:kalos","270","Lotad","Estándar","Kalos","ORIGIN_MARK","1","353"
"270:353:ORIGIN_MARK:alola","270","Lotad","Estándar","Alola","ORIGIN_MARK","1","353"
"270:353:ORIGIN_MARK:pokemon-go","270","Lotad","Estándar","Pokémon GO","ORIGIN_MARK","0","353"
"270:353:ORIGIN_MARK:galar","270","Lotad","Estándar","Galar","ORIGIN_MARK","1","353"
"270:353:ORIGIN_MARK:sinnoh-bdsp","270","Lotad","Estándar","Sinnoh (BDSP)","ORIGIN_MARK","0","353"
"270:353:ORIGIN_MARK:paldea","270","Lotad","Estándar","Paldea","ORIGIN_MARK","1","353"
"270:353:ORIGIN_MARK:legends-z-a","270","Lotad","Estándar","Legends: Z-A","ORIGIN_MARK","0","353"
"270:353:DREAM_BALL:dream-ball-v","270","Lotad","Estándar","Dream Ball (V)","DREAM_BALL","0","353"
"271:354:ORIGIN_MARK:sin-marca-gen-3-5","271","Lombre","Estándar","Sin marca (Gen 3-5)","ORIGIN_MARK","1","354"
"271:354:ORIGIN_MARK:kalos","271","Lombre","Estándar","Kalos","ORIGIN_MARK","1","354"
"271:354:ORIGIN_MARK:alola","271","Lombre","Estándar","Alola","ORIGIN_MARK","1","354"
"271:354:ORIGIN_MARK:pokemon-go","271","Lombre","Estándar","Pokémon GO","ORIGIN_MARK","0","354"
"271:354:ORIGIN_MARK:galar","271","Lombre","Estándar","Galar","ORIGIN_MARK","1","354"
"271:354:ORIGIN_MARK:sinnoh-bdsp","271","Lombre","Estándar","Sinnoh (BDSP)","ORIGIN_MARK","0","354"
"271:354:ORIGIN_MARK:paldea","271","Lombre","Estándar","Paldea","ORIGIN_MARK","1","354"
"271:354:ORIGIN_MARK:legends-z-a","271","Lombre","Estándar","Legends: Z-A","ORIGIN_MARK","0","354"
"271:354:DREAM_BALL:dream-ball-v","271","Lombre","Estándar","Dream Ball (V)","DREAM_BALL","0","354"
"272:355:ORIGIN_MARK:sin-marca-gen-3-5","272","Ludicolo","Estándar","Sin marca (Gen 3-5)","ORIGIN_MARK","1","355"
"272:355:ORIGIN_MARK:kalos","272","Ludicolo","Estándar","Kalos","ORIGIN_MARK","1","355"
"272:355:ORIGIN_MARK:alola","272","Ludicolo","Estándar","Alola","ORIGIN_MARK","1","355"
"272:355:ORIGIN_MARK:pokemon-go","272","Ludicolo","Estándar","Pokémon GO","ORIGIN_MARK","0","355"
"272:355:ORIGIN_MARK:galar","272","Ludicolo","Estándar","Galar","ORIGIN_MARK","1","355"
"272:355:ORIGIN_MARK:sinnoh-bdsp","272","Ludicolo","Estándar","Sinnoh (BDSP)","ORIGIN_MARK","0","355"
"272:355:ORIGIN_MARK:paldea","272","Ludicolo","Estándar","Paldea","ORIGIN_MARK","1","355"
"272:355:ORIGIN_MARK:legends-z-a","272","Ludicolo","Estándar","Legends: Z-A","ORIGIN_MARK","0","355"
"272:355:DREAM_BALL:dream-ball-v","272","Ludicolo","Estándar","Dream Ball (V)","DREAM_BALL","1","355"
"273:356:ORIGIN_MARK:sin-marca-gen-3-5","273","Seedot","Estándar","Sin marca (Gen 3-5)","ORIGIN_MARK","1","356"
"273:356:ORIGIN_MARK:kalos","273","Seedot","Estándar","Kalos","ORIGIN_MARK","1","356"
"273:356:ORIGIN_MARK:alola","273","Seedot","Estándar","Alola","ORIGIN_MARK","1","356"
"273:356:ORIGIN_MARK:pokemon-go","273","Seedot","Estándar","Pokémon GO","ORIGIN_MARK","0","356"
"273:356:ORIGIN_MARK:galar","273","Seedot","Estándar","Galar","ORIGIN_MARK","1","356"
"273:356:ORIGIN_MARK:sinnoh-bdsp","273","Seedot","Estándar","Sinnoh (BDSP)","ORIGIN_MARK","0","356"
"273:356:ORIGIN_MARK:paldea","273","Seedot","Estándar","Paldea","ORIGIN_MARK","1","356"
"273:356:ORIGIN_MARK:legends-z-a","273","Seedot","Estándar","Legends: Z-A","ORIGIN_MARK","0","356"
"273:356:DREAM_BALL:dream-ball-v","273","Seedot","Estándar","Dream Ball (V)","DREAM_BALL","0","356"
"273:356:COLO_XD:colo-xd","273","Seedot","Estándar","Colo/XD","COLO_XD","0","356"
"274:357:ORIGIN_MARK:sin-marca-gen-3-5","274","Nuzleaf","Estándar","Sin marca (Gen 3-5)","ORIGIN_MARK","1","357"
"274:357:ORIGIN_MARK:kalos","274","Nuzleaf","Estándar","Kalos","ORIGIN_MARK","1","357"
"274:357:ORIGIN_MARK:alola","274","Nuzleaf","Estándar","Alola","ORIGIN_MARK","1","357"
"274:357:ORIGIN_MARK:pokemon-go","274","Nuzleaf","Estándar","Pokémon GO","ORIGIN_MARK","0","357"
"274:357:ORIGIN_MARK:galar","274","Nuzleaf","Estándar","Galar","ORIGIN_MARK","1","357"
"274:357:ORIGIN_MARK:sinnoh-bdsp","274","Nuzleaf","Estándar","Sinnoh (BDSP)","ORIGIN_MARK","0","357"
"274:357:ORIGIN_MARK:paldea","274","Nuzleaf","Estándar","Paldea","ORIGIN_MARK","1","357"
"274:357:ORIGIN_MARK:legends-z-a","274","Nuzleaf","Estándar","Legends: Z-A","ORIGIN_MARK","0","357"
"274:357:DREAM_BALL:dream-ball-v","274","Nuzleaf","Estándar","Dream Ball (V)","DREAM_BALL","0","357"
"274:357:COLO_XD:colo-xd","274","Nuzleaf","Estándar","Colo/XD","COLO_XD","0","357"
"275:358:ORIGIN_MARK:sin-marca-gen-3-5","275","Shiftry","Estándar","Sin marca (Gen 3-5)","ORIGIN_MARK","1","358"
"275:358:ORIGIN_MARK:kalos","275","Shiftry","Estándar","Kalos","ORIGIN_MARK","1","358"
"275:358:ORIGIN_MARK:alola","275","Shiftry","Estándar","Alola","ORIGIN_MARK","1","358"
"275:358:ORIGIN_MARK:pokemon-go","275","Shiftry","Estándar","Pokémon GO","ORIGIN_MARK","0","358"
"275:358:ORIGIN_MARK:galar","275","Shiftry","Estándar","Galar","ORIGIN_MARK","1","358"
"275:358:ORIGIN_MARK:sinnoh-bdsp","275","Shiftry","Estándar","Sinnoh (BDSP)","ORIGIN_MARK","0","358"
"275:358:ORIGIN_MARK:paldea","275","Shiftry","Estándar","Paldea","ORIGIN_MARK","1","358"
"275:358:ORIGIN_MARK:legends-z-a","275","Shiftry","Estándar","Legends: Z-A","ORIGIN_MARK","0","358"
"275:358:DREAM_BALL:dream-ball-v","275","Shiftry","Estándar","Dream Ball (V)","DREAM_BALL","0","358"
"275:358:COLO_XD:colo-xd","275","Shiftry","Estándar","Colo/XD","COLO_XD","0","358"
"276:359:ORIGIN_MARK:sin-marca-gen-3-5","276","Taillow","Estándar","Sin marca (Gen 3-5)","ORIGIN_MARK","1","359"
"276:359:ORIGIN_MARK:kalos","276","Taillow","Estándar","Kalos","ORIGIN_MARK","1","359"
"276:359:ORIGIN_MARK:alola","276","Taillow","Estándar","Alola","ORIGIN_MARK","1","359"
"276:359:ORIGIN_MARK:pokemon-go","276","Taillow","Estándar","Pokémon GO","ORIGIN_MARK","0","359"
"276:359:ORIGIN_MARK:sinnoh-bdsp","276","Taillow","Estándar","Sinnoh (BDSP)","ORIGIN_MARK","0","359"
"276:359:ORIGIN_MARK:legends-z-a","276","Taillow","Estándar","Legends: Z-A","ORIGIN_MARK","0","359"
"276:359:DREAM_BALL:dream-ball-v","276","Taillow","Estándar","Dream Ball (V)","DREAM_BALL","0","359"
"277:360:ORIGIN_MARK:sin-marca-gen-3-5","277","Swellow","Estándar","Sin marca (Gen 3-5)","ORIGIN_MARK","1","360"
"277:360:ORIGIN_MARK:kalos","277","Swellow","Estándar","Kalos","ORIGIN_MARK","1","360"
"277:360:ORIGIN_MARK:alola","277","Swellow","Estándar","Alola","ORIGIN_MARK","1","360"
"277:360:ORIGIN_MARK:pokemon-go","277","Swellow","Estándar","Pokémon GO","ORIGIN_MARK","0","360"
"277:360:ORIGIN_MARK:sinnoh-bdsp","277","Swellow","Estándar","Sinnoh (BDSP)","ORIGIN_MARK","0","360"
"277:360:ORIGIN_MARK:legends-z-a","277","Swellow","Estándar","Legends: Z-A","ORIGIN_MARK","0","360"
"277:360:DREAM_BALL:dream-ball-v","277","Swellow","Estándar","Dream Ball (V)","DREAM_BALL","0","360"
"277:360:COLO_XD:colo-xd","277","Swellow","Estándar","Colo/XD","COLO_XD","0","360"
"278:361:ORIGIN_MARK:sin-marca-gen-3-5","278","Wingull","Estándar","Sin marca (Gen 3-5)","ORIGIN_MARK","1","361"
"278:361:ORIGIN_MARK:kalos","278","Wingull","Estándar","Kalos","ORIGIN_MARK","1","361"
"278:361:ORIGIN_MARK:alola","278","Wingull","Estándar","Alola","ORIGIN_MARK","1","361"
"278:361:ORIGIN_MARK:pokemon-go","278","Wingull","Estándar","Pokémon GO","ORIGIN_MARK","1","361"
"278:361:ORIGIN_MARK:galar","278","Wingull","Estándar","Galar","ORIGIN_MARK","1","361"
"278:361:ORIGIN_MARK:sinnoh-bdsp","278","Wingull","Estándar","Sinnoh (BDSP)","ORIGIN_MARK","0","361"
"278:361:ORIGIN_MARK:paldea","278","Wingull","Estándar","Paldea","ORIGIN_MARK","1","361"
"278:361:ORIGIN_MARK:legends-z-a","278","Wingull","Estándar","Legends: Z-A","ORIGIN_MARK","0","361"
"278:361:DREAM_BALL:dream-ball-v","278","Wingull","Estándar","Dream Ball (V)","DREAM_BALL","0","361"
"279:362:ORIGIN_MARK:sin-marca-gen-3-5","279","Pelipper","Estándar","Sin marca (Gen 3-5)","ORIGIN_MARK","1","362"
"279:362:ORIGIN_MARK:kalos","279","Pelipper","Estándar","Kalos","ORIGIN_MARK","1","362"
"279:362:ORIGIN_MARK:alola","279","Pelipper","Estándar","Alola","ORIGIN_MARK","1","362"
"279:362:ORIGIN_MARK:pokemon-go","279","Pelipper","Estándar","Pokémon GO","ORIGIN_MARK","0","362"
"279:362:ORIGIN_MARK:galar","279","Pelipper","Estándar","Galar","ORIGIN_MARK","1","362"
"279:362:ORIGIN_MARK:sinnoh-bdsp","279","Pelipper","Estándar","Sinnoh (BDSP)","ORIGIN_MARK","0","362"
"279:362:ORIGIN_MARK:paldea","279","Pelipper","Estándar","Paldea","ORIGIN_MARK","1","362"
"279:362:ORIGIN_MARK:legends-z-a","279","Pelipper","Estándar","Legends: Z-A","ORIGIN_MARK","0","362"
"279:362:DREAM_BALL:dream-ball-v","279","Pelipper","Estándar","Dream Ball (V)","DREAM_BALL","0","362"
"280:363:ORIGIN_MARK:sin-marca-gen-3-5","280","Ralts","Estándar","Sin marca (Gen 3-5)","ORIGIN_MARK","1","363"
"280:363:ORIGIN_MARK:kalos","280","Ralts","Estándar","Kalos","ORIGIN_MARK","1","363"
"280:363:ORIGIN_MARK:alola","280","Ralts","Estándar","Alola","ORIGIN_MARK","1","363"
"280:363:ORIGIN_MARK:pokemon-go","280","Ralts","Estándar","Pokémon GO","ORIGIN_MARK","0","363"
"280:363:ORIGIN_MARK:galar","280","Ralts","Estándar","Galar","ORIGIN_MARK","1","363"
"280:363:ORIGIN_MARK:sinnoh-bdsp","280","Ralts","Estándar","Sinnoh (BDSP)","ORIGIN_MARK","0","363"
"280:363:ORIGIN_MARK:hisui-legends-arceus","280","Ralts","Estándar","Hisui (Legends: Arceus)","ORIGIN_MARK","0","363"
"280:363:ORIGIN_MARK:paldea","280","Ralts","Estándar","Paldea","ORIGIN_MARK","1","363"
"280:363:ORIGIN_MARK:legends-z-a","280","Ralts","Estándar","Legends: Z-A","ORIGIN_MARK","0","363"
"280:363:DREAM_BALL:dream-ball-v","280","Ralts","Estándar","Dream Ball (V)","DREAM_BALL","1","363"
"280:363:COLO_XD:colo-xd","280","Ralts","Estándar","Colo/XD","COLO_XD","0","363"
"281:364:ORIGIN_MARK:sin-marca-gen-3-5","281","Kirlia","Estándar","Sin marca (Gen 3-5)","ORIGIN_MARK","1","364"
"281:364:ORIGIN_MARK:kalos","281","Kirlia","Estándar","Kalos","ORIGIN_MARK","1","364"
"281:364:ORIGIN_MARK:alola","281","Kirlia","Estándar","Alola","ORIGIN_MARK","1","364"
"281:364:ORIGIN_MARK:pokemon-go","281","Kirlia","Estándar","Pokémon GO","ORIGIN_MARK","1","364"
"281:364:ORIGIN_MARK:galar","281","Kirlia","Estándar","Galar","ORIGIN_MARK","1","364"
"281:364:ORIGIN_MARK:sinnoh-bdsp","281","Kirlia","Estándar","Sinnoh (BDSP)","ORIGIN_MARK","0","364"
"281:364:ORIGIN_MARK:hisui-legends-arceus","281","Kirlia","Estándar","Hisui (Legends: Arceus)","ORIGIN_MARK","0","364"
"281:364:ORIGIN_MARK:paldea","281","Kirlia","Estándar","Paldea","ORIGIN_MARK","1","364"
"281:364:ORIGIN_MARK:legends-z-a","281","Kirlia","Estándar","Legends: Z-A","ORIGIN_MARK","0","364"
"281:364:DREAM_BALL:dream-ball-v","281","Kirlia","Estándar","Dream Ball (V)","DREAM_BALL","0","364"
"281:364:COLO_XD:colo-xd","281","Kirlia","Estándar","Colo/XD","COLO_XD","0","364"
"282:365:ORIGIN_MARK:sin-marca-gen-3-5","282","Gardevoir","Estándar","Sin marca (Gen 3-5)","ORIGIN_MARK","1","365"
"282:365:ORIGIN_MARK:kalos","282","Gardevoir","Estándar","Kalos","ORIGIN_MARK","1","365"
"282:365:ORIGIN_MARK:alola","282","Gardevoir","Estándar","Alola","ORIGIN_MARK","1","365"
"282:365:ORIGIN_MARK:pokemon-go","282","Gardevoir","Estándar","Pokémon GO","ORIGIN_MARK","1","365"
"282:365:ORIGIN_MARK:galar","282","Gardevoir","Estándar","Galar","ORIGIN_MARK","1","365"
"282:365:ORIGIN_MARK:sinnoh-bdsp","282","Gardevoir","Estándar","Sinnoh (BDSP)","ORIGIN_MARK","0","365"
"282:365:ORIGIN_MARK:hisui-legends-arceus","282","Gardevoir","Estándar","Hisui (Legends: Arceus)","ORIGIN_MARK","0","365"
"282:365:ORIGIN_MARK:paldea","282","Gardevoir","Estándar","Paldea","ORIGIN_MARK","1","365"
"282:365:ORIGIN_MARK:legends-z-a","282","Gardevoir","Estándar","Legends: Z-A","ORIGIN_MARK","0","365"
"282:365:DREAM_BALL:dream-ball-v","282","Gardevoir","Estándar","Dream Ball (V)","DREAM_BALL","0","365"
"282:365:COLO_XD:colo-xd","282","Gardevoir","Estándar","Colo/XD","COLO_XD","1","365"
"283:366:ORIGIN_MARK:sin-marca-gen-3-5","283","Surskit","Estándar","Sin marca (Gen 3-5)","ORIGIN_MARK","1","366"
"283:366:ORIGIN_MARK:kalos","283","Surskit","Estándar","Kalos","ORIGIN_MARK","1","366"
"283:366:ORIGIN_MARK:alola","283","Surskit","Estándar","Alola","ORIGIN_MARK","1","366"
"283:366:ORIGIN_MARK:pokemon-go","283","Surskit","Estándar","Pokémon GO","ORIGIN_MARK","0","366"
"283:366:ORIGIN_MARK:sinnoh-bdsp","283","Surskit","Estándar","Sinnoh (BDSP)","ORIGIN_MARK","0","366"
"283:366:ORIGIN_MARK:paldea","283","Surskit","Estándar","Paldea","ORIGIN_MARK","1","366"
"283:366:ORIGIN_MARK:legends-z-a","283","Surskit","Estándar","Legends: Z-A","ORIGIN_MARK","0","366"
"283:366:DREAM_BALL:dream-ball-v","283","Surskit","Estándar","Dream Ball (V)","DREAM_BALL","0","366"
"283:366:COLO_XD:colo-xd","283","Surskit","Estándar","Colo/XD","COLO_XD","0","366"
"284:367:ORIGIN_MARK:sin-marca-gen-3-5","284","Masquerain","Estándar","Sin marca (Gen 3-5)","ORIGIN_MARK","1","367"
"284:367:ORIGIN_MARK:kalos","284","Masquerain","Estándar","Kalos","ORIGIN_MARK","1","367"
"284:367:ORIGIN_MARK:alola","284","Masquerain","Estándar","Alola","ORIGIN_MARK","1","367"
"284:367:ORIGIN_MARK:pokemon-go","284","Masquerain","Estándar","Pokémon GO","ORIGIN_MARK","0","367"
"284:367:ORIGIN_MARK:sinnoh-bdsp","284","Masquerain","Estándar","Sinnoh (BDSP)","ORIGIN_MARK","0","367"
"284:367:ORIGIN_MARK:paldea","284","Masquerain","Estándar","Paldea","ORIGIN_MARK","1","367"
"284:367:ORIGIN_MARK:legends-z-a","284","Masquerain","Estándar","Legends: Z-A","ORIGIN_MARK","0","367"
"284:367:DREAM_BALL:dream-ball-v","284","Masquerain","Estándar","Dream Ball (V)","DREAM_BALL","0","367"
"284:367:COLO_XD:colo-xd","284","Masquerain","Estándar","Colo/XD","COLO_XD","0","367"
"285:368:ORIGIN_MARK:sin-marca-gen-3-5","285","Shroomish","Estándar","Sin marca (Gen 3-5)","ORIGIN_MARK","1","368"
"285:368:ORIGIN_MARK:kalos","285","Shroomish","Estándar","Kalos","ORIGIN_MARK","1","368"
"285:368:ORIGIN_MARK:alola","285","Shroomish","Estándar","Alola","ORIGIN_MARK","1","368"
"285:368:ORIGIN_MARK:pokemon-go","285","Shroomish","Estándar","Pokémon GO","ORIGIN_MARK","0","368"
"285:368:ORIGIN_MARK:sinnoh-bdsp","285","Shroomish","Estándar","Sinnoh (BDSP)","ORIGIN_MARK","0","368"
"285:368:ORIGIN_MARK:paldea","285","Shroomish","Estándar","Paldea","ORIGIN_MARK","1","368"
"285:368:ORIGIN_MARK:legends-z-a","285","Shroomish","Estándar","Legends: Z-A","ORIGIN_MARK","0","368"
"285:368:DREAM_BALL:dream-ball-v","285","Shroomish","Estándar","Dream Ball (V)","DREAM_BALL","0","368"
"285:368:COLO_XD:colo-xd","285","Shroomish","Estándar","Colo/XD","COLO_XD","0","368"
"286:369:ORIGIN_MARK:sin-marca-gen-3-5","286","Breloom","Estándar","Sin marca (Gen 3-5)","ORIGIN_MARK","1","369"
"286:369:ORIGIN_MARK:kalos","286","Breloom","Estándar","Kalos","ORIGIN_MARK","1","369"
"286:369:ORIGIN_MARK:alola","286","Breloom","Estándar","Alola","ORIGIN_MARK","1","369"
"286:369:ORIGIN_MARK:pokemon-go","286","Breloom","Estándar","Pokémon GO","ORIGIN_MARK","0","369"
"286:369:ORIGIN_MARK:sinnoh-bdsp","286","Breloom","Estándar","Sinnoh (BDSP)","ORIGIN_MARK","0","369"
"286:369:ORIGIN_MARK:paldea","286","Breloom","Estándar","Paldea","ORIGIN_MARK","1","369"
"286:369:ORIGIN_MARK:legends-z-a","286","Breloom","Estándar","Legends: Z-A","ORIGIN_MARK","0","369"
"286:369:DREAM_BALL:dream-ball-v","286","Breloom","Estándar","Dream Ball (V)","DREAM_BALL","0","369"
"286:369:COLO_XD:colo-xd","286","Breloom","Estándar","Colo/XD","COLO_XD","0","369"
"287:370:ORIGIN_MARK:sin-marca-gen-3-5","287","Slakoth","Estándar","Sin marca (Gen 3-5)","ORIGIN_MARK","1","370"
"287:370:ORIGIN_MARK:kalos","287","Slakoth","Estándar","Kalos","ORIGIN_MARK","1","370"
"287:370:ORIGIN_MARK:alola","287","Slakoth","Estándar","Alola","ORIGIN_MARK","1","370"
"287:370:ORIGIN_MARK:pokemon-go","287","Slakoth","Estándar","Pokémon GO","ORIGIN_MARK","0","370"
"287:370:ORIGIN_MARK:sinnoh-bdsp","287","Slakoth","Estándar","Sinnoh (BDSP)","ORIGIN_MARK","0","370"
"287:370:ORIGIN_MARK:paldea","287","Slakoth","Estándar","Paldea","ORIGIN_MARK","1","370"
"287:370:ORIGIN_MARK:legends-z-a","287","Slakoth","Estándar","Legends: Z-A","ORIGIN_MARK","0","370"
"287:370:DREAM_BALL:dream-ball-v","287","Slakoth","Estándar","Dream Ball (V)","DREAM_BALL","0","370"
"288:371:ORIGIN_MARK:sin-marca-gen-3-5","288","Vigoroth","Estándar","Sin marca (Gen 3-5)","ORIGIN_MARK","1","371"
"288:371:ORIGIN_MARK:kalos","288","Vigoroth","Estándar","Kalos","ORIGIN_MARK","1","371"
"288:371:ORIGIN_MARK:alola","288","Vigoroth","Estándar","Alola","ORIGIN_MARK","1","371"
"288:371:ORIGIN_MARK:pokemon-go","288","Vigoroth","Estándar","Pokémon GO","ORIGIN_MARK","1","371"
"288:371:ORIGIN_MARK:sinnoh-bdsp","288","Vigoroth","Estándar","Sinnoh (BDSP)","ORIGIN_MARK","0","371"
"288:371:ORIGIN_MARK:paldea","288","Vigoroth","Estándar","Paldea","ORIGIN_MARK","1","371"
"288:371:ORIGIN_MARK:legends-z-a","288","Vigoroth","Estándar","Legends: Z-A","ORIGIN_MARK","0","371"
"288:371:DREAM_BALL:dream-ball-v","288","Vigoroth","Estándar","Dream Ball (V)","DREAM_BALL","0","371"
"289:372:ORIGIN_MARK:sin-marca-gen-3-5","289","Slaking","Estándar","Sin marca (Gen 3-5)","ORIGIN_MARK","1","372"
"289:372:ORIGIN_MARK:kalos","289","Slaking","Estándar","Kalos","ORIGIN_MARK","1","372"
"289:372:ORIGIN_MARK:alola","289","Slaking","Estándar","Alola","ORIGIN_MARK","1","372"
"289:372:ORIGIN_MARK:pokemon-go","289","Slaking","Estándar","Pokémon GO","ORIGIN_MARK","0","372"
"289:372:ORIGIN_MARK:sinnoh-bdsp","289","Slaking","Estándar","Sinnoh (BDSP)","ORIGIN_MARK","0","372"
"289:372:ORIGIN_MARK:paldea","289","Slaking","Estándar","Paldea","ORIGIN_MARK","1","372"
"289:372:ORIGIN_MARK:legends-z-a","289","Slaking","Estándar","Legends: Z-A","ORIGIN_MARK","0","372"
"289:372:DREAM_BALL:dream-ball-v","289","Slaking","Estándar","Dream Ball (V)","DREAM_BALL","0","372"
"290:373:ORIGIN_MARK:sin-marca-gen-3-5","290","Nincada","Estándar","Sin marca (Gen 3-5)","ORIGIN_MARK","1","373"
"290:373:ORIGIN_MARK:kalos","290","Nincada","Estándar","Kalos","ORIGIN_MARK","1","373"
"290:373:ORIGIN_MARK:alola","290","Nincada","Estándar","Alola","ORIGIN_MARK","1","373"
"290:373:ORIGIN_MARK:pokemon-go","290","Nincada","Estándar","Pokémon GO","ORIGIN_MARK","0","373"
"290:373:ORIGIN_MARK:galar","290","Nincada","Estándar","Galar","ORIGIN_MARK","1","373"
"290:373:ORIGIN_MARK:sinnoh-bdsp","290","Nincada","Estándar","Sinnoh (BDSP)","ORIGIN_MARK","0","373"
"290:373:ORIGIN_MARK:legends-z-a","290","Nincada","Estándar","Legends: Z-A","ORIGIN_MARK","0","373"
"290:373:DREAM_BALL:dream-ball-v","290","Nincada","Estándar","Dream Ball (V)","DREAM_BALL","0","373"
"291:374:ORIGIN_MARK:sin-marca-gen-3-5","291","Ninjask","Estándar","Sin marca (Gen 3-5)","ORIGIN_MARK","1","374"
"291:374:ORIGIN_MARK:kalos","291","Ninjask","Estándar","Kalos","ORIGIN_MARK","1","374"
"291:374:ORIGIN_MARK:alola","291","Ninjask","Estándar","Alola","ORIGIN_MARK","1","374"
"291:374:ORIGIN_MARK:pokemon-go","291","Ninjask","Estándar","Pokémon GO","ORIGIN_MARK","0","374"
"291:374:ORIGIN_MARK:galar","291","Ninjask","Estándar","Galar","ORIGIN_MARK","1","374"
"291:374:ORIGIN_MARK:sinnoh-bdsp","291","Ninjask","Estándar","Sinnoh (BDSP)","ORIGIN_MARK","0","374"
"291:374:ORIGIN_MARK:legends-z-a","291","Ninjask","Estándar","Legends: Z-A","ORIGIN_MARK","0","374"
"291:374:DREAM_BALL:dream-ball-v","291","Ninjask","Estándar","Dream Ball (V)","DREAM_BALL","0","374"
"292:375:ORIGIN_MARK:sin-marca-gen-3-5","292","Shedinja","Estándar","Sin marca (Gen 3-5)","ORIGIN_MARK","1","375"
"292:375:ORIGIN_MARK:kalos","292","Shedinja","Estándar","Kalos","ORIGIN_MARK","1","375"
"292:375:ORIGIN_MARK:alola","292","Shedinja","Estándar","Alola","ORIGIN_MARK","1","375"
"292:375:ORIGIN_MARK:pokemon-go","292","Shedinja","Estándar","Pokémon GO","ORIGIN_MARK","0","375"
"292:375:ORIGIN_MARK:galar","292","Shedinja","Estándar","Galar","ORIGIN_MARK","1","375"
"292:375:ORIGIN_MARK:sinnoh-bdsp","292","Shedinja","Estándar","Sinnoh (BDSP)","ORIGIN_MARK","0","375"
"293:376:ORIGIN_MARK:sin-marca-gen-3-5","293","Whismur","Estándar","Sin marca (Gen 3-5)","ORIGIN_MARK","1","376"
"293:376:ORIGIN_MARK:kalos","293","Whismur","Estándar","Kalos","ORIGIN_MARK","1","376"
"293:376:ORIGIN_MARK:alola","293","Whismur","Estándar","Alola","ORIGIN_MARK","1","376"
"293:376:ORIGIN_MARK:pokemon-go","293","Whismur","Estándar","Pokémon GO","ORIGIN_MARK","0","376"
"293:376:ORIGIN_MARK:galar","293","Whismur","Estándar","Galar","ORIGIN_MARK","1","376"
"293:376:ORIGIN_MARK:sinnoh-bdsp","293","Whismur","Estándar","Sinnoh (BDSP)","ORIGIN_MARK","0","376"
"293:376:ORIGIN_MARK:legends-z-a","293","Whismur","Estándar","Legends: Z-A","ORIGIN_MARK","0","376"
"293:376:DREAM_BALL:dream-ball-v","293","Whismur","Estándar","Dream Ball (V)","DREAM_BALL","0","376"
"294:377:ORIGIN_MARK:sin-marca-gen-3-5","294","Loudred","Estándar","Sin marca (Gen 3-5)","ORIGIN_MARK","1","377"
"294:377:ORIGIN_MARK:kalos","294","Loudred","Estándar","Kalos","ORIGIN_MARK","1","377"
"294:377:ORIGIN_MARK:alola","294","Loudred","Estándar","Alola","ORIGIN_MARK","1","377"
"294:377:ORIGIN_MARK:pokemon-go","294","Loudred","Estándar","Pokémon GO","ORIGIN_MARK","0","377"
"294:377:ORIGIN_MARK:galar","294","Loudred","Estándar","Galar","ORIGIN_MARK","1","377"
"294:377:ORIGIN_MARK:sinnoh-bdsp","294","Loudred","Estándar","Sinnoh (BDSP)","ORIGIN_MARK","0","377"
"294:377:ORIGIN_MARK:legends-z-a","294","Loudred","Estándar","Legends: Z-A","ORIGIN_MARK","0","377"
"294:377:DREAM_BALL:dream-ball-v","294","Loudred","Estándar","Dream Ball (V)","DREAM_BALL","0","377"
"295:378:ORIGIN_MARK:sin-marca-gen-3-5","295","Exploud","Estándar","Sin marca (Gen 3-5)","ORIGIN_MARK","1","378"
"295:378:ORIGIN_MARK:kalos","295","Exploud","Estándar","Kalos","ORIGIN_MARK","1","378"
"295:378:ORIGIN_MARK:alola","295","Exploud","Estándar","Alola","ORIGIN_MARK","1","378"
"295:378:ORIGIN_MARK:pokemon-go","295","Exploud","Estándar","Pokémon GO","ORIGIN_MARK","0","378"
"295:378:ORIGIN_MARK:galar","295","Exploud","Estándar","Galar","ORIGIN_MARK","1","378"
"295:378:ORIGIN_MARK:sinnoh-bdsp","295","Exploud","Estándar","Sinnoh (BDSP)","ORIGIN_MARK","0","378"
"295:378:ORIGIN_MARK:legends-z-a","295","Exploud","Estándar","Legends: Z-A","ORIGIN_MARK","0","378"
"295:378:DREAM_BALL:dream-ball-v","295","Exploud","Estándar","Dream Ball (V)","DREAM_BALL","0","378"
"296:379:ORIGIN_MARK:sin-marca-gen-3-5","296","Makuhita","Estándar","Sin marca (Gen 3-5)","ORIGIN_MARK","1","379"
"296:379:ORIGIN_MARK:kalos","296","Makuhita","Estándar","Kalos","ORIGIN_MARK","1","379"
"296:379:ORIGIN_MARK:alola","296","Makuhita","Estándar","Alola","ORIGIN_MARK","1","379"
"296:379:ORIGIN_MARK:pokemon-go","296","Makuhita","Estándar","Pokémon GO","ORIGIN_MARK","0","379"
"296:379:ORIGIN_MARK:sinnoh-bdsp","296","Makuhita","Estándar","Sinnoh (BDSP)","ORIGIN_MARK","0","379"
"296:379:ORIGIN_MARK:paldea","296","Makuhita","Estándar","Paldea","ORIGIN_MARK","1","379"
"296:379:ORIGIN_MARK:legends-z-a","296","Makuhita","Estándar","Legends: Z-A","ORIGIN_MARK","0","379"
"296:379:DREAM_BALL:dream-ball-v","296","Makuhita","Estándar","Dream Ball (V)","DREAM_BALL","0","379"
"296:379:COLO_XD:colo-xd","296","Makuhita","Estándar","Colo/XD","COLO_XD","1","379"
"297:380:ORIGIN_MARK:sin-marca-gen-3-5","297","Hariyama","Estándar","Sin marca (Gen 3-5)","ORIGIN_MARK","1","380"
"297:380:ORIGIN_MARK:kalos","297","Hariyama","Estándar","Kalos","ORIGIN_MARK","1","380"
"297:380:ORIGIN_MARK:alola","297","Hariyama","Estándar","Alola","ORIGIN_MARK","1","380"
"297:380:ORIGIN_MARK:pokemon-go","297","Hariyama","Estándar","Pokémon GO","ORIGIN_MARK","0","380"
"297:380:ORIGIN_MARK:sinnoh-bdsp","297","Hariyama","Estándar","Sinnoh (BDSP)","ORIGIN_MARK","0","380"
"297:380:ORIGIN_MARK:paldea","297","Hariyama","Estándar","Paldea","ORIGIN_MARK","1","380"
"297:380:ORIGIN_MARK:legends-z-a","297","Hariyama","Estándar","Legends: Z-A","ORIGIN_MARK","0","380"
"297:380:DREAM_BALL:dream-ball-v","297","Hariyama","Estándar","Dream Ball (V)","DREAM_BALL","0","380"
"297:380:COLO_XD:colo-xd","297","Hariyama","Estándar","Colo/XD","COLO_XD","0","380"
"298:381:ORIGIN_MARK:sin-marca-gen-3-5","298","Azurill","Estándar","Sin marca (Gen 3-5)","ORIGIN_MARK","1","381"
"298:381:ORIGIN_MARK:kalos","298","Azurill","Estándar","Kalos","ORIGIN_MARK","1","381"
"298:381:ORIGIN_MARK:alola","298","Azurill","Estándar","Alola","ORIGIN_MARK","1","381"
"298:381:ORIGIN_MARK:pokemon-go","298","Azurill","Estándar","Pokémon GO","ORIGIN_MARK","0","381"
"298:381:ORIGIN_MARK:galar","298","Azurill","Estándar","Galar","ORIGIN_MARK","1","381"
"298:381:ORIGIN_MARK:sinnoh-bdsp","298","Azurill","Estándar","Sinnoh (BDSP)","ORIGIN_MARK","0","381"
"298:381:ORIGIN_MARK:paldea","298","Azurill","Estándar","Paldea","ORIGIN_MARK","1","381"
"299:382:ORIGIN_MARK:sin-marca-gen-3-5","299","Nosepass","Estándar","Sin marca (Gen 3-5)","ORIGIN_MARK","1","382"
"299:382:ORIGIN_MARK:kalos","299","Nosepass","Estándar","Kalos","ORIGIN_MARK","1","382"
"299:382:ORIGIN_MARK:alola","299","Nosepass","Estándar","Alola","ORIGIN_MARK","1","382"
"299:382:ORIGIN_MARK:pokemon-go","299","Nosepass","Estándar","Pokémon GO","ORIGIN_MARK","0","382"
"299:382:ORIGIN_MARK:sinnoh-bdsp","299","Nosepass","Estándar","Sinnoh (BDSP)","ORIGIN_MARK","0","382"
"299:382:ORIGIN_MARK:hisui-legends-arceus","299","Nosepass","Estándar","Hisui (Legends: Arceus)","ORIGIN_MARK","0","382"
"299:382:ORIGIN_MARK:paldea","299","Nosepass","Estándar","Paldea","ORIGIN_MARK","1","382"
"299:382:ORIGIN_MARK:legends-z-a","299","Nosepass","Estándar","Legends: Z-A","ORIGIN_MARK","0","382"
"299:382:DREAM_BALL:dream-ball-v","299","Nosepass","Estándar","Dream Ball (V)","DREAM_BALL","0","382"
"299:382:COLO_XD:colo-xd","299","Nosepass","Estándar","Colo/XD","COLO_XD","0","382"
"300:383:ORIGIN_MARK:sin-marca-gen-3-5","300","Skitty","Estándar","Sin marca (Gen 3-5)","ORIGIN_MARK","1","383"
"300:383:ORIGIN_MARK:kalos","300","Skitty","Estándar","Kalos","ORIGIN_MARK","1","383"
"300:383:ORIGIN_MARK:alola","300","Skitty","Estándar","Alola","ORIGIN_MARK","1","383"
"300:383:ORIGIN_MARK:pokemon-go","300","Skitty","Estándar","Pokémon GO","ORIGIN_MARK","0","383"
"300:383:ORIGIN_MARK:sinnoh-bdsp","300","Skitty","Estándar","Sinnoh (BDSP)","ORIGIN_MARK","0","383"
"300:383:ORIGIN_MARK:legends-z-a","300","Skitty","Estándar","Legends: Z-A","ORIGIN_MARK","0","383"
"300:383:DREAM_BALL:dream-ball-v","300","Skitty","Estándar","Dream Ball (V)","DREAM_BALL","0","383"
"301:384:ORIGIN_MARK:sin-marca-gen-3-5","301","Delcatty","Estándar","Sin marca (Gen 3-5)","ORIGIN_MARK","1","384"
"301:384:ORIGIN_MARK:kalos","301","Delcatty","Estándar","Kalos","ORIGIN_MARK","1","384"
"301:384:ORIGIN_MARK:alola","301","Delcatty","Estándar","Alola","ORIGIN_MARK","1","384"
"301:384:ORIGIN_MARK:pokemon-go","301","Delcatty","Estándar","Pokémon GO","ORIGIN_MARK","0","384"
"301:384:ORIGIN_MARK:sinnoh-bdsp","301","Delcatty","Estándar","Sinnoh (BDSP)","ORIGIN_MARK","0","384"
"301:384:ORIGIN_MARK:legends-z-a","301","Delcatty","Estándar","Legends: Z-A","ORIGIN_MARK","0","384"
"301:384:DREAM_BALL:dream-ball-v","301","Delcatty","Estándar","Dream Ball (V)","DREAM_BALL","0","384"
"301:384:COLO_XD:colo-xd","301","Delcatty","Estándar","Colo/XD","COLO_XD","0","384"
"302:385:ORIGIN_MARK:sin-marca-gen-3-5","302","Sableye","Estándar","Sin marca (Gen 3-5)","ORIGIN_MARK","1","385"
"302:385:ORIGIN_MARK:kalos","302","Sableye","Estándar","Kalos","ORIGIN_MARK","1","385"
"302:385:ORIGIN_MARK:alola","302","Sableye","Estándar","Alola","ORIGIN_MARK","1","385"
"302:385:ORIGIN_MARK:pokemon-go","302","Sableye","Estándar","Pokémon GO","ORIGIN_MARK","0","385"
"302:385:ORIGIN_MARK:galar","302","Sableye","Estándar","Galar","ORIGIN_MARK","1","385"
"302:385:ORIGIN_MARK:sinnoh-bdsp","302","Sableye","Estándar","Sinnoh (BDSP)","ORIGIN_MARK","0","385"
"302:385:ORIGIN_MARK:paldea","302","Sableye","Estándar","Paldea","ORIGIN_MARK","1","385"
"302:385:ORIGIN_MARK:legends-z-a","302","Sableye","Estándar","Legends: Z-A","ORIGIN_MARK","0","385"
"302:385:DREAM_BALL:dream-ball-v","302","Sableye","Estándar","Dream Ball (V)","DREAM_BALL","0","385"
"302:385:COLO_XD:colo-xd","302","Sableye","Estándar","Colo/XD","COLO_XD","0","385"
"303:386:ORIGIN_MARK:sin-marca-gen-3-5","303","Mawile","Estándar","Sin marca (Gen 3-5)","ORIGIN_MARK","1","386"
"303:386:ORIGIN_MARK:kalos","303","Mawile","Estándar","Kalos","ORIGIN_MARK","1","386"
"303:386:ORIGIN_MARK:alola","303","Mawile","Estándar","Alola","ORIGIN_MARK","1","386"
"303:386:ORIGIN_MARK:pokemon-go","303","Mawile","Estándar","Pokémon GO","ORIGIN_MARK","0","386"
"303:386:ORIGIN_MARK:galar","303","Mawile","Estándar","Galar","ORIGIN_MARK","1","386"
"303:386:ORIGIN_MARK:sinnoh-bdsp","303","Mawile","Estándar","Sinnoh (BDSP)","ORIGIN_MARK","0","386"
"303:386:ORIGIN_MARK:legends-z-a","303","Mawile","Estándar","Legends: Z-A","ORIGIN_MARK","0","386"
"303:386:DREAM_BALL:dream-ball-v","303","Mawile","Estándar","Dream Ball (V)","DREAM_BALL","0","386"
"303:386:COLO_XD:colo-xd","303","Mawile","Estándar","Colo/XD","COLO_XD","0","386"
"304:387:ORIGIN_MARK:sin-marca-gen-3-5","304","Aron","Estándar","Sin marca (Gen 3-5)","ORIGIN_MARK","1","387"
"304:387:ORIGIN_MARK:kalos","304","Aron","Estándar","Kalos","ORIGIN_MARK","1","387"
"304:387:ORIGIN_MARK:alola","304","Aron","Estándar","Alola","ORIGIN_MARK","1","387"
"304:387:ORIGIN_MARK:pokemon-go","304","Aron","Estándar","Pokémon GO","ORIGIN_MARK","0","387"
"304:387:ORIGIN_MARK:galar","304","Aron","Estándar","Galar","ORIGIN_MARK","1","387"
"304:387:ORIGIN_MARK:sinnoh-bdsp","304","Aron","Estándar","Sinnoh (BDSP)","ORIGIN_MARK","0","387"
"304:387:ORIGIN_MARK:legends-z-a","304","Aron","Estándar","Legends: Z-A","ORIGIN_MARK","0","387"
"304:387:DREAM_BALL:dream-ball-v","304","Aron","Estándar","Dream Ball (V)","DREAM_BALL","0","387"
"304:387:COLO_XD:colo-xd","304","Aron","Estándar","Colo/XD","COLO_XD","0","387"
"305:388:ORIGIN_MARK:sin-marca-gen-3-5","305","Lairon","Estándar","Sin marca (Gen 3-5)","ORIGIN_MARK","1","388"
"305:388:ORIGIN_MARK:kalos","305","Lairon","Estándar","Kalos","ORIGIN_MARK","1","388"
"305:388:ORIGIN_MARK:alola","305","Lairon","Estándar","Alola","ORIGIN_MARK","1","388"
"305:388:ORIGIN_MARK:pokemon-go","305","Lairon","Estándar","Pokémon GO","ORIGIN_MARK","0","388"
"305:388:ORIGIN_MARK:galar","305","Lairon","Estándar","Galar","ORIGIN_MARK","1","388"
"305:388:ORIGIN_MARK:sinnoh-bdsp","305","Lairon","Estándar","Sinnoh (BDSP)","ORIGIN_MARK","0","388"
"305:388:ORIGIN_MARK:legends-z-a","305","Lairon","Estándar","Legends: Z-A","ORIGIN_MARK","0","388"
"305:388:DREAM_BALL:dream-ball-v","305","Lairon","Estándar","Dream Ball (V)","DREAM_BALL","0","388"
"305:388:COLO_XD:colo-xd","305","Lairon","Estándar","Colo/XD","COLO_XD","0","388"
"306:389:ORIGIN_MARK:sin-marca-gen-3-5","306","Aggron","Estándar","Sin marca (Gen 3-5)","ORIGIN_MARK","1","389"
"306:389:ORIGIN_MARK:kalos","306","Aggron","Estándar","Kalos","ORIGIN_MARK","1","389"
"306:389:ORIGIN_MARK:alola","306","Aggron","Estándar","Alola","ORIGIN_MARK","1","389"
"306:389:ORIGIN_MARK:pokemon-go","306","Aggron","Estándar","Pokémon GO","ORIGIN_MARK","0","389"
"306:389:ORIGIN_MARK:galar","306","Aggron","Estándar","Galar","ORIGIN_MARK","1","389"
"306:389:ORIGIN_MARK:sinnoh-bdsp","306","Aggron","Estándar","Sinnoh (BDSP)","ORIGIN_MARK","0","389"
"306:389:ORIGIN_MARK:legends-z-a","306","Aggron","Estándar","Legends: Z-A","ORIGIN_MARK","0","389"
"306:389:DREAM_BALL:dream-ball-v","306","Aggron","Estándar","Dream Ball (V)","DREAM_BALL","0","389"
"306:389:COLO_XD:colo-xd","306","Aggron","Estándar","Colo/XD","COLO_XD","0","389"
"307:390:ORIGIN_MARK:sin-marca-gen-3-5","307","Meditite","Estándar","Sin marca (Gen 3-5)","ORIGIN_MARK","1","390"
"307:390:ORIGIN_MARK:kalos","307","Meditite","Estándar","Kalos","ORIGIN_MARK","1","390"
"307:390:ORIGIN_MARK:alola","307","Meditite","Estándar","Alola","ORIGIN_MARK","1","390"
"307:390:ORIGIN_MARK:pokemon-go","307","Meditite","Estándar","Pokémon GO","ORIGIN_MARK","0","390"
"307:390:ORIGIN_MARK:sinnoh-bdsp","307","Meditite","Estándar","Sinnoh (BDSP)","ORIGIN_MARK","0","390"
"307:390:ORIGIN_MARK:paldea","307","Meditite","Estándar","Paldea","ORIGIN_MARK","1","390"
"307:390:ORIGIN_MARK:legends-z-a","307","Meditite","Estándar","Legends: Z-A","ORIGIN_MARK","0","390"
"307:390:DREAM_BALL:dream-ball-v","307","Meditite","Estándar","Dream Ball (V)","DREAM_BALL","0","390"
"307:390:COLO_XD:colo-xd","307","Meditite","Estándar","Colo/XD","COLO_XD","0","390"
"308:391:ORIGIN_MARK:sin-marca-gen-3-5","308","Medicham","Estándar","Sin marca (Gen 3-5)","ORIGIN_MARK","1","391"
"308:391:ORIGIN_MARK:kalos","308","Medicham","Estándar","Kalos","ORIGIN_MARK","1","391"
"308:391:ORIGIN_MARK:alola","308","Medicham","Estándar","Alola","ORIGIN_MARK","1","391"
"308:391:ORIGIN_MARK:pokemon-go","308","Medicham","Estándar","Pokémon GO","ORIGIN_MARK","0","391"
"308:391:ORIGIN_MARK:sinnoh-bdsp","308","Medicham","Estándar","Sinnoh (BDSP)","ORIGIN_MARK","0","391"
"308:391:ORIGIN_MARK:paldea","308","Medicham","Estándar","Paldea","ORIGIN_MARK","1","391"
"308:391:ORIGIN_MARK:legends-z-a","308","Medicham","Estándar","Legends: Z-A","ORIGIN_MARK","0","391"
"308:391:DREAM_BALL:dream-ball-v","308","Medicham","Estándar","Dream Ball (V)","DREAM_BALL","0","391"
"308:391:COLO_XD:colo-xd","308","Medicham","Estándar","Colo/XD","COLO_XD","0","391"
"309:392:ORIGIN_MARK:sin-marca-gen-3-5","309","Electrike","Estándar","Sin marca (Gen 3-5)","ORIGIN_MARK","1","392"
"309:392:ORIGIN_MARK:kalos","309","Electrike","Estándar","Kalos","ORIGIN_MARK","1","392"
"309:392:ORIGIN_MARK:alola","309","Electrike","Estándar","Alola","ORIGIN_MARK","1","392"
"309:392:ORIGIN_MARK:pokemon-go","309","Electrike","Estándar","Pokémon GO","ORIGIN_MARK","0","392"
"309:392:ORIGIN_MARK:galar","309","Electrike","Estándar","Galar","ORIGIN_MARK","1","392"
"309:392:ORIGIN_MARK:sinnoh-bdsp","309","Electrike","Estándar","Sinnoh (BDSP)","ORIGIN_MARK","0","392"
"309:392:ORIGIN_MARK:legends-z-a","309","Electrike","Estándar","Legends: Z-A","ORIGIN_MARK","0","392"
"309:392:DREAM_BALL:dream-ball-v","309","Electrike","Estándar","Dream Ball (V)","DREAM_BALL","0","392"
"310:393:ORIGIN_MARK:sin-marca-gen-3-5","310","Manectric","Estándar","Sin marca (Gen 3-5)","ORIGIN_MARK","1","393"
"310:393:ORIGIN_MARK:kalos","310","Manectric","Estándar","Kalos","ORIGIN_MARK","1","393"
"310:393:ORIGIN_MARK:alola","310","Manectric","Estándar","Alola","ORIGIN_MARK","1","393"
"310:393:ORIGIN_MARK:pokemon-go","310","Manectric","Estándar","Pokémon GO","ORIGIN_MARK","0","393"
"310:393:ORIGIN_MARK:galar","310","Manectric","Estándar","Galar","ORIGIN_MARK","1","393"
"310:393:ORIGIN_MARK:sinnoh-bdsp","310","Manectric","Estándar","Sinnoh (BDSP)","ORIGIN_MARK","0","393"
"310:393:ORIGIN_MARK:legends-z-a","310","Manectric","Estándar","Legends: Z-A","ORIGIN_MARK","0","393"
"310:393:DREAM_BALL:dream-ball-v","310","Manectric","Estándar","Dream Ball (V)","DREAM_BALL","0","393"
"310:393:COLO_XD:colo-xd","310","Manectric","Estándar","Colo/XD","COLO_XD","0","393"
"311:394:ORIGIN_MARK:sin-marca-gen-3-5","311","Plusle","Estándar","Sin marca (Gen 3-5)","ORIGIN_MARK","1","394"
"311:394:ORIGIN_MARK:kalos","311","Plusle","Estándar","Kalos","ORIGIN_MARK","1","394"
"311:394:ORIGIN_MARK:alola","311","Plusle","Estándar","Alola","ORIGIN_MARK","1","394"
"311:394:ORIGIN_MARK:pokemon-go","311","Plusle","Estándar","Pokémon GO","ORIGIN_MARK","0","394"
"311:394:ORIGIN_MARK:sinnoh-bdsp","311","Plusle","Estándar","Sinnoh (BDSP)","ORIGIN_MARK","0","394"
"311:394:ORIGIN_MARK:paldea","311","Plusle","Estándar","Paldea","ORIGIN_MARK","1","394"
"311:394:ORIGIN_MARK:legends-z-a","311","Plusle","Estándar","Legends: Z-A","ORIGIN_MARK","0","394"
"311:394:DREAM_BALL:dream-ball-v","311","Plusle","Estándar","Dream Ball (V)","DREAM_BALL","0","394"
"311:394:COLO_XD:colo-xd","311","Plusle","Estándar","Colo/XD","COLO_XD","0","394"
"312:395:ORIGIN_MARK:sin-marca-gen-3-5","312","Minun","Estándar","Sin marca (Gen 3-5)","ORIGIN_MARK","1","395"
"312:395:ORIGIN_MARK:kalos","312","Minun","Estándar","Kalos","ORIGIN_MARK","1","395"
"312:395:ORIGIN_MARK:alola","312","Minun","Estándar","Alola","ORIGIN_MARK","1","395"
"312:395:ORIGIN_MARK:pokemon-go","312","Minun","Estándar","Pokémon GO","ORIGIN_MARK","0","395"
"312:395:ORIGIN_MARK:sinnoh-bdsp","312","Minun","Estándar","Sinnoh (BDSP)","ORIGIN_MARK","0","395"
"312:395:ORIGIN_MARK:paldea","312","Minun","Estándar","Paldea","ORIGIN_MARK","1","395"
"312:395:ORIGIN_MARK:legends-z-a","312","Minun","Estándar","Legends: Z-A","ORIGIN_MARK","0","395"
"312:395:DREAM_BALL:dream-ball-v","312","Minun","Estándar","Dream Ball (V)","DREAM_BALL","0","395"
"313:396:ORIGIN_MARK:sin-marca-gen-3-5","313","Volbeat","Estándar","Sin marca (Gen 3-5)","ORIGIN_MARK","1","396"
"313:396:ORIGIN_MARK:kalos","313","Volbeat","Estándar","Kalos","ORIGIN_MARK","1","396"
"313:396:ORIGIN_MARK:alola","313","Volbeat","Estándar","Alola","ORIGIN_MARK","1","396"
"313:396:ORIGIN_MARK:pokemon-go","313","Volbeat","Estándar","Pokémon GO","ORIGIN_MARK","0","396"
"313:396:ORIGIN_MARK:sinnoh-bdsp","313","Volbeat","Estándar","Sinnoh (BDSP)","ORIGIN_MARK","0","396"
"313:396:ORIGIN_MARK:paldea","313","Volbeat","Estándar","Paldea","ORIGIN_MARK","1","396"
"313:396:ORIGIN_MARK:legends-z-a","313","Volbeat","Estándar","Legends: Z-A","ORIGIN_MARK","0","396"
"313:396:DREAM_BALL:dream-ball-v","313","Volbeat","Estándar","Dream Ball (V)","DREAM_BALL","0","396"
"314:397:ORIGIN_MARK:sin-marca-gen-3-5","314","Illumise","Estándar","Sin marca (Gen 3-5)","ORIGIN_MARK","1","397"
"314:397:ORIGIN_MARK:kalos","314","Illumise","Estándar","Kalos","ORIGIN_MARK","1","397"
"314:397:ORIGIN_MARK:alola","314","Illumise","Estándar","Alola","ORIGIN_MARK","1","397"
"314:397:ORIGIN_MARK:pokemon-go","314","Illumise","Estándar","Pokémon GO","ORIGIN_MARK","0","397"
"314:397:ORIGIN_MARK:sinnoh-bdsp","314","Illumise","Estándar","Sinnoh (BDSP)","ORIGIN_MARK","0","397"
"314:397:ORIGIN_MARK:paldea","314","Illumise","Estándar","Paldea","ORIGIN_MARK","1","397"
"314:397:ORIGIN_MARK:legends-z-a","314","Illumise","Estándar","Legends: Z-A","ORIGIN_MARK","0","397"
"314:397:DREAM_BALL:dream-ball-v","314","Illumise","Estándar","Dream Ball (V)","DREAM_BALL","0","397"
"315:398:ORIGIN_MARK:sin-marca-gen-3-5","315","Roselia","Estándar","Sin marca (Gen 3-5)","ORIGIN_MARK","1","398"
"315:398:ORIGIN_MARK:kalos","315","Roselia","Estándar","Kalos","ORIGIN_MARK","1","398"
"315:398:ORIGIN_MARK:alola","315","Roselia","Estándar","Alola","ORIGIN_MARK","1","398"
"315:398:ORIGIN_MARK:pokemon-go","315","Roselia","Estándar","Pokémon GO","ORIGIN_MARK","0","398"
"315:398:ORIGIN_MARK:galar","315","Roselia","Estándar","Galar","ORIGIN_MARK","1","398"
"315:398:ORIGIN_MARK:sinnoh-bdsp","315","Roselia","Estándar","Sinnoh (BDSP)","ORIGIN_MARK","0","398"
"315:398:ORIGIN_MARK:hisui-legends-arceus","315","Roselia","Estándar","Hisui (Legends: Arceus)","ORIGIN_MARK","0","398"
"315:398:ORIGIN_MARK:legends-z-a","315","Roselia","Estándar","Legends: Z-A","ORIGIN_MARK","0","398"
"315:398:DREAM_BALL:dream-ball-v","315","Roselia","Estándar","Dream Ball (V)","DREAM_BALL","0","398"
"316:399:ORIGIN_MARK:sin-marca-gen-3-5","316","Gulpin","Estándar","Sin marca (Gen 3-5)","ORIGIN_MARK","1","399"
"316:399:ORIGIN_MARK:kalos","316","Gulpin","Estándar","Kalos","ORIGIN_MARK","1","399"
"316:399:ORIGIN_MARK:alola","316","Gulpin","Estándar","Alola","ORIGIN_MARK","1","399"
"316:399:ORIGIN_MARK:pokemon-go","316","Gulpin","Estándar","Pokémon GO","ORIGIN_MARK","0","399"
"316:399:ORIGIN_MARK:sinnoh-bdsp","316","Gulpin","Estándar","Sinnoh (BDSP)","ORIGIN_MARK","0","399"
"316:399:ORIGIN_MARK:paldea","316","Gulpin","Estándar","Paldea","ORIGIN_MARK","1","399"
"316:399:ORIGIN_MARK:legends-z-a","316","Gulpin","Estándar","Legends: Z-A","ORIGIN_MARK","0","399"
"316:399:DREAM_BALL:dream-ball-v","316","Gulpin","Estándar","Dream Ball (V)","DREAM_BALL","0","399"
"316:399:COLO_XD:colo-xd","316","Gulpin","Estándar","Colo/XD","COLO_XD","0","399"
"317:400:ORIGIN_MARK:sin-marca-gen-3-5","317","Swalot","Estándar","Sin marca (Gen 3-5)","ORIGIN_MARK","1","400"
"317:400:ORIGIN_MARK:kalos","317","Swalot","Estándar","Kalos","ORIGIN_MARK","1","400"
"317:400:ORIGIN_MARK:alola","317","Swalot","Estándar","Alola","ORIGIN_MARK","1","400"
"317:400:ORIGIN_MARK:pokemon-go","317","Swalot","Estándar","Pokémon GO","ORIGIN_MARK","0","400"
"317:400:ORIGIN_MARK:sinnoh-bdsp","317","Swalot","Estándar","Sinnoh (BDSP)","ORIGIN_MARK","0","400"
"317:400:ORIGIN_MARK:paldea","317","Swalot","Estándar","Paldea","ORIGIN_MARK","1","400"
"317:400:ORIGIN_MARK:legends-z-a","317","Swalot","Estándar","Legends: Z-A","ORIGIN_MARK","0","400"
"317:400:DREAM_BALL:dream-ball-v","317","Swalot","Estándar","Dream Ball (V)","DREAM_BALL","0","400"
"317:400:COLO_XD:colo-xd","317","Swalot","Estándar","Colo/XD","COLO_XD","0","400"
"318:401:ORIGIN_MARK:sin-marca-gen-3-5","318","Carvanha","Estándar","Sin marca (Gen 3-5)","ORIGIN_MARK","1","401"
"318:401:ORIGIN_MARK:kalos","318","Carvanha","Estándar","Kalos","ORIGIN_MARK","1","401"
"318:401:ORIGIN_MARK:alola","318","Carvanha","Estándar","Alola","ORIGIN_MARK","1","401"
"318:401:ORIGIN_MARK:pokemon-go","318","Carvanha","Estándar","Pokémon GO","ORIGIN_MARK","0","401"
"318:401:ORIGIN_MARK:galar","318","Carvanha","Estándar","Galar","ORIGIN_MARK","1","401"
"318:401:ORIGIN_MARK:sinnoh-bdsp","318","Carvanha","Estándar","Sinnoh (BDSP)","ORIGIN_MARK","0","401"
"318:401:ORIGIN_MARK:legends-z-a","318","Carvanha","Estándar","Legends: Z-A","ORIGIN_MARK","0","401"
"318:401:DREAM_BALL:dream-ball-v","318","Carvanha","Estándar","Dream Ball (V)","DREAM_BALL","0","401"
"318:401:COLO_XD:colo-xd","318","Carvanha","Estándar","Colo/XD","COLO_XD","0","401"
"319:402:ORIGIN_MARK:sin-marca-gen-3-5","319","Sharpedo","Estándar","Sin marca (Gen 3-5)","ORIGIN_MARK","1","402"
"319:402:ORIGIN_MARK:kalos","319","Sharpedo","Estándar","Kalos","ORIGIN_MARK","1","402"
"319:402:ORIGIN_MARK:alola","319","Sharpedo","Estándar","Alola","ORIGIN_MARK","1","402"
"319:402:ORIGIN_MARK:pokemon-go","319","Sharpedo","Estándar","Pokémon GO","ORIGIN_MARK","0","402"
"319:402:ORIGIN_MARK:galar","319","Sharpedo","Estándar","Galar","ORIGIN_MARK","1","402"
"319:402:ORIGIN_MARK:sinnoh-bdsp","319","Sharpedo","Estándar","Sinnoh (BDSP)","ORIGIN_MARK","0","402"
"319:402:ORIGIN_MARK:legends-z-a","319","Sharpedo","Estándar","Legends: Z-A","ORIGIN_MARK","0","402"
"319:402:DREAM_BALL:dream-ball-v","319","Sharpedo","Estándar","Dream Ball (V)","DREAM_BALL","0","402"
"319:402:COLO_XD:colo-xd","319","Sharpedo","Estándar","Colo/XD","COLO_XD","0","402"
"320:403:ORIGIN_MARK:sin-marca-gen-3-5","320","Wailmer","Estándar","Sin marca (Gen 3-5)","ORIGIN_MARK","1","403"
"320:403:ORIGIN_MARK:kalos","320","Wailmer","Estándar","Kalos","ORIGIN_MARK","1","403"
"320:403:ORIGIN_MARK:alola","320","Wailmer","Estándar","Alola","ORIGIN_MARK","1","403"
"320:403:ORIGIN_MARK:pokemon-go","320","Wailmer","Estándar","Pokémon GO","ORIGIN_MARK","0","403"
"320:403:ORIGIN_MARK:galar","320","Wailmer","Estándar","Galar","ORIGIN_MARK","1","403"
"320:403:ORIGIN_MARK:sinnoh-bdsp","320","Wailmer","Estándar","Sinnoh (BDSP)","ORIGIN_MARK","0","403"
"320:403:ORIGIN_MARK:legends-z-a","320","Wailmer","Estándar","Legends: Z-A","ORIGIN_MARK","0","403"
"320:403:DREAM_BALL:dream-ball-v","320","Wailmer","Estándar","Dream Ball (V)","DREAM_BALL","0","403"
"321:404:ORIGIN_MARK:sin-marca-gen-3-5","321","Wailord","Estándar","Sin marca (Gen 3-5)","ORIGIN_MARK","1","404"
"321:404:ORIGIN_MARK:kalos","321","Wailord","Estándar","Kalos","ORIGIN_MARK","1","404"
"321:404:ORIGIN_MARK:alola","321","Wailord","Estándar","Alola","ORIGIN_MARK","1","404"
"321:404:ORIGIN_MARK:pokemon-go","321","Wailord","Estándar","Pokémon GO","ORIGIN_MARK","0","404"
"321:404:ORIGIN_MARK:galar","321","Wailord","Estándar","Galar","ORIGIN_MARK","1","404"
"321:404:ORIGIN_MARK:sinnoh-bdsp","321","Wailord","Estándar","Sinnoh (BDSP)","ORIGIN_MARK","0","404"
"321:404:ORIGIN_MARK:legends-z-a","321","Wailord","Estándar","Legends: Z-A","ORIGIN_MARK","0","404"
"321:404:DREAM_BALL:dream-ball-v","321","Wailord","Estándar","Dream Ball (V)","DREAM_BALL","0","404"
"322:405:ORIGIN_MARK:sin-marca-gen-3-5","322","Numel","Estándar","Sin marca (Gen 3-5)","ORIGIN_MARK","1","405"
"322:405:ORIGIN_MARK:kalos","322","Numel","Estándar","Kalos","ORIGIN_MARK","1","405"
"322:405:ORIGIN_MARK:alola","322","Numel","Estándar","Alola","ORIGIN_MARK","1","405"
"322:405:ORIGIN_MARK:pokemon-go","322","Numel","Estándar","Pokémon GO","ORIGIN_MARK","0","405"
"322:405:ORIGIN_MARK:sinnoh-bdsp","322","Numel","Estándar","Sinnoh (BDSP)","ORIGIN_MARK","0","405"
"322:405:ORIGIN_MARK:paldea","322","Numel","Estándar","Paldea","ORIGIN_MARK","1","405"
"322:405:ORIGIN_MARK:legends-z-a","322","Numel","Estándar","Legends: Z-A","ORIGIN_MARK","0","405"
"322:405:DREAM_BALL:dream-ball-v","322","Numel","Estándar","Dream Ball (V)","DREAM_BALL","0","405"
"322:405:COLO_XD:colo-xd","322","Numel","Estándar","Colo/XD","COLO_XD","0","405"
"323:406:ORIGIN_MARK:sin-marca-gen-3-5","323","Camerupt","Estándar","Sin marca (Gen 3-5)","ORIGIN_MARK","1","406"
"323:406:ORIGIN_MARK:kalos","323","Camerupt","Estándar","Kalos","ORIGIN_MARK","1","406"
"323:406:ORIGIN_MARK:alola","323","Camerupt","Estándar","Alola","ORIGIN_MARK","1","406"
"323:406:ORIGIN_MARK:pokemon-go","323","Camerupt","Estándar","Pokémon GO","ORIGIN_MARK","0","406"
"323:406:ORIGIN_MARK:sinnoh-bdsp","323","Camerupt","Estándar","Sinnoh (BDSP)","ORIGIN_MARK","0","406"
"323:406:ORIGIN_MARK:paldea","323","Camerupt","Estándar","Paldea","ORIGIN_MARK","1","406"
"323:406:ORIGIN_MARK:legends-z-a","323","Camerupt","Estándar","Legends: Z-A","ORIGIN_MARK","0","406"
"323:406:DREAM_BALL:dream-ball-v","323","Camerupt","Estándar","Dream Ball (V)","DREAM_BALL","0","406"
"323:406:COLO_XD:colo-xd","323","Camerupt","Estándar","Colo/XD","COLO_XD","0","406"
"324:407:ORIGIN_MARK:sin-marca-gen-3-5","324","Torkoal","Estándar","Sin marca (Gen 3-5)","ORIGIN_MARK","1","407"
"324:407:ORIGIN_MARK:kalos","324","Torkoal","Estándar","Kalos","ORIGIN_MARK","1","407"
"324:407:ORIGIN_MARK:alola","324","Torkoal","Estándar","Alola","ORIGIN_MARK","1","407"
"324:407:ORIGIN_MARK:pokemon-go","324","Torkoal","Estándar","Pokémon GO","ORIGIN_MARK","0","407"
"324:407:ORIGIN_MARK:galar","324","Torkoal","Estándar","Galar","ORIGIN_MARK","1","407"
"324:407:ORIGIN_MARK:sinnoh-bdsp","324","Torkoal","Estándar","Sinnoh (BDSP)","ORIGIN_MARK","0","407"
"324:407:ORIGIN_MARK:paldea","324","Torkoal","Estándar","Paldea","ORIGIN_MARK","1","407"
"324:407:ORIGIN_MARK:legends-z-a","324","Torkoal","Estándar","Legends: Z-A","ORIGIN_MARK","0","407"
"324:407:DREAM_BALL:dream-ball-v","324","Torkoal","Estándar","Dream Ball (V)","DREAM_BALL","0","407"
"325:408:ORIGIN_MARK:sin-marca-gen-3-5","325","Spoink","Estándar","Sin marca (Gen 3-5)","ORIGIN_MARK","1","408"
"325:408:ORIGIN_MARK:kalos","325","Spoink","Estándar","Kalos","ORIGIN_MARK","1","408"
"325:408:ORIGIN_MARK:alola","325","Spoink","Estándar","Alola","ORIGIN_MARK","1","408"
"325:408:ORIGIN_MARK:pokemon-go","325","Spoink","Estándar","Pokémon GO","ORIGIN_MARK","1","408"
"325:408:ORIGIN_MARK:sinnoh-bdsp","325","Spoink","Estándar","Sinnoh (BDSP)","ORIGIN_MARK","0","408"
"325:408:ORIGIN_MARK:paldea","325","Spoink","Estándar","Paldea","ORIGIN_MARK","1","408"
"325:408:ORIGIN_MARK:legends-z-a","325","Spoink","Estándar","Legends: Z-A","ORIGIN_MARK","0","408"
"325:408:DREAM_BALL:dream-ball-v","325","Spoink","Estándar","Dream Ball (V)","DREAM_BALL","1","408"
"326:409:ORIGIN_MARK:sin-marca-gen-3-5","326","Grumpig","Estándar","Sin marca (Gen 3-5)","ORIGIN_MARK","1","409"
"326:409:ORIGIN_MARK:kalos","326","Grumpig","Estándar","Kalos","ORIGIN_MARK","1","409"
"326:409:ORIGIN_MARK:alola","326","Grumpig","Estándar","Alola","ORIGIN_MARK","1","409"
"326:409:ORIGIN_MARK:pokemon-go","326","Grumpig","Estándar","Pokémon GO","ORIGIN_MARK","0","409"
"326:409:ORIGIN_MARK:sinnoh-bdsp","326","Grumpig","Estándar","Sinnoh (BDSP)","ORIGIN_MARK","0","409"
"326:409:ORIGIN_MARK:paldea","326","Grumpig","Estándar","Paldea","ORIGIN_MARK","1","409"
"326:409:ORIGIN_MARK:legends-z-a","326","Grumpig","Estándar","Legends: Z-A","ORIGIN_MARK","0","409"
"326:409:DREAM_BALL:dream-ball-v","326","Grumpig","Estándar","Dream Ball (V)","DREAM_BALL","0","409"
"327:410:ORIGIN_MARK:sin-marca-gen-3-5","327","Spinda","Estándar","Sin marca (Gen 3-5)","ORIGIN_MARK","1","410"
"327:410:ORIGIN_MARK:kalos","327","Spinda","Estándar","Kalos","ORIGIN_MARK","1","410"
"327:410:ORIGIN_MARK:alola","327","Spinda","Estándar","Alola","ORIGIN_MARK","1","410"
"327:410:ORIGIN_MARK:sinnoh-bdsp","327","Spinda","Estándar","Sinnoh (BDSP)","ORIGIN_MARK","0","410"
"327:410:ORIGIN_MARK:legends-z-a","327","Spinda","Estándar","Legends: Z-A","ORIGIN_MARK","0","410"
"327:410:DREAM_BALL:dream-ball-v","327","Spinda","Estándar","Dream Ball (V)","DREAM_BALL","0","410"
"328:411:ORIGIN_MARK:sin-marca-gen-3-5","328","Trapinch","Estándar","Sin marca (Gen 3-5)","ORIGIN_MARK","1","411"
"328:411:ORIGIN_MARK:kalos","328","Trapinch","Estándar","Kalos","ORIGIN_MARK","1","411"
"328:411:ORIGIN_MARK:alola","328","Trapinch","Estándar","Alola","ORIGIN_MARK","1","411"
"328:411:ORIGIN_MARK:pokemon-go","328","Trapinch","Estándar","Pokémon GO","ORIGIN_MARK","0","411"
"328:411:ORIGIN_MARK:galar","328","Trapinch","Estándar","Galar","ORIGIN_MARK","1","411"
"328:411:ORIGIN_MARK:sinnoh-bdsp","328","Trapinch","Estándar","Sinnoh (BDSP)","ORIGIN_MARK","0","411"
"328:411:ORIGIN_MARK:paldea","328","Trapinch","Estándar","Paldea","ORIGIN_MARK","1","411"
"328:411:ORIGIN_MARK:legends-z-a","328","Trapinch","Estándar","Legends: Z-A","ORIGIN_MARK","0","411"
"328:411:DREAM_BALL:dream-ball-v","328","Trapinch","Estándar","Dream Ball (V)","DREAM_BALL","0","411"
"328:411:COLO_XD:colo-xd","328","Trapinch","Estándar","Colo/XD","COLO_XD","0","411"
"329:412:ORIGIN_MARK:sin-marca-gen-3-5","329","Vibrava","Estándar","Sin marca (Gen 3-5)","ORIGIN_MARK","1","412"
"329:412:ORIGIN_MARK:kalos","329","Vibrava","Estándar","Kalos","ORIGIN_MARK","1","412"
"329:412:ORIGIN_MARK:alola","329","Vibrava","Estándar","Alola","ORIGIN_MARK","1","412"
"329:412:ORIGIN_MARK:pokemon-go","329","Vibrava","Estándar","Pokémon GO","ORIGIN_MARK","0","412"
"329:412:ORIGIN_MARK:galar","329","Vibrava","Estándar","Galar","ORIGIN_MARK","1","412"
"329:412:ORIGIN_MARK:sinnoh-bdsp","329","Vibrava","Estándar","Sinnoh (BDSP)","ORIGIN_MARK","0","412"
"329:412:ORIGIN_MARK:paldea","329","Vibrava","Estándar","Paldea","ORIGIN_MARK","1","412"
"329:412:ORIGIN_MARK:legends-z-a","329","Vibrava","Estándar","Legends: Z-A","ORIGIN_MARK","0","412"
"329:412:DREAM_BALL:dream-ball-v","329","Vibrava","Estándar","Dream Ball (V)","DREAM_BALL","0","412"
"329:412:COLO_XD:colo-xd","329","Vibrava","Estándar","Colo/XD","COLO_XD","1","412"
"330:413:ORIGIN_MARK:sin-marca-gen-3-5","330","Flygon","Estándar","Sin marca (Gen 3-5)","ORIGIN_MARK","1","413"
"330:413:ORIGIN_MARK:kalos","330","Flygon","Estándar","Kalos","ORIGIN_MARK","1","413"
"330:413:ORIGIN_MARK:alola","330","Flygon","Estándar","Alola","ORIGIN_MARK","1","413"
"330:413:ORIGIN_MARK:pokemon-go","330","Flygon","Estándar","Pokémon GO","ORIGIN_MARK","0","413"
"330:413:ORIGIN_MARK:galar","330","Flygon","Estándar","Galar","ORIGIN_MARK","1","413"
"330:413:ORIGIN_MARK:sinnoh-bdsp","330","Flygon","Estándar","Sinnoh (BDSP)","ORIGIN_MARK","0","413"
"330:413:ORIGIN_MARK:paldea","330","Flygon","Estándar","Paldea","ORIGIN_MARK","1","413"
"330:413:ORIGIN_MARK:legends-z-a","330","Flygon","Estándar","Legends: Z-A","ORIGIN_MARK","0","413"
"330:413:DREAM_BALL:dream-ball-v","330","Flygon","Estándar","Dream Ball (V)","DREAM_BALL","0","413"
"330:413:COLO_XD:colo-xd","330","Flygon","Estándar","Colo/XD","COLO_XD","0","413"
"331:414:ORIGIN_MARK:sin-marca-gen-3-5","331","Cacnea","Estándar","Sin marca (Gen 3-5)","ORIGIN_MARK","1","414"
"331:414:ORIGIN_MARK:kalos","331","Cacnea","Estándar","Kalos","ORIGIN_MARK","1","414"
"331:414:ORIGIN_MARK:alola","331","Cacnea","Estándar","Alola","ORIGIN_MARK","1","414"
"331:414:ORIGIN_MARK:pokemon-go","331","Cacnea","Estándar","Pokémon GO","ORIGIN_MARK","0","414"
"331:414:ORIGIN_MARK:sinnoh-bdsp","331","Cacnea","Estándar","Sinnoh (BDSP)","ORIGIN_MARK","0","414"
"331:414:ORIGIN_MARK:paldea","331","Cacnea","Estándar","Paldea","ORIGIN_MARK","1","414"
"331:414:ORIGIN_MARK:legends-z-a","331","Cacnea","Estándar","Legends: Z-A","ORIGIN_MARK","0","414"
"331:414:DREAM_BALL:dream-ball-v","331","Cacnea","Estándar","Dream Ball (V)","DREAM_BALL","0","414"
"332:415:ORIGIN_MARK:sin-marca-gen-3-5","332","Cacturne","Estándar","Sin marca (Gen 3-5)","ORIGIN_MARK","1","415"
"332:415:ORIGIN_MARK:kalos","332","Cacturne","Estándar","Kalos","ORIGIN_MARK","1","415"
"332:415:ORIGIN_MARK:alola","332","Cacturne","Estándar","Alola","ORIGIN_MARK","1","415"
"332:415:ORIGIN_MARK:pokemon-go","332","Cacturne","Estándar","Pokémon GO","ORIGIN_MARK","0","415"
"332:415:ORIGIN_MARK:sinnoh-bdsp","332","Cacturne","Estándar","Sinnoh (BDSP)","ORIGIN_MARK","0","415"
"332:415:ORIGIN_MARK:paldea","332","Cacturne","Estándar","Paldea","ORIGIN_MARK","1","415"
"332:415:ORIGIN_MARK:legends-z-a","332","Cacturne","Estándar","Legends: Z-A","ORIGIN_MARK","0","415"
"332:415:DREAM_BALL:dream-ball-v","332","Cacturne","Estándar","Dream Ball (V)","DREAM_BALL","0","415"
"333:416:ORIGIN_MARK:sin-marca-gen-3-5","333","Swablu","Estándar","Sin marca (Gen 3-5)","ORIGIN_MARK","1","416"
"333:416:ORIGIN_MARK:kalos","333","Swablu","Estándar","Kalos","ORIGIN_MARK","1","416"
"333:416:ORIGIN_MARK:alola","333","Swablu","Estándar","Alola","ORIGIN_MARK","1","416"
"333:416:ORIGIN_MARK:pokemon-go","333","Swablu","Estándar","Pokémon GO","ORIGIN_MARK","0","416"
"333:416:ORIGIN_MARK:galar","333","Swablu","Estándar","Galar","ORIGIN_MARK","1","416"
"333:416:ORIGIN_MARK:sinnoh-bdsp","333","Swablu","Estándar","Sinnoh (BDSP)","ORIGIN_MARK","0","416"
"333:416:ORIGIN_MARK:paldea","333","Swablu","Estándar","Paldea","ORIGIN_MARK","1","416"
"333:416:ORIGIN_MARK:legends-z-a","333","Swablu","Estándar","Legends: Z-A","ORIGIN_MARK","0","416"
"333:416:DREAM_BALL:dream-ball-v","333","Swablu","Estándar","Dream Ball (V)","DREAM_BALL","1","416"
"333:416:COLO_XD:colo-xd","333","Swablu","Estándar","Colo/XD","COLO_XD","1","416"
"334:417:ORIGIN_MARK:sin-marca-gen-3-5","334","Altaria","Estándar","Sin marca (Gen 3-5)","ORIGIN_MARK","1","417"
"334:417:ORIGIN_MARK:kalos","334","Altaria","Estándar","Kalos","ORIGIN_MARK","1","417"
"334:417:ORIGIN_MARK:alola","334","Altaria","Estándar","Alola","ORIGIN_MARK","1","417"
"334:417:ORIGIN_MARK:pokemon-go","334","Altaria","Estándar","Pokémon GO","ORIGIN_MARK","0","417"
"334:417:ORIGIN_MARK:galar","334","Altaria","Estándar","Galar","ORIGIN_MARK","1","417"
"334:417:ORIGIN_MARK:sinnoh-bdsp","334","Altaria","Estándar","Sinnoh (BDSP)","ORIGIN_MARK","0","417"
"334:417:ORIGIN_MARK:paldea","334","Altaria","Estándar","Paldea","ORIGIN_MARK","1","417"
"334:417:ORIGIN_MARK:legends-z-a","334","Altaria","Estándar","Legends: Z-A","ORIGIN_MARK","0","417"
"334:417:DREAM_BALL:dream-ball-v","334","Altaria","Estándar","Dream Ball (V)","DREAM_BALL","1","417"
"334:417:COLO_XD:colo-xd","334","Altaria","Estándar","Colo/XD","COLO_XD","0","417"
"335:418:ORIGIN_MARK:sin-marca-gen-3-5","335","Zangoose","Estándar","Sin marca (Gen 3-5)","ORIGIN_MARK","1","418"
"335:418:ORIGIN_MARK:kalos","335","Zangoose","Estándar","Kalos","ORIGIN_MARK","1","418"
"335:418:ORIGIN_MARK:alola","335","Zangoose","Estándar","Alola","ORIGIN_MARK","1","418"
"335:418:ORIGIN_MARK:pokemon-go","335","Zangoose","Estándar","Pokémon GO","ORIGIN_MARK","0","418"
"335:418:ORIGIN_MARK:sinnoh-bdsp","335","Zangoose","Estándar","Sinnoh (BDSP)","ORIGIN_MARK","0","418"
"335:418:ORIGIN_MARK:paldea","335","Zangoose","Estándar","Paldea","ORIGIN_MARK","1","418"
"335:418:ORIGIN_MARK:legends-z-a","335","Zangoose","Estándar","Legends: Z-A","ORIGIN_MARK","0","418"
"335:418:DREAM_BALL:dream-ball-v","335","Zangoose","Estándar","Dream Ball (V)","DREAM_BALL","0","418"
"335:418:COLO_XD:colo-xd","335","Zangoose","Estándar","Colo/XD","COLO_XD","0","418"
"336:419:ORIGIN_MARK:sin-marca-gen-3-5","336","Seviper","Estándar","Sin marca (Gen 3-5)","ORIGIN_MARK","1","419"
"336:419:ORIGIN_MARK:kalos","336","Seviper","Estándar","Kalos","ORIGIN_MARK","1","419"
"336:419:ORIGIN_MARK:alola","336","Seviper","Estándar","Alola","ORIGIN_MARK","1","419"
"336:419:ORIGIN_MARK:pokemon-go","336","Seviper","Estándar","Pokémon GO","ORIGIN_MARK","0","419"
"336:419:ORIGIN_MARK:sinnoh-bdsp","336","Seviper","Estándar","Sinnoh (BDSP)","ORIGIN_MARK","0","419"
"336:419:ORIGIN_MARK:paldea","336","Seviper","Estándar","Paldea","ORIGIN_MARK","1","419"
"336:419:ORIGIN_MARK:legends-z-a","336","Seviper","Estándar","Legends: Z-A","ORIGIN_MARK","0","419"
"336:419:DREAM_BALL:dream-ball-v","336","Seviper","Estándar","Dream Ball (V)","DREAM_BALL","0","419"
"337:420:ORIGIN_MARK:sin-marca-gen-3-5","337","Lunatone","Estándar","Sin marca (Gen 3-5)","ORIGIN_MARK","1","420"
"337:420:ORIGIN_MARK:kalos","337","Lunatone","Estándar","Kalos","ORIGIN_MARK","1","420"
"337:420:ORIGIN_MARK:alola","337","Lunatone","Estándar","Alola","ORIGIN_MARK","1","420"
"337:420:ORIGIN_MARK:pokemon-go","337","Lunatone","Estándar","Pokémon GO","ORIGIN_MARK","0","420"
"337:420:ORIGIN_MARK:galar","337","Lunatone","Estándar","Galar","ORIGIN_MARK","1","420"
"337:420:ORIGIN_MARK:sinnoh-bdsp","337","Lunatone","Estándar","Sinnoh (BDSP)","ORIGIN_MARK","0","420"
"337:420:ORIGIN_MARK:legends-z-a","337","Lunatone","Estándar","Legends: Z-A","ORIGIN_MARK","0","420"
"337:420:DREAM_BALL:dream-ball-v","337","Lunatone","Estándar","Dream Ball (V)","DREAM_BALL","0","420"
"337:420:COLO_XD:colo-xd","337","Lunatone","Estándar","Colo/XD","COLO_XD","0","420"
"338:421:ORIGIN_MARK:sin-marca-gen-3-5","338","Solrock","Estándar","Sin marca (Gen 3-5)","ORIGIN_MARK","1","421"
"338:421:ORIGIN_MARK:kalos","338","Solrock","Estándar","Kalos","ORIGIN_MARK","1","421"
"338:421:ORIGIN_MARK:alola","338","Solrock","Estándar","Alola","ORIGIN_MARK","1","421"
"338:421:ORIGIN_MARK:pokemon-go","338","Solrock","Estándar","Pokémon GO","ORIGIN_MARK","0","421"
"338:421:ORIGIN_MARK:galar","338","Solrock","Estándar","Galar","ORIGIN_MARK","1","421"
"338:421:ORIGIN_MARK:sinnoh-bdsp","338","Solrock","Estándar","Sinnoh (BDSP)","ORIGIN_MARK","0","421"
"338:421:ORIGIN_MARK:legends-z-a","338","Solrock","Estándar","Legends: Z-A","ORIGIN_MARK","0","421"
"338:421:DREAM_BALL:dream-ball-v","338","Solrock","Estándar","Dream Ball (V)","DREAM_BALL","0","421"
"338:421:COLO_XD:colo-xd","338","Solrock","Estándar","Colo/XD","COLO_XD","0","421"
"339:422:ORIGIN_MARK:sin-marca-gen-3-5","339","Barboach","Estándar","Sin marca (Gen 3-5)","ORIGIN_MARK","1","422"
"339:422:ORIGIN_MARK:kalos","339","Barboach","Estándar","Kalos","ORIGIN_MARK","1","422"
"339:422:ORIGIN_MARK:alola","339","Barboach","Estándar","Alola","ORIGIN_MARK","1","422"
"339:422:ORIGIN_MARK:pokemon-go","339","Barboach","Estándar","Pokémon GO","ORIGIN_MARK","0","422"
"339:422:ORIGIN_MARK:galar","339","Barboach","Estándar","Galar","ORIGIN_MARK","1","422"
"339:422:ORIGIN_MARK:sinnoh-bdsp","339","Barboach","Estándar","Sinnoh (BDSP)","ORIGIN_MARK","0","422"
"339:422:ORIGIN_MARK:hisui-legends-arceus","339","Barboach","Estándar","Hisui (Legends: Arceus)","ORIGIN_MARK","0","422"
"339:422:ORIGIN_MARK:paldea","339","Barboach","Estándar","Paldea","ORIGIN_MARK","1","422"
"339:422:ORIGIN_MARK:legends-z-a","339","Barboach","Estándar","Legends: Z-A","ORIGIN_MARK","0","422"
"339:422:DREAM_BALL:dream-ball-v","339","Barboach","Estándar","Dream Ball (V)","DREAM_BALL","0","422"
"340:423:ORIGIN_MARK:sin-marca-gen-3-5","340","Whiscash","Estándar","Sin marca (Gen 3-5)","ORIGIN_MARK","1","423"
"340:423:ORIGIN_MARK:kalos","340","Whiscash","Estándar","Kalos","ORIGIN_MARK","1","423"
"340:423:ORIGIN_MARK:alola","340","Whiscash","Estándar","Alola","ORIGIN_MARK","1","423"
"340:423:ORIGIN_MARK:pokemon-go","340","Whiscash","Estándar","Pokémon GO","ORIGIN_MARK","0","423"
"340:423:ORIGIN_MARK:galar","340","Whiscash","Estándar","Galar","ORIGIN_MARK","1","423"
"340:423:ORIGIN_MARK:sinnoh-bdsp","340","Whiscash","Estándar","Sinnoh (BDSP)","ORIGIN_MARK","0","423"
"340:423:ORIGIN_MARK:hisui-legends-arceus","340","Whiscash","Estándar","Hisui (Legends: Arceus)","ORIGIN_MARK","0","423"
"340:423:ORIGIN_MARK:paldea","340","Whiscash","Estándar","Paldea","ORIGIN_MARK","1","423"
"340:423:ORIGIN_MARK:legends-z-a","340","Whiscash","Estándar","Legends: Z-A","ORIGIN_MARK","0","423"
"340:423:DREAM_BALL:dream-ball-v","340","Whiscash","Estándar","Dream Ball (V)","DREAM_BALL","0","423"
"341:424:ORIGIN_MARK:sin-marca-gen-3-5","341","Corphish","Estándar","Sin marca (Gen 3-5)","ORIGIN_MARK","1","424"
"341:424:ORIGIN_MARK:kalos","341","Corphish","Estándar","Kalos","ORIGIN_MARK","1","424"
"341:424:ORIGIN_MARK:alola","341","Corphish","Estándar","Alola","ORIGIN_MARK","1","424"
"341:424:ORIGIN_MARK:pokemon-go","341","Corphish","Estándar","Pokémon GO","ORIGIN_MARK","0","424"
"341:424:ORIGIN_MARK:galar","341","Corphish","Estándar","Galar","ORIGIN_MARK","1","424"
"341:424:ORIGIN_MARK:sinnoh-bdsp","341","Corphish","Estándar","Sinnoh (BDSP)","ORIGIN_MARK","0","424"
"341:424:ORIGIN_MARK:paldea","341","Corphish","Estándar","Paldea","ORIGIN_MARK","1","424"
"341:424:ORIGIN_MARK:legends-z-a","341","Corphish","Estándar","Legends: Z-A","ORIGIN_MARK","0","424"
"341:424:DREAM_BALL:dream-ball-v","341","Corphish","Estándar","Dream Ball (V)","DREAM_BALL","0","424"
"342:425:ORIGIN_MARK:sin-marca-gen-3-5","342","Crawdaunt","Estándar","Sin marca (Gen 3-5)","ORIGIN_MARK","1","425"
"342:425:ORIGIN_MARK:kalos","342","Crawdaunt","Estándar","Kalos","ORIGIN_MARK","1","425"
"342:425:ORIGIN_MARK:alola","342","Crawdaunt","Estándar","Alola","ORIGIN_MARK","1","425"
"342:425:ORIGIN_MARK:pokemon-go","342","Crawdaunt","Estándar","Pokémon GO","ORIGIN_MARK","0","425"
"342:425:ORIGIN_MARK:galar","342","Crawdaunt","Estándar","Galar","ORIGIN_MARK","1","425"
"342:425:ORIGIN_MARK:sinnoh-bdsp","342","Crawdaunt","Estándar","Sinnoh (BDSP)","ORIGIN_MARK","0","425"
"342:425:ORIGIN_MARK:paldea","342","Crawdaunt","Estándar","Paldea","ORIGIN_MARK","1","425"
"342:425:ORIGIN_MARK:legends-z-a","342","Crawdaunt","Estándar","Legends: Z-A","ORIGIN_MARK","0","425"
"342:425:DREAM_BALL:dream-ball-v","342","Crawdaunt","Estándar","Dream Ball (V)","DREAM_BALL","0","425"
"343:426:ORIGIN_MARK:sin-marca-gen-3-5","343","Baltoy","Estándar","Sin marca (Gen 3-5)","ORIGIN_MARK","1","426"
"343:426:ORIGIN_MARK:kalos","343","Baltoy","Estándar","Kalos","ORIGIN_MARK","1","426"
"343:426:ORIGIN_MARK:alola","343","Baltoy","Estándar","Alola","ORIGIN_MARK","1","426"
"343:426:ORIGIN_MARK:pokemon-go","343","Baltoy","Estándar","Pokémon GO","ORIGIN_MARK","0","426"
"343:426:ORIGIN_MARK:galar","343","Baltoy","Estándar","Galar","ORIGIN_MARK","1","426"
"343:426:ORIGIN_MARK:sinnoh-bdsp","343","Baltoy","Estándar","Sinnoh (BDSP)","ORIGIN_MARK","0","426"
"343:426:ORIGIN_MARK:legends-z-a","343","Baltoy","Estándar","Legends: Z-A","ORIGIN_MARK","0","426"
"343:426:DREAM_BALL:dream-ball-v","343","Baltoy","Estándar","Dream Ball (V)","DREAM_BALL","0","426"
"343:426:COLO_XD:colo-xd","343","Baltoy","Estándar","Colo/XD","COLO_XD","0","426"
"344:427:ORIGIN_MARK:sin-marca-gen-3-5","344","Claydol","Estándar","Sin marca (Gen 3-5)","ORIGIN_MARK","1","427"
"344:427:ORIGIN_MARK:kalos","344","Claydol","Estándar","Kalos","ORIGIN_MARK","1","427"
"344:427:ORIGIN_MARK:alola","344","Claydol","Estándar","Alola","ORIGIN_MARK","1","427"
"344:427:ORIGIN_MARK:pokemon-go","344","Claydol","Estándar","Pokémon GO","ORIGIN_MARK","0","427"
"344:427:ORIGIN_MARK:galar","344","Claydol","Estándar","Galar","ORIGIN_MARK","1","427"
"344:427:ORIGIN_MARK:sinnoh-bdsp","344","Claydol","Estándar","Sinnoh (BDSP)","ORIGIN_MARK","0","427"
"344:427:ORIGIN_MARK:legends-z-a","344","Claydol","Estándar","Legends: Z-A","ORIGIN_MARK","0","427"
"344:427:DREAM_BALL:dream-ball-v","344","Claydol","Estándar","Dream Ball (V)","DREAM_BALL","0","427"
"344:427:COLO_XD:colo-xd","344","Claydol","Estándar","Colo/XD","COLO_XD","0","427"
"345:428:ORIGIN_MARK:sin-marca-gen-3-5","345","Lileep","Estándar","Sin marca (Gen 3-5)","ORIGIN_MARK","1","428"
"345:428:ORIGIN_MARK:kalos","345","Lileep","Estándar","Kalos","ORIGIN_MARK","1","428"
"345:428:ORIGIN_MARK:alola","345","Lileep","Estándar","Alola","ORIGIN_MARK","1","428"
"345:428:ORIGIN_MARK:pokemon-go","345","Lileep","Estándar","Pokémon GO","ORIGIN_MARK","0","428"
"345:428:ORIGIN_MARK:galar","345","Lileep","Estándar","Galar","ORIGIN_MARK","1","428"
"345:428:ORIGIN_MARK:sinnoh-bdsp","345","Lileep","Estándar","Sinnoh (BDSP)","ORIGIN_MARK","0","428"
"345:428:ORIGIN_MARK:legends-z-a","345","Lileep","Estándar","Legends: Z-A","ORIGIN_MARK","0","428"
"345:428:DREAM_BALL:dream-ball-v","345","Lileep","Estándar","Dream Ball (V)","DREAM_BALL","0","428"
"346:429:ORIGIN_MARK:sin-marca-gen-3-5","346","Cradily","Estándar","Sin marca (Gen 3-5)","ORIGIN_MARK","1","429"
"346:429:ORIGIN_MARK:kalos","346","Cradily","Estándar","Kalos","ORIGIN_MARK","1","429"
"346:429:ORIGIN_MARK:alola","346","Cradily","Estándar","Alola","ORIGIN_MARK","1","429"
"346:429:ORIGIN_MARK:pokemon-go","346","Cradily","Estándar","Pokémon GO","ORIGIN_MARK","0","429"
"346:429:ORIGIN_MARK:galar","346","Cradily","Estándar","Galar","ORIGIN_MARK","1","429"
"346:429:ORIGIN_MARK:sinnoh-bdsp","346","Cradily","Estándar","Sinnoh (BDSP)","ORIGIN_MARK","0","429"
"346:429:ORIGIN_MARK:legends-z-a","346","Cradily","Estándar","Legends: Z-A","ORIGIN_MARK","0","429"
"346:429:DREAM_BALL:dream-ball-v","346","Cradily","Estándar","Dream Ball (V)","DREAM_BALL","0","429"
"347:430:ORIGIN_MARK:sin-marca-gen-3-5","347","Anorith","Estándar","Sin marca (Gen 3-5)","ORIGIN_MARK","1","430"
"347:430:ORIGIN_MARK:kalos","347","Anorith","Estándar","Kalos","ORIGIN_MARK","1","430"
"347:430:ORIGIN_MARK:alola","347","Anorith","Estándar","Alola","ORIGIN_MARK","1","430"
"347:430:ORIGIN_MARK:pokemon-go","347","Anorith","Estándar","Pokémon GO","ORIGIN_MARK","0","430"
"347:430:ORIGIN_MARK:galar","347","Anorith","Estándar","Galar","ORIGIN_MARK","1","430"
"347:430:ORIGIN_MARK:sinnoh-bdsp","347","Anorith","Estándar","Sinnoh (BDSP)","ORIGIN_MARK","0","430"
"347:430:ORIGIN_MARK:legends-z-a","347","Anorith","Estándar","Legends: Z-A","ORIGIN_MARK","0","430"
"347:430:DREAM_BALL:dream-ball-v","347","Anorith","Estándar","Dream Ball (V)","DREAM_BALL","0","430"
"348:431:ORIGIN_MARK:sin-marca-gen-3-5","348","Armaldo","Estándar","Sin marca (Gen 3-5)","ORIGIN_MARK","1","431"
"348:431:ORIGIN_MARK:kalos","348","Armaldo","Estándar","Kalos","ORIGIN_MARK","1","431"
"348:431:ORIGIN_MARK:alola","348","Armaldo","Estándar","Alola","ORIGIN_MARK","1","431"
"348:431:ORIGIN_MARK:pokemon-go","348","Armaldo","Estándar","Pokémon GO","ORIGIN_MARK","0","431"
"348:431:ORIGIN_MARK:galar","348","Armaldo","Estándar","Galar","ORIGIN_MARK","1","431"
"348:431:ORIGIN_MARK:sinnoh-bdsp","348","Armaldo","Estándar","Sinnoh (BDSP)","ORIGIN_MARK","0","431"
"348:431:ORIGIN_MARK:legends-z-a","348","Armaldo","Estándar","Legends: Z-A","ORIGIN_MARK","0","431"
"348:431:DREAM_BALL:dream-ball-v","348","Armaldo","Estándar","Dream Ball (V)","DREAM_BALL","0","431"
"349:432:ORIGIN_MARK:sin-marca-gen-3-5","349","Feebas","Estándar","Sin marca (Gen 3-5)","ORIGIN_MARK","1","432"
"349:432:ORIGIN_MARK:kalos","349","Feebas","Estándar","Kalos","ORIGIN_MARK","1","432"
"349:432:ORIGIN_MARK:alola","349","Feebas","Estándar","Alola","ORIGIN_MARK","1","432"
"349:432:ORIGIN_MARK:pokemon-go","349","Feebas","Estándar","Pokémon GO","ORIGIN_MARK","0","432"
"349:432:ORIGIN_MARK:galar","349","Feebas","Estándar","Galar","ORIGIN_MARK","1","432"
"349:432:ORIGIN_MARK:sinnoh-bdsp","349","Feebas","Estándar","Sinnoh (BDSP)","ORIGIN_MARK","0","432"
"349:432:ORIGIN_MARK:paldea","349","Feebas","Estándar","Paldea","ORIGIN_MARK","1","432"
"349:432:ORIGIN_MARK:legends-z-a","349","Feebas","Estándar","Legends: Z-A","ORIGIN_MARK","0","432"
"349:432:DREAM_BALL:dream-ball-v","349","Feebas","Estándar","Dream Ball (V)","DREAM_BALL","0","432"
"350:433:ORIGIN_MARK:sin-marca-gen-3-5","350","Milotic","Estándar","Sin marca (Gen 3-5)","ORIGIN_MARK","1","433"
"350:433:ORIGIN_MARK:kalos","350","Milotic","Estándar","Kalos","ORIGIN_MARK","1","433"
"350:433:ORIGIN_MARK:alola","350","Milotic","Estándar","Alola","ORIGIN_MARK","1","433"
"350:433:ORIGIN_MARK:pokemon-go","350","Milotic","Estándar","Pokémon GO","ORIGIN_MARK","0","433"
"350:433:ORIGIN_MARK:galar","350","Milotic","Estándar","Galar","ORIGIN_MARK","1","433"
"350:433:ORIGIN_MARK:sinnoh-bdsp","350","Milotic","Estándar","Sinnoh (BDSP)","ORIGIN_MARK","0","433"
"350:433:ORIGIN_MARK:paldea","350","Milotic","Estándar","Paldea","ORIGIN_MARK","1","433"
"350:433:ORIGIN_MARK:legends-z-a","350","Milotic","Estándar","Legends: Z-A","ORIGIN_MARK","0","433"
"350:433:DREAM_BALL:dream-ball-v","350","Milotic","Estándar","Dream Ball (V)","DREAM_BALL","0","433"
"351:434:ORIGIN_MARK:sin-marca-gen-3-5","351","Castform","Estándar","Sin marca (Gen 3-5)","ORIGIN_MARK","1","434"
"351:434:ORIGIN_MARK:kalos","351","Castform","Estándar","Kalos","ORIGIN_MARK","1","434"
"351:434:ORIGIN_MARK:alola","351","Castform","Estándar","Alola","ORIGIN_MARK","1","434"
"351:434:ORIGIN_MARK:pokemon-go","351","Castform","Estándar","Pokémon GO","ORIGIN_MARK","0","434"
"351:434:ORIGIN_MARK:sinnoh-bdsp","351","Castform","Estándar","Sinnoh (BDSP)","ORIGIN_MARK","0","434"
"351:434:ORIGIN_MARK:legends-z-a","351","Castform","Estándar","Legends: Z-A","ORIGIN_MARK","0","434"
"351:434:DREAM_BALL:dream-ball-v","351","Castform","Estándar","Dream Ball (V)","DREAM_BALL","0","434"
"352:435:ORIGIN_MARK:sin-marca-gen-3-5","352","Kecleon","Estándar","Sin marca (Gen 3-5)","ORIGIN_MARK","1","435"
"352:435:ORIGIN_MARK:kalos","352","Kecleon","Estándar","Kalos","ORIGIN_MARK","1","435"
"352:435:ORIGIN_MARK:alola","352","Kecleon","Estándar","Alola","ORIGIN_MARK","1","435"
"352:435:ORIGIN_MARK:pokemon-go","352","Kecleon","Estándar","Pokémon GO","ORIGIN_MARK","0","435"
"352:435:ORIGIN_MARK:sinnoh-bdsp","352","Kecleon","Estándar","Sinnoh (BDSP)","ORIGIN_MARK","0","435"
"352:435:ORIGIN_MARK:legends-z-a","352","Kecleon","Estándar","Legends: Z-A","ORIGIN_MARK","0","435"
"352:435:DREAM_BALL:dream-ball-v","352","Kecleon","Estándar","Dream Ball (V)","DREAM_BALL","0","435"
"353:436:ORIGIN_MARK:sin-marca-gen-3-5","353","Shuppet","Estándar","Sin marca (Gen 3-5)","ORIGIN_MARK","1","436"
"353:436:ORIGIN_MARK:kalos","353","Shuppet","Estándar","Kalos","ORIGIN_MARK","1","436"
"353:436:ORIGIN_MARK:alola","353","Shuppet","Estándar","Alola","ORIGIN_MARK","1","436"
"353:436:ORIGIN_MARK:pokemon-go","353","Shuppet","Estándar","Pokémon GO","ORIGIN_MARK","0","436"
"353:436:ORIGIN_MARK:sinnoh-bdsp","353","Shuppet","Estándar","Sinnoh (BDSP)","ORIGIN_MARK","0","436"
"353:436:ORIGIN_MARK:paldea","353","Shuppet","Estándar","Paldea","ORIGIN_MARK","1","436"
"353:436:ORIGIN_MARK:legends-z-a","353","Shuppet","Estándar","Legends: Z-A","ORIGIN_MARK","0","436"
"353:436:DREAM_BALL:dream-ball-v","353","Shuppet","Estándar","Dream Ball (V)","DREAM_BALL","0","436"
"354:437:ORIGIN_MARK:sin-marca-gen-3-5","354","Banette","Estándar","Sin marca (Gen 3-5)","ORIGIN_MARK","1","437"
"354:437:ORIGIN_MARK:kalos","354","Banette","Estándar","Kalos","ORIGIN_MARK","1","437"
"354:437:ORIGIN_MARK:alola","354","Banette","Estándar","Alola","ORIGIN_MARK","1","437"
"354:437:ORIGIN_MARK:pokemon-go","354","Banette","Estándar","Pokémon GO","ORIGIN_MARK","1","437"
"354:437:ORIGIN_MARK:sinnoh-bdsp","354","Banette","Estándar","Sinnoh (BDSP)","ORIGIN_MARK","0","437"
"354:437:ORIGIN_MARK:paldea","354","Banette","Estándar","Paldea","ORIGIN_MARK","1","437"
"354:437:ORIGIN_MARK:legends-z-a","354","Banette","Estándar","Legends: Z-A","ORIGIN_MARK","0","437"
"354:437:DREAM_BALL:dream-ball-v","354","Banette","Estándar","Dream Ball (V)","DREAM_BALL","1","437"
"354:437:COLO_XD:colo-xd","354","Banette","Estándar","Colo/XD","COLO_XD","0","437"
"355:438:ORIGIN_MARK:sin-marca-gen-3-5","355","Duskull","Estándar","Sin marca (Gen 3-5)","ORIGIN_MARK","1","438"
"355:438:ORIGIN_MARK:kalos","355","Duskull","Estándar","Kalos","ORIGIN_MARK","1","438"
"355:438:ORIGIN_MARK:alola","355","Duskull","Estándar","Alola","ORIGIN_MARK","1","438"
"355:438:ORIGIN_MARK:pokemon-go","355","Duskull","Estándar","Pokémon GO","ORIGIN_MARK","0","438"
"355:438:ORIGIN_MARK:galar","355","Duskull","Estándar","Galar","ORIGIN_MARK","1","438"
"355:438:ORIGIN_MARK:sinnoh-bdsp","355","Duskull","Estándar","Sinnoh (BDSP)","ORIGIN_MARK","0","438"
"355:438:ORIGIN_MARK:hisui-legends-arceus","355","Duskull","Estándar","Hisui (Legends: Arceus)","ORIGIN_MARK","0","438"
"355:438:ORIGIN_MARK:paldea","355","Duskull","Estándar","Paldea","ORIGIN_MARK","1","438"
"355:438:ORIGIN_MARK:legends-z-a","355","Duskull","Estándar","Legends: Z-A","ORIGIN_MARK","0","438"
"355:438:DREAM_BALL:dream-ball-v","355","Duskull","Estándar","Dream Ball (V)","DREAM_BALL","0","438"
"355:438:COLO_XD:colo-xd","355","Duskull","Estándar","Colo/XD","COLO_XD","0","438"
"356:439:ORIGIN_MARK:sin-marca-gen-3-5","356","Dusclops","Estándar","Sin marca (Gen 3-5)","ORIGIN_MARK","1","439"
"356:439:ORIGIN_MARK:kalos","356","Dusclops","Estándar","Kalos","ORIGIN_MARK","1","439"
"356:439:ORIGIN_MARK:alola","356","Dusclops","Estándar","Alola","ORIGIN_MARK","1","439"
"356:439:ORIGIN_MARK:pokemon-go","356","Dusclops","Estándar","Pokémon GO","ORIGIN_MARK","0","439"
"356:439:ORIGIN_MARK:galar","356","Dusclops","Estándar","Galar","ORIGIN_MARK","1","439"
"356:439:ORIGIN_MARK:sinnoh-bdsp","356","Dusclops","Estándar","Sinnoh (BDSP)","ORIGIN_MARK","0","439"
"356:439:ORIGIN_MARK:hisui-legends-arceus","356","Dusclops","Estándar","Hisui (Legends: Arceus)","ORIGIN_MARK","0","439"
"356:439:ORIGIN_MARK:paldea","356","Dusclops","Estándar","Paldea","ORIGIN_MARK","1","439"
"356:439:ORIGIN_MARK:legends-z-a","356","Dusclops","Estándar","Legends: Z-A","ORIGIN_MARK","0","439"
"356:439:DREAM_BALL:dream-ball-v","356","Dusclops","Estándar","Dream Ball (V)","DREAM_BALL","0","439"
"356:439:COLO_XD:colo-xd","356","Dusclops","Estándar","Colo/XD","COLO_XD","0","439"
"357:440:ORIGIN_MARK:sin-marca-gen-3-5","357","Tropius","Estándar","Sin marca (Gen 3-5)","ORIGIN_MARK","1","440"
"357:440:ORIGIN_MARK:kalos","357","Tropius","Estándar","Kalos","ORIGIN_MARK","1","440"
"357:440:ORIGIN_MARK:alola","357","Tropius","Estándar","Alola","ORIGIN_MARK","1","440"
"357:440:ORIGIN_MARK:pokemon-go","357","Tropius","Estándar","Pokémon GO","ORIGIN_MARK","0","440"
"357:440:ORIGIN_MARK:sinnoh-bdsp","357","Tropius","Estándar","Sinnoh (BDSP)","ORIGIN_MARK","0","440"
"357:440:ORIGIN_MARK:paldea","357","Tropius","Estándar","Paldea","ORIGIN_MARK","1","440"
"357:440:ORIGIN_MARK:legends-z-a","357","Tropius","Estándar","Legends: Z-A","ORIGIN_MARK","0","440"
"357:440:DREAM_BALL:dream-ball-v","357","Tropius","Estándar","Dream Ball (V)","DREAM_BALL","0","440"
"357:440:COLO_XD:colo-xd","357","Tropius","Estándar","Colo/XD","COLO_XD","1","440"
"358:441:ORIGIN_MARK:sin-marca-gen-3-5","358","Chimecho","Estándar","Sin marca (Gen 3-5)","ORIGIN_MARK","1","441"
"358:441:ORIGIN_MARK:kalos","358","Chimecho","Estándar","Kalos","ORIGIN_MARK","1","441"
"358:441:ORIGIN_MARK:alola","358","Chimecho","Estándar","Alola","ORIGIN_MARK","1","441"
"358:441:ORIGIN_MARK:pokemon-go","358","Chimecho","Estándar","Pokémon GO","ORIGIN_MARK","0","441"
"358:441:ORIGIN_MARK:sinnoh-bdsp","358","Chimecho","Estándar","Sinnoh (BDSP)","ORIGIN_MARK","0","441"
"358:441:ORIGIN_MARK:hisui-legends-arceus","358","Chimecho","Estándar","Hisui (Legends: Arceus)","ORIGIN_MARK","0","441"
"358:441:ORIGIN_MARK:paldea","358","Chimecho","Estándar","Paldea","ORIGIN_MARK","1","441"
"358:441:ORIGIN_MARK:legends-z-a","358","Chimecho","Estándar","Legends: Z-A","ORIGIN_MARK","0","441"
"358:441:DREAM_BALL:dream-ball-v","358","Chimecho","Estándar","Dream Ball (V)","DREAM_BALL","0","441"
"359:442:ORIGIN_MARK:sin-marca-gen-3-5","359","Absol","Estándar","Sin marca (Gen 3-5)","ORIGIN_MARK","1","442"
"359:442:ORIGIN_MARK:kalos","359","Absol","Estándar","Kalos","ORIGIN_MARK","1","442"
"359:442:ORIGIN_MARK:alola","359","Absol","Estándar","Alola","ORIGIN_MARK","1","442"
"359:442:ORIGIN_MARK:pokemon-go","359","Absol","Estándar","Pokémon GO","ORIGIN_MARK","0","442"
"359:442:ORIGIN_MARK:galar","359","Absol","Estándar","Galar","ORIGIN_MARK","1","442"
"359:442:ORIGIN_MARK:sinnoh-bdsp","359","Absol","Estándar","Sinnoh (BDSP)","ORIGIN_MARK","0","442"
"359:442:ORIGIN_MARK:legends-z-a","359","Absol","Estándar","Legends: Z-A","ORIGIN_MARK","0","442"
"359:442:DREAM_BALL:dream-ball-v","359","Absol","Estándar","Dream Ball (V)","DREAM_BALL","0","442"
"359:442:COLO_XD:colo-xd","359","Absol","Estándar","Colo/XD","COLO_XD","1","442"
"360:443:ORIGIN_MARK:sin-marca-gen-3-5","360","Wynaut","Estándar","Sin marca (Gen 3-5)","ORIGIN_MARK","1","443"
"360:443:ORIGIN_MARK:kalos","360","Wynaut","Estándar","Kalos","ORIGIN_MARK","1","443"
"360:443:ORIGIN_MARK:alola","360","Wynaut","Estándar","Alola","ORIGIN_MARK","1","443"
"360:443:ORIGIN_MARK:pokemon-go","360","Wynaut","Estándar","Pokémon GO","ORIGIN_MARK","0","443"
"360:443:ORIGIN_MARK:galar","360","Wynaut","Estándar","Galar","ORIGIN_MARK","1","443"
"360:443:ORIGIN_MARK:sinnoh-bdsp","360","Wynaut","Estándar","Sinnoh (BDSP)","ORIGIN_MARK","0","443"
"361:444:ORIGIN_MARK:sin-marca-gen-3-5","361","Snorunt","Estándar","Sin marca (Gen 3-5)","ORIGIN_MARK","1","444"
"361:444:ORIGIN_MARK:kalos","361","Snorunt","Estándar","Kalos","ORIGIN_MARK","1","444"
"361:444:ORIGIN_MARK:alola","361","Snorunt","Estándar","Alola","ORIGIN_MARK","1","444"
"361:444:ORIGIN_MARK:pokemon-go","361","Snorunt","Estándar","Pokémon GO","ORIGIN_MARK","0","444"
"361:444:ORIGIN_MARK:galar","361","Snorunt","Estándar","Galar","ORIGIN_MARK","1","444"
"361:444:ORIGIN_MARK:sinnoh-bdsp","361","Snorunt","Estándar","Sinnoh (BDSP)","ORIGIN_MARK","0","444"
"361:444:ORIGIN_MARK:hisui-legends-arceus","361","Snorunt","Estándar","Hisui (Legends: Arceus)","ORIGIN_MARK","0","444"
"361:444:ORIGIN_MARK:paldea","361","Snorunt","Estándar","Paldea","ORIGIN_MARK","1","444"
"361:444:ORIGIN_MARK:legends-z-a","361","Snorunt","Estándar","Legends: Z-A","ORIGIN_MARK","0","444"
"361:444:DREAM_BALL:dream-ball-v","361","Snorunt","Estándar","Dream Ball (V)","DREAM_BALL","0","444"
"361:444:COLO_XD:colo-xd","361","Snorunt","Estándar","Colo/XD","COLO_XD","0","444"
"362:445:ORIGIN_MARK:sin-marca-gen-3-5","362","Glalie","Estándar","Sin marca (Gen 3-5)","ORIGIN_MARK","1","445"
"362:445:ORIGIN_MARK:kalos","362","Glalie","Estándar","Kalos","ORIGIN_MARK","1","445"
"362:445:ORIGIN_MARK:alola","362","Glalie","Estándar","Alola","ORIGIN_MARK","1","445"
"362:445:ORIGIN_MARK:pokemon-go","362","Glalie","Estándar","Pokémon GO","ORIGIN_MARK","0","445"
"362:445:ORIGIN_MARK:galar","362","Glalie","Estándar","Galar","ORIGIN_MARK","1","445"
"362:445:ORIGIN_MARK:sinnoh-bdsp","362","Glalie","Estándar","Sinnoh (BDSP)","ORIGIN_MARK","0","445"
"362:445:ORIGIN_MARK:hisui-legends-arceus","362","Glalie","Estándar","Hisui (Legends: Arceus)","ORIGIN_MARK","0","445"
"362:445:ORIGIN_MARK:paldea","362","Glalie","Estándar","Paldea","ORIGIN_MARK","1","445"
"362:445:ORIGIN_MARK:legends-z-a","362","Glalie","Estándar","Legends: Z-A","ORIGIN_MARK","0","445"
"362:445:DREAM_BALL:dream-ball-v","362","Glalie","Estándar","Dream Ball (V)","DREAM_BALL","0","445"
"362:445:COLO_XD:colo-xd","362","Glalie","Estándar","Colo/XD","COLO_XD","0","445"
"363:446:ORIGIN_MARK:sin-marca-gen-3-5","363","Spheal","Estándar","Sin marca (Gen 3-5)","ORIGIN_MARK","1","446"
"363:446:ORIGIN_MARK:kalos","363","Spheal","Estándar","Kalos","ORIGIN_MARK","1","446"
"363:446:ORIGIN_MARK:alola","363","Spheal","Estándar","Alola","ORIGIN_MARK","1","446"
"363:446:ORIGIN_MARK:pokemon-go","363","Spheal","Estándar","Pokémon GO","ORIGIN_MARK","1","446"
"363:446:ORIGIN_MARK:galar","363","Spheal","Estándar","Galar","ORIGIN_MARK","1","446"
"363:446:ORIGIN_MARK:sinnoh-bdsp","363","Spheal","Estándar","Sinnoh (BDSP)","ORIGIN_MARK","0","446"
"363:446:ORIGIN_MARK:hisui-legends-arceus","363","Spheal","Estándar","Hisui (Legends: Arceus)","ORIGIN_MARK","0","446"
"363:446:ORIGIN_MARK:legends-z-a","363","Spheal","Estándar","Legends: Z-A","ORIGIN_MARK","0","446"
"363:446:DREAM_BALL:dream-ball-v","363","Spheal","Estándar","Dream Ball (V)","DREAM_BALL","0","446"
"363:446:COLO_XD:colo-xd","363","Spheal","Estándar","Colo/XD","COLO_XD","0","446"
"364:447:ORIGIN_MARK:sin-marca-gen-3-5","364","Sealeo","Estándar","Sin marca (Gen 3-5)","ORIGIN_MARK","1","447"
"364:447:ORIGIN_MARK:kalos","364","Sealeo","Estándar","Kalos","ORIGIN_MARK","1","447"
"364:447:ORIGIN_MARK:alola","364","Sealeo","Estándar","Alola","ORIGIN_MARK","1","447"
"364:447:ORIGIN_MARK:pokemon-go","364","Sealeo","Estándar","Pokémon GO","ORIGIN_MARK","1","447"
"364:447:ORIGIN_MARK:galar","364","Sealeo","Estándar","Galar","ORIGIN_MARK","1","447"
"364:447:ORIGIN_MARK:sinnoh-bdsp","364","Sealeo","Estándar","Sinnoh (BDSP)","ORIGIN_MARK","0","447"
"364:447:ORIGIN_MARK:hisui-legends-arceus","364","Sealeo","Estándar","Hisui (Legends: Arceus)","ORIGIN_MARK","0","447"
"364:447:ORIGIN_MARK:legends-z-a","364","Sealeo","Estándar","Legends: Z-A","ORIGIN_MARK","0","447"
"364:447:DREAM_BALL:dream-ball-v","364","Sealeo","Estándar","Dream Ball (V)","DREAM_BALL","0","447"
"364:447:COLO_XD:colo-xd","364","Sealeo","Estándar","Colo/XD","COLO_XD","0","447"
"365:448:ORIGIN_MARK:sin-marca-gen-3-5","365","Walrein","Estándar","Sin marca (Gen 3-5)","ORIGIN_MARK","1","448"
"365:448:ORIGIN_MARK:kalos","365","Walrein","Estándar","Kalos","ORIGIN_MARK","1","448"
"365:448:ORIGIN_MARK:alola","365","Walrein","Estándar","Alola","ORIGIN_MARK","1","448"
"365:448:ORIGIN_MARK:pokemon-go","365","Walrein","Estándar","Pokémon GO","ORIGIN_MARK","1","448"
"365:448:ORIGIN_MARK:galar","365","Walrein","Estándar","Galar","ORIGIN_MARK","1","448"
"365:448:ORIGIN_MARK:sinnoh-bdsp","365","Walrein","Estándar","Sinnoh (BDSP)","ORIGIN_MARK","0","448"
"365:448:ORIGIN_MARK:hisui-legends-arceus","365","Walrein","Estándar","Hisui (Legends: Arceus)","ORIGIN_MARK","0","448"
"365:448:ORIGIN_MARK:legends-z-a","365","Walrein","Estándar","Legends: Z-A","ORIGIN_MARK","0","448"
"365:448:DREAM_BALL:dream-ball-v","365","Walrein","Estándar","Dream Ball (V)","DREAM_BALL","0","448"
"365:448:COLO_XD:colo-xd","365","Walrein","Estándar","Colo/XD","COLO_XD","0","448"
"366:449:ORIGIN_MARK:sin-marca-gen-3-5","366","Clamperl","Estándar","Sin marca (Gen 3-5)","ORIGIN_MARK","1","449"
"366:449:ORIGIN_MARK:kalos","366","Clamperl","Estándar","Kalos","ORIGIN_MARK","1","449"
"366:449:ORIGIN_MARK:alola","366","Clamperl","Estándar","Alola","ORIGIN_MARK","1","449"
"366:449:ORIGIN_MARK:pokemon-go","366","Clamperl","Estándar","Pokémon GO","ORIGIN_MARK","0","449"
"366:449:ORIGIN_MARK:sinnoh-bdsp","366","Clamperl","Estándar","Sinnoh (BDSP)","ORIGIN_MARK","0","449"
"366:449:ORIGIN_MARK:legends-z-a","366","Clamperl","Estándar","Legends: Z-A","ORIGIN_MARK","0","449"
"366:449:DREAM_BALL:dream-ball-v","366","Clamperl","Estándar","Dream Ball (V)","DREAM_BALL","0","449"
"367:450:ORIGIN_MARK:sin-marca-gen-3-5","367","Huntail","Estándar","Sin marca (Gen 3-5)","ORIGIN_MARK","1","450"
"367:450:ORIGIN_MARK:kalos","367","Huntail","Estándar","Kalos","ORIGIN_MARK","1","450"
"367:450:ORIGIN_MARK:alola","367","Huntail","Estándar","Alola","ORIGIN_MARK","1","450"
"367:450:ORIGIN_MARK:pokemon-go","367","Huntail","Estándar","Pokémon GO","ORIGIN_MARK","0","450"
"367:450:ORIGIN_MARK:sinnoh-bdsp","367","Huntail","Estándar","Sinnoh (BDSP)","ORIGIN_MARK","0","450"
"367:450:ORIGIN_MARK:legends-z-a","367","Huntail","Estándar","Legends: Z-A","ORIGIN_MARK","0","450"
"367:450:DREAM_BALL:dream-ball-v","367","Huntail","Estándar","Dream Ball (V)","DREAM_BALL","0","450"
"368:451:ORIGIN_MARK:sin-marca-gen-3-5","368","Gorebyss","Estándar","Sin marca (Gen 3-5)","ORIGIN_MARK","1","451"
"368:451:ORIGIN_MARK:kalos","368","Gorebyss","Estándar","Kalos","ORIGIN_MARK","1","451"
"368:451:ORIGIN_MARK:alola","368","Gorebyss","Estándar","Alola","ORIGIN_MARK","1","451"
"368:451:ORIGIN_MARK:pokemon-go","368","Gorebyss","Estándar","Pokémon GO","ORIGIN_MARK","0","451"
"368:451:ORIGIN_MARK:sinnoh-bdsp","368","Gorebyss","Estándar","Sinnoh (BDSP)","ORIGIN_MARK","0","451"
"368:451:ORIGIN_MARK:legends-z-a","368","Gorebyss","Estándar","Legends: Z-A","ORIGIN_MARK","0","451"
"368:451:DREAM_BALL:dream-ball-v","368","Gorebyss","Estándar","Dream Ball (V)","DREAM_BALL","0","451"
"369:452:ORIGIN_MARK:sin-marca-gen-3-5","369","Relicanth","Estándar","Sin marca (Gen 3-5)","ORIGIN_MARK","1","452"
"369:452:ORIGIN_MARK:kalos","369","Relicanth","Estándar","Kalos","ORIGIN_MARK","1","452"
"369:452:ORIGIN_MARK:alola","369","Relicanth","Estándar","Alola","ORIGIN_MARK","1","452"
"369:452:ORIGIN_MARK:pokemon-go","369","Relicanth","Estándar","Pokémon GO","ORIGIN_MARK","0","452"
"369:452:ORIGIN_MARK:galar","369","Relicanth","Estándar","Galar","ORIGIN_MARK","1","452"
"369:452:ORIGIN_MARK:sinnoh-bdsp","369","Relicanth","Estándar","Sinnoh (BDSP)","ORIGIN_MARK","0","452"
"369:452:ORIGIN_MARK:legends-z-a","369","Relicanth","Estándar","Legends: Z-A","ORIGIN_MARK","0","452"
"369:452:DREAM_BALL:dream-ball-v","369","Relicanth","Estándar","Dream Ball (V)","DREAM_BALL","0","452"
"370:453:ORIGIN_MARK:sin-marca-gen-3-5","370","Luvdisc","Estándar","Sin marca (Gen 3-5)","ORIGIN_MARK","1","453"
"370:453:ORIGIN_MARK:kalos","370","Luvdisc","Estándar","Kalos","ORIGIN_MARK","1","453"
"370:453:ORIGIN_MARK:alola","370","Luvdisc","Estándar","Alola","ORIGIN_MARK","1","453"
"370:453:ORIGIN_MARK:pokemon-go","370","Luvdisc","Estándar","Pokémon GO","ORIGIN_MARK","0","453"
"370:453:ORIGIN_MARK:sinnoh-bdsp","370","Luvdisc","Estándar","Sinnoh (BDSP)","ORIGIN_MARK","0","453"
"370:453:ORIGIN_MARK:paldea","370","Luvdisc","Estándar","Paldea","ORIGIN_MARK","1","453"
"370:453:ORIGIN_MARK:legends-z-a","370","Luvdisc","Estándar","Legends: Z-A","ORIGIN_MARK","0","453"
"370:453:DREAM_BALL:dream-ball-v","370","Luvdisc","Estándar","Dream Ball (V)","DREAM_BALL","0","453"
"371:454:ORIGIN_MARK:sin-marca-gen-3-5","371","Bagon","Estándar","Sin marca (Gen 3-5)","ORIGIN_MARK","1","454"
"371:454:ORIGIN_MARK:kalos","371","Bagon","Estándar","Kalos","ORIGIN_MARK","1","454"
"371:454:ORIGIN_MARK:alola","371","Bagon","Estándar","Alola","ORIGIN_MARK","1","454"
"371:454:ORIGIN_MARK:pokemon-go","371","Bagon","Estándar","Pokémon GO","ORIGIN_MARK","0","454"
"371:454:ORIGIN_MARK:galar","371","Bagon","Estándar","Galar","ORIGIN_MARK","1","454"
"371:454:ORIGIN_MARK:sinnoh-bdsp","371","Bagon","Estándar","Sinnoh (BDSP)","ORIGIN_MARK","0","454"
"371:454:ORIGIN_MARK:paldea","371","Bagon","Estándar","Paldea","ORIGIN_MARK","1","454"
"371:454:ORIGIN_MARK:legends-z-a","371","Bagon","Estándar","Legends: Z-A","ORIGIN_MARK","0","454"
"371:454:DREAM_BALL:dream-ball-v","371","Bagon","Estándar","Dream Ball (V)","DREAM_BALL","0","454"
"372:455:ORIGIN_MARK:sin-marca-gen-3-5","372","Shelgon","Estándar","Sin marca (Gen 3-5)","ORIGIN_MARK","1","455"
"372:455:ORIGIN_MARK:kalos","372","Shelgon","Estándar","Kalos","ORIGIN_MARK","1","455"
"372:455:ORIGIN_MARK:alola","372","Shelgon","Estándar","Alola","ORIGIN_MARK","1","455"
"372:455:ORIGIN_MARK:pokemon-go","372","Shelgon","Estándar","Pokémon GO","ORIGIN_MARK","0","455"
"372:455:ORIGIN_MARK:galar","372","Shelgon","Estándar","Galar","ORIGIN_MARK","1","455"
"372:455:ORIGIN_MARK:sinnoh-bdsp","372","Shelgon","Estándar","Sinnoh (BDSP)","ORIGIN_MARK","0","455"
"372:455:ORIGIN_MARK:paldea","372","Shelgon","Estándar","Paldea","ORIGIN_MARK","1","455"
"372:455:ORIGIN_MARK:legends-z-a","372","Shelgon","Estándar","Legends: Z-A","ORIGIN_MARK","0","455"
"372:455:DREAM_BALL:dream-ball-v","372","Shelgon","Estándar","Dream Ball (V)","DREAM_BALL","0","455"
"373:456:ORIGIN_MARK:sin-marca-gen-3-5","373","Salamence","Estándar","Sin marca (Gen 3-5)","ORIGIN_MARK","1","456"
"373:456:ORIGIN_MARK:kalos","373","Salamence","Estándar","Kalos","ORIGIN_MARK","1","456"
"373:456:ORIGIN_MARK:alola","373","Salamence","Estándar","Alola","ORIGIN_MARK","1","456"
"373:456:ORIGIN_MARK:pokemon-go","373","Salamence","Estándar","Pokémon GO","ORIGIN_MARK","0","456"
"373:456:ORIGIN_MARK:galar","373","Salamence","Estándar","Galar","ORIGIN_MARK","1","456"
"373:456:ORIGIN_MARK:sinnoh-bdsp","373","Salamence","Estándar","Sinnoh (BDSP)","ORIGIN_MARK","0","456"
"373:456:ORIGIN_MARK:paldea","373","Salamence","Estándar","Paldea","ORIGIN_MARK","1","456"
"373:456:ORIGIN_MARK:legends-z-a","373","Salamence","Estándar","Legends: Z-A","ORIGIN_MARK","0","456"
"373:456:DREAM_BALL:dream-ball-v","373","Salamence","Estándar","Dream Ball (V)","DREAM_BALL","0","456"
"373:456:COLO_XD:colo-xd","373","Salamence","Estándar","Colo/XD","COLO_XD","0","456"
"374:457:ORIGIN_MARK:sin-marca-gen-3-5","374","Beldum","Estándar","Sin marca (Gen 3-5)","ORIGIN_MARK","1","457"
"374:457:ORIGIN_MARK:kalos","374","Beldum","Estándar","Kalos","ORIGIN_MARK","1","457"
"374:457:ORIGIN_MARK:alola","374","Beldum","Estándar","Alola","ORIGIN_MARK","1","457"
"374:457:ORIGIN_MARK:pokemon-go","374","Beldum","Estándar","Pokémon GO","ORIGIN_MARK","0","457"
"374:457:ORIGIN_MARK:galar","374","Beldum","Estándar","Galar","ORIGIN_MARK","1","457"
"374:457:ORIGIN_MARK:sinnoh-bdsp","374","Beldum","Estándar","Sinnoh (BDSP)","ORIGIN_MARK","0","457"
"374:457:ORIGIN_MARK:paldea","374","Beldum","Estándar","Paldea","ORIGIN_MARK","1","457"
"374:457:ORIGIN_MARK:legends-z-a","374","Beldum","Estándar","Legends: Z-A","ORIGIN_MARK","0","457"
"374:457:DREAM_BALL:dream-ball-v","374","Beldum","Estándar","Dream Ball (V)","DREAM_BALL","1","457"
"375:458:ORIGIN_MARK:sin-marca-gen-3-5","375","Metang","Estándar","Sin marca (Gen 3-5)","ORIGIN_MARK","1","458"
"375:458:ORIGIN_MARK:kalos","375","Metang","Estándar","Kalos","ORIGIN_MARK","1","458"
"375:458:ORIGIN_MARK:alola","375","Metang","Estándar","Alola","ORIGIN_MARK","1","458"
"375:458:ORIGIN_MARK:pokemon-go","375","Metang","Estándar","Pokémon GO","ORIGIN_MARK","0","458"
"375:458:ORIGIN_MARK:galar","375","Metang","Estándar","Galar","ORIGIN_MARK","1","458"
"375:458:ORIGIN_MARK:sinnoh-bdsp","375","Metang","Estándar","Sinnoh (BDSP)","ORIGIN_MARK","0","458"
"375:458:ORIGIN_MARK:paldea","375","Metang","Estándar","Paldea","ORIGIN_MARK","1","458"
"375:458:ORIGIN_MARK:legends-z-a","375","Metang","Estándar","Legends: Z-A","ORIGIN_MARK","0","458"
"375:458:DREAM_BALL:dream-ball-v","375","Metang","Estándar","Dream Ball (V)","DREAM_BALL","0","458"
"376:459:ORIGIN_MARK:sin-marca-gen-3-5","376","Metagross","Estándar","Sin marca (Gen 3-5)","ORIGIN_MARK","1","459"
"376:459:ORIGIN_MARK:kalos","376","Metagross","Estándar","Kalos","ORIGIN_MARK","1","459"
"376:459:ORIGIN_MARK:alola","376","Metagross","Estándar","Alola","ORIGIN_MARK","1","459"
"376:459:ORIGIN_MARK:pokemon-go","376","Metagross","Estándar","Pokémon GO","ORIGIN_MARK","0","459"
"376:459:ORIGIN_MARK:galar","376","Metagross","Estándar","Galar","ORIGIN_MARK","1","459"
"376:459:ORIGIN_MARK:sinnoh-bdsp","376","Metagross","Estándar","Sinnoh (BDSP)","ORIGIN_MARK","0","459"
"376:459:ORIGIN_MARK:paldea","376","Metagross","Estándar","Paldea","ORIGIN_MARK","1","459"
"376:459:ORIGIN_MARK:legends-z-a","376","Metagross","Estándar","Legends: Z-A","ORIGIN_MARK","0","459"
"376:459:DREAM_BALL:dream-ball-v","376","Metagross","Estándar","Dream Ball (V)","DREAM_BALL","1","459"
"376:459:COLO_XD:colo-xd","376","Metagross","Estándar","Colo/XD","COLO_XD","1","459"
"377:460:ORIGIN_MARK:sin-marca-gen-3-5","377","Regirock","Estándar","Sin marca (Gen 3-5)","ORIGIN_MARK","1","460"
"377:460:ORIGIN_MARK:kalos","377","Regirock","Estándar","Kalos","ORIGIN_MARK","1","460"
"377:460:ORIGIN_MARK:alola","377","Regirock","Estándar","Alola","ORIGIN_MARK","1","460"
"377:460:ORIGIN_MARK:pokemon-go","377","Regirock","Estándar","Pokémon GO","ORIGIN_MARK","0","460"
"377:460:ORIGIN_MARK:galar","377","Regirock","Estándar","Galar","ORIGIN_MARK","1","460"
"377:460:ORIGIN_MARK:sinnoh-bdsp","377","Regirock","Estándar","Sinnoh (BDSP)","ORIGIN_MARK","0","460"
"378:461:ORIGIN_MARK:sin-marca-gen-3-5","378","Regice","Estándar","Sin marca (Gen 3-5)","ORIGIN_MARK","1","461"
"378:461:ORIGIN_MARK:kalos","378","Regice","Estándar","Kalos","ORIGIN_MARK","1","461"
"378:461:ORIGIN_MARK:alola","378","Regice","Estándar","Alola","ORIGIN_MARK","1","461"
"378:461:ORIGIN_MARK:pokemon-go","378","Regice","Estándar","Pokémon GO","ORIGIN_MARK","0","461"
"378:461:ORIGIN_MARK:galar","378","Regice","Estándar","Galar","ORIGIN_MARK","1","461"
"378:461:ORIGIN_MARK:sinnoh-bdsp","378","Regice","Estándar","Sinnoh (BDSP)","ORIGIN_MARK","0","461"
"379:462:ORIGIN_MARK:sin-marca-gen-3-5","379","Registeel","Estándar","Sin marca (Gen 3-5)","ORIGIN_MARK","1","462"
"379:462:ORIGIN_MARK:kalos","379","Registeel","Estándar","Kalos","ORIGIN_MARK","1","462"
"379:462:ORIGIN_MARK:alola","379","Registeel","Estándar","Alola","ORIGIN_MARK","1","462"
"379:462:ORIGIN_MARK:pokemon-go","379","Registeel","Estándar","Pokémon GO","ORIGIN_MARK","0","462"
"379:462:ORIGIN_MARK:galar","379","Registeel","Estándar","Galar","ORIGIN_MARK","1","462"
"379:462:ORIGIN_MARK:sinnoh-bdsp","379","Registeel","Estándar","Sinnoh (BDSP)","ORIGIN_MARK","0","462"
"380:463:ORIGIN_MARK:sin-marca-gen-3-5","380","Latias","Estándar","Sin marca (Gen 3-5)","ORIGIN_MARK","1","463"
"380:463:ORIGIN_MARK:kalos","380","Latias","Estándar","Kalos","ORIGIN_MARK","1","463"
"380:463:ORIGIN_MARK:alola","380","Latias","Estándar","Alola","ORIGIN_MARK","1","463"
"380:463:ORIGIN_MARK:pokemon-go","380","Latias","Estándar","Pokémon GO","ORIGIN_MARK","1","463"
"380:463:ORIGIN_MARK:galar","380","Latias","Estándar","Galar","ORIGIN_MARK","1","463"
"380:463:ORIGIN_MARK:sinnoh-bdsp","380","Latias","Estándar","Sinnoh (BDSP)","ORIGIN_MARK","0","463"
"381:464:ORIGIN_MARK:sin-marca-gen-3-5","381","Latios","Estándar","Sin marca (Gen 3-5)","ORIGIN_MARK","1","464"
"381:464:ORIGIN_MARK:kalos","381","Latios","Estándar","Kalos","ORIGIN_MARK","1","464"
"381:464:ORIGIN_MARK:alola","381","Latios","Estándar","Alola","ORIGIN_MARK","1","464"
"381:464:ORIGIN_MARK:pokemon-go","381","Latios","Estándar","Pokémon GO","ORIGIN_MARK","0","464"
"381:464:ORIGIN_MARK:galar","381","Latios","Estándar","Galar","ORIGIN_MARK","1","464"
"381:464:ORIGIN_MARK:sinnoh-bdsp","381","Latios","Estándar","Sinnoh (BDSP)","ORIGIN_MARK","0","464"
"382:465:ORIGIN_MARK:sin-marca-gen-3-5","382","Kyogre","Estándar","Sin marca (Gen 3-5)","ORIGIN_MARK","1","465"
"382:465:ORIGIN_MARK:alola","382","Kyogre","Estándar","Alola","ORIGIN_MARK","1","465"
"382:465:ORIGIN_MARK:pokemon-go","382","Kyogre","Estándar","Pokémon GO","ORIGIN_MARK","0","465"
"382:465:ORIGIN_MARK:galar","382","Kyogre","Estándar","Galar","ORIGIN_MARK","1","465"
"382:465:ORIGIN_MARK:sinnoh-bdsp","382","Kyogre","Estándar","Sinnoh (BDSP)","ORIGIN_MARK","0","465"
"383:466:ORIGIN_MARK:sin-marca-gen-3-5","383","Groudon","Estándar","Sin marca (Gen 3-5)","ORIGIN_MARK","1","466"
"383:466:ORIGIN_MARK:alola","383","Groudon","Estándar","Alola","ORIGIN_MARK","1","466"
"383:466:ORIGIN_MARK:pokemon-go","383","Groudon","Estándar","Pokémon GO","ORIGIN_MARK","0","466"
"383:466:ORIGIN_MARK:galar","383","Groudon","Estándar","Galar","ORIGIN_MARK","1","466"
"383:466:ORIGIN_MARK:sinnoh-bdsp","383","Groudon","Estándar","Sinnoh (BDSP)","ORIGIN_MARK","0","466"
"384:467:ORIGIN_MARK:sin-marca-gen-3-5","384","Rayquaza","Estándar","Sin marca (Gen 3-5)","ORIGIN_MARK","1","467"
"384:467:ORIGIN_MARK:kalos","384","Rayquaza","Estándar","Kalos","ORIGIN_MARK","1","467"
"384:467:ORIGIN_MARK:alola","384","Rayquaza","Estándar","Alola","ORIGIN_MARK","1","467"
"384:467:ORIGIN_MARK:pokemon-go","384","Rayquaza","Estándar","Pokémon GO","ORIGIN_MARK","1","467"
"384:467:ORIGIN_MARK:galar","384","Rayquaza","Estándar","Galar","ORIGIN_MARK","1","467"
"384:467:ORIGIN_MARK:sinnoh-bdsp","384","Rayquaza","Estándar","Sinnoh (BDSP)","ORIGIN_MARK","0","467"
"384:467:ORIGIN_MARK:paldea","384","Rayquaza","Estándar","Paldea","ORIGIN_MARK","1","467"
"385:468:ORIGIN_MARK:sin-marca-gen-3-5","385","Jirachi","Estándar","Sin marca (Gen 3-5)","ORIGIN_MARK","1","468"
"385:468:ORIGIN_MARK:kalos","385","Jirachi","Estándar","Kalos","ORIGIN_MARK","1","468"
"385:468:ORIGIN_MARK:pokemon-go","385","Jirachi","Estándar","Pokémon GO","ORIGIN_MARK","0","468"
"385:468:ORIGIN_MARK:sinnoh-bdsp","385","Jirachi","Estándar","Sinnoh (BDSP)","ORIGIN_MARK","0","468"
"386:469:ORIGIN_MARK:sin-marca-gen-3-5","386","Deoxys","Estándar","Sin marca (Gen 3-5)","ORIGIN_MARK","1","469"
"386:469:ORIGIN_MARK:pokemon-go","386","Deoxys","Estándar","Pokémon GO","ORIGIN_MARK","1","469"
"386:469:ORIGIN_MARK:sinnoh-bdsp","386","Deoxys","Estándar","Sinnoh (BDSP)","ORIGIN_MARK","0","469"
"387:470:ORIGIN_MARK:sin-marca-gen-3-5","387","Turtwig","Estándar","Sin marca (Gen 3-5)","ORIGIN_MARK","1","470"
"387:470:ORIGIN_MARK:kalos","387","Turtwig","Estándar","Kalos","ORIGIN_MARK","1","470"
"387:470:ORIGIN_MARK:alola","387","Turtwig","Estándar","Alola","ORIGIN_MARK","1","470"
"387:470:ORIGIN_MARK:pokemon-go","387","Turtwig","Estándar","Pokémon GO","ORIGIN_MARK","1","470"
"387:470:ORIGIN_MARK:sinnoh-bdsp","387","Turtwig","Estándar","Sinnoh (BDSP)","ORIGIN_MARK","0","470"
"387:470:ORIGIN_MARK:hisui-legends-arceus","387","Turtwig","Estándar","Hisui (Legends: Arceus)","ORIGIN_MARK","0","470"
"387:470:ORIGIN_MARK:paldea","387","Turtwig","Estándar","Paldea","ORIGIN_MARK","1","470"
"387:470:ORIGIN_MARK:legends-z-a","387","Turtwig","Estándar","Legends: Z-A","ORIGIN_MARK","0","470"
"387:470:DREAM_BALL:dream-ball-v","387","Turtwig","Estándar","Dream Ball (V)","DREAM_BALL","1","470"
"388:471:ORIGIN_MARK:sin-marca-gen-3-5","388","Grotle","Estándar","Sin marca (Gen 3-5)","ORIGIN_MARK","1","471"
"388:471:ORIGIN_MARK:kalos","388","Grotle","Estándar","Kalos","ORIGIN_MARK","1","471"
"388:471:ORIGIN_MARK:alola","388","Grotle","Estándar","Alola","ORIGIN_MARK","1","471"
"388:471:ORIGIN_MARK:pokemon-go","388","Grotle","Estándar","Pokémon GO","ORIGIN_MARK","0","471"
"388:471:ORIGIN_MARK:sinnoh-bdsp","388","Grotle","Estándar","Sinnoh (BDSP)","ORIGIN_MARK","0","471"
"388:471:ORIGIN_MARK:hisui-legends-arceus","388","Grotle","Estándar","Hisui (Legends: Arceus)","ORIGIN_MARK","0","471"
"388:471:ORIGIN_MARK:paldea","388","Grotle","Estándar","Paldea","ORIGIN_MARK","1","471"
"388:471:ORIGIN_MARK:legends-z-a","388","Grotle","Estándar","Legends: Z-A","ORIGIN_MARK","0","471"
"388:471:DREAM_BALL:dream-ball-v","388","Grotle","Estándar","Dream Ball (V)","DREAM_BALL","0","471"
"389:472:ORIGIN_MARK:sin-marca-gen-3-5","389","Torterra","Estándar","Sin marca (Gen 3-5)","ORIGIN_MARK","1","472"
"389:472:ORIGIN_MARK:kalos","389","Torterra","Estándar","Kalos","ORIGIN_MARK","1","472"
"389:472:ORIGIN_MARK:alola","389","Torterra","Estándar","Alola","ORIGIN_MARK","1","472"
"389:472:ORIGIN_MARK:pokemon-go","389","Torterra","Estándar","Pokémon GO","ORIGIN_MARK","0","472"
"389:472:ORIGIN_MARK:sinnoh-bdsp","389","Torterra","Estándar","Sinnoh (BDSP)","ORIGIN_MARK","0","472"
"389:472:ORIGIN_MARK:hisui-legends-arceus","389","Torterra","Estándar","Hisui (Legends: Arceus)","ORIGIN_MARK","0","472"
"389:472:ORIGIN_MARK:paldea","389","Torterra","Estándar","Paldea","ORIGIN_MARK","1","472"
"389:472:ORIGIN_MARK:legends-z-a","389","Torterra","Estándar","Legends: Z-A","ORIGIN_MARK","0","472"
"389:472:DREAM_BALL:dream-ball-v","389","Torterra","Estándar","Dream Ball (V)","DREAM_BALL","0","472"
"390:473:ORIGIN_MARK:sin-marca-gen-3-5","390","Chimchar","Estándar","Sin marca (Gen 3-5)","ORIGIN_MARK","1","473"
"390:473:ORIGIN_MARK:kalos","390","Chimchar","Estándar","Kalos","ORIGIN_MARK","1","473"
"390:473:ORIGIN_MARK:alola","390","Chimchar","Estándar","Alola","ORIGIN_MARK","1","473"
"390:473:ORIGIN_MARK:pokemon-go","390","Chimchar","Estándar","Pokémon GO","ORIGIN_MARK","0","473"
"390:473:ORIGIN_MARK:sinnoh-bdsp","390","Chimchar","Estándar","Sinnoh (BDSP)","ORIGIN_MARK","0","473"
"390:473:ORIGIN_MARK:hisui-legends-arceus","390","Chimchar","Estándar","Hisui (Legends: Arceus)","ORIGIN_MARK","0","473"
"390:473:ORIGIN_MARK:paldea","390","Chimchar","Estándar","Paldea","ORIGIN_MARK","1","473"
"390:473:ORIGIN_MARK:legends-z-a","390","Chimchar","Estándar","Legends: Z-A","ORIGIN_MARK","0","473"
"390:473:DREAM_BALL:dream-ball-v","390","Chimchar","Estándar","Dream Ball (V)","DREAM_BALL","1","473"
"391:474:ORIGIN_MARK:sin-marca-gen-3-5","391","Monferno","Estándar","Sin marca (Gen 3-5)","ORIGIN_MARK","1","474"
"391:474:ORIGIN_MARK:kalos","391","Monferno","Estándar","Kalos","ORIGIN_MARK","1","474"
"391:474:ORIGIN_MARK:alola","391","Monferno","Estándar","Alola","ORIGIN_MARK","1","474"
"391:474:ORIGIN_MARK:pokemon-go","391","Monferno","Estándar","Pokémon GO","ORIGIN_MARK","0","474"
"391:474:ORIGIN_MARK:sinnoh-bdsp","391","Monferno","Estándar","Sinnoh (BDSP)","ORIGIN_MARK","0","474"
"391:474:ORIGIN_MARK:hisui-legends-arceus","391","Monferno","Estándar","Hisui (Legends: Arceus)","ORIGIN_MARK","0","474"
"391:474:ORIGIN_MARK:paldea","391","Monferno","Estándar","Paldea","ORIGIN_MARK","1","474"
"391:474:ORIGIN_MARK:legends-z-a","391","Monferno","Estándar","Legends: Z-A","ORIGIN_MARK","0","474"
"391:474:DREAM_BALL:dream-ball-v","391","Monferno","Estándar","Dream Ball (V)","DREAM_BALL","0","474"
"392:475:ORIGIN_MARK:sin-marca-gen-3-5","392","Infernape","Estándar","Sin marca (Gen 3-5)","ORIGIN_MARK","1","475"
"392:475:ORIGIN_MARK:kalos","392","Infernape","Estándar","Kalos","ORIGIN_MARK","1","475"
"392:475:ORIGIN_MARK:alola","392","Infernape","Estándar","Alola","ORIGIN_MARK","1","475"
"392:475:ORIGIN_MARK:pokemon-go","392","Infernape","Estándar","Pokémon GO","ORIGIN_MARK","0","475"
"392:475:ORIGIN_MARK:sinnoh-bdsp","392","Infernape","Estándar","Sinnoh (BDSP)","ORIGIN_MARK","0","475"
"392:475:ORIGIN_MARK:hisui-legends-arceus","392","Infernape","Estándar","Hisui (Legends: Arceus)","ORIGIN_MARK","0","475"
"392:475:ORIGIN_MARK:paldea","392","Infernape","Estándar","Paldea","ORIGIN_MARK","1","475"
"392:475:ORIGIN_MARK:legends-z-a","392","Infernape","Estándar","Legends: Z-A","ORIGIN_MARK","0","475"
"392:475:DREAM_BALL:dream-ball-v","392","Infernape","Estándar","Dream Ball (V)","DREAM_BALL","0","475"
"393:476:ORIGIN_MARK:sin-marca-gen-3-5","393","Piplup","Estándar","Sin marca (Gen 3-5)","ORIGIN_MARK","1","476"
"393:476:ORIGIN_MARK:kalos","393","Piplup","Estándar","Kalos","ORIGIN_MARK","1","476"
"393:476:ORIGIN_MARK:alola","393","Piplup","Estándar","Alola","ORIGIN_MARK","1","476"
"393:476:ORIGIN_MARK:pokemon-go","393","Piplup","Estándar","Pokémon GO","ORIGIN_MARK","0","476"
"393:476:ORIGIN_MARK:sinnoh-bdsp","393","Piplup","Estándar","Sinnoh (BDSP)","ORIGIN_MARK","0","476"
"393:476:ORIGIN_MARK:hisui-legends-arceus","393","Piplup","Estándar","Hisui (Legends: Arceus)","ORIGIN_MARK","0","476"
"393:476:ORIGIN_MARK:paldea","393","Piplup","Estándar","Paldea","ORIGIN_MARK","1","476"
"393:476:ORIGIN_MARK:legends-z-a","393","Piplup","Estándar","Legends: Z-A","ORIGIN_MARK","0","476"
"393:476:DREAM_BALL:dream-ball-v","393","Piplup","Estándar","Dream Ball (V)","DREAM_BALL","1","476"
"394:477:ORIGIN_MARK:sin-marca-gen-3-5","394","Prinplup","Estándar","Sin marca (Gen 3-5)","ORIGIN_MARK","1","477"
"394:477:ORIGIN_MARK:kalos","394","Prinplup","Estándar","Kalos","ORIGIN_MARK","1","477"
"394:477:ORIGIN_MARK:alola","394","Prinplup","Estándar","Alola","ORIGIN_MARK","1","477"
"394:477:ORIGIN_MARK:pokemon-go","394","Prinplup","Estándar","Pokémon GO","ORIGIN_MARK","0","477"
"394:477:ORIGIN_MARK:sinnoh-bdsp","394","Prinplup","Estándar","Sinnoh (BDSP)","ORIGIN_MARK","0","477"
"394:477:ORIGIN_MARK:hisui-legends-arceus","394","Prinplup","Estándar","Hisui (Legends: Arceus)","ORIGIN_MARK","0","477"
"394:477:ORIGIN_MARK:paldea","394","Prinplup","Estándar","Paldea","ORIGIN_MARK","1","477"
"394:477:ORIGIN_MARK:legends-z-a","394","Prinplup","Estándar","Legends: Z-A","ORIGIN_MARK","0","477"
"394:477:DREAM_BALL:dream-ball-v","394","Prinplup","Estándar","Dream Ball (V)","DREAM_BALL","0","477"
"395:478:ORIGIN_MARK:sin-marca-gen-3-5","395","Empoleon","Estándar","Sin marca (Gen 3-5)","ORIGIN_MARK","1","478"
"395:478:ORIGIN_MARK:kalos","395","Empoleon","Estándar","Kalos","ORIGIN_MARK","1","478"
"395:478:ORIGIN_MARK:alola","395","Empoleon","Estándar","Alola","ORIGIN_MARK","1","478"
"395:478:ORIGIN_MARK:pokemon-go","395","Empoleon","Estándar","Pokémon GO","ORIGIN_MARK","0","478"
"395:478:ORIGIN_MARK:sinnoh-bdsp","395","Empoleon","Estándar","Sinnoh (BDSP)","ORIGIN_MARK","0","478"
"395:478:ORIGIN_MARK:hisui-legends-arceus","395","Empoleon","Estándar","Hisui (Legends: Arceus)","ORIGIN_MARK","0","478"
"395:478:ORIGIN_MARK:paldea","395","Empoleon","Estándar","Paldea","ORIGIN_MARK","1","478"
"395:478:ORIGIN_MARK:legends-z-a","395","Empoleon","Estándar","Legends: Z-A","ORIGIN_MARK","0","478"
"395:478:DREAM_BALL:dream-ball-v","395","Empoleon","Estándar","Dream Ball (V)","DREAM_BALL","0","478"
"396:479:ORIGIN_MARK:sin-marca-gen-3-5","396","Starly","Estándar","Sin marca (Gen 3-5)","ORIGIN_MARK","1","479"
"396:479:ORIGIN_MARK:kalos","396","Starly","Estándar","Kalos","ORIGIN_MARK","1","479"
"396:479:ORIGIN_MARK:alola","396","Starly","Estándar","Alola","ORIGIN_MARK","1","479"
"396:479:ORIGIN_MARK:pokemon-go","396","Starly","Estándar","Pokémon GO","ORIGIN_MARK","1","479"
"396:479:ORIGIN_MARK:sinnoh-bdsp","396","Starly","Estándar","Sinnoh (BDSP)","ORIGIN_MARK","0","479"
"396:479:ORIGIN_MARK:hisui-legends-arceus","396","Starly","Estándar","Hisui (Legends: Arceus)","ORIGIN_MARK","0","479"
"396:479:ORIGIN_MARK:paldea","396","Starly","Estándar","Paldea","ORIGIN_MARK","1","479"
"397:480:ORIGIN_MARK:sin-marca-gen-3-5","397","Staravia","Estándar","Sin marca (Gen 3-5)","ORIGIN_MARK","1","480"
"397:480:ORIGIN_MARK:kalos","397","Staravia","Estándar","Kalos","ORIGIN_MARK","1","480"
"397:480:ORIGIN_MARK:alola","397","Staravia","Estándar","Alola","ORIGIN_MARK","1","480"
"397:480:ORIGIN_MARK:pokemon-go","397","Staravia","Estándar","Pokémon GO","ORIGIN_MARK","1","480"
"397:480:ORIGIN_MARK:sinnoh-bdsp","397","Staravia","Estándar","Sinnoh (BDSP)","ORIGIN_MARK","0","480"
"397:480:ORIGIN_MARK:hisui-legends-arceus","397","Staravia","Estándar","Hisui (Legends: Arceus)","ORIGIN_MARK","0","480"
"397:480:ORIGIN_MARK:paldea","397","Staravia","Estándar","Paldea","ORIGIN_MARK","1","480"
"397:480:ORIGIN_MARK:legends-z-a","397","Staravia","Estándar","Legends: Z-A","ORIGIN_MARK","0","480"
"397:480:DREAM_BALL:dream-ball-v","397","Staravia","Estándar","Dream Ball (V)","DREAM_BALL","0","480"
"398:481:ORIGIN_MARK:sin-marca-gen-3-5","398","Staraptor","Estándar","Sin marca (Gen 3-5)","ORIGIN_MARK","1","481"
"398:481:ORIGIN_MARK:kalos","398","Staraptor","Estándar","Kalos","ORIGIN_MARK","1","481"
"398:481:ORIGIN_MARK:alola","398","Staraptor","Estándar","Alola","ORIGIN_MARK","1","481"
"398:481:ORIGIN_MARK:pokemon-go","398","Staraptor","Estándar","Pokémon GO","ORIGIN_MARK","1","481"
"398:481:ORIGIN_MARK:sinnoh-bdsp","398","Staraptor","Estándar","Sinnoh (BDSP)","ORIGIN_MARK","0","481"
"398:481:ORIGIN_MARK:hisui-legends-arceus","398","Staraptor","Estándar","Hisui (Legends: Arceus)","ORIGIN_MARK","0","481"
"398:481:ORIGIN_MARK:paldea","398","Staraptor","Estándar","Paldea","ORIGIN_MARK","1","481"
"398:481:ORIGIN_MARK:legends-z-a","398","Staraptor","Estándar","Legends: Z-A","ORIGIN_MARK","0","481"
"398:481:DREAM_BALL:dream-ball-v","398","Staraptor","Estándar","Dream Ball (V)","DREAM_BALL","0","481"
"399:482:ORIGIN_MARK:sin-marca-gen-3-5","399","Bidoof","Estándar","Sin marca (Gen 3-5)","ORIGIN_MARK","1","482"
"399:482:ORIGIN_MARK:kalos","399","Bidoof","Estándar","Kalos","ORIGIN_MARK","1","482"
"399:482:ORIGIN_MARK:alola","399","Bidoof","Estándar","Alola","ORIGIN_MARK","1","482"
"399:482:ORIGIN_MARK:pokemon-go","399","Bidoof","Estándar","Pokémon GO","ORIGIN_MARK","0","482"
"399:482:ORIGIN_MARK:sinnoh-bdsp","399","Bidoof","Estándar","Sinnoh (BDSP)","ORIGIN_MARK","0","482"
"399:482:ORIGIN_MARK:hisui-legends-arceus","399","Bidoof","Estándar","Hisui (Legends: Arceus)","ORIGIN_MARK","0","482"
"399:482:ORIGIN_MARK:legends-z-a","399","Bidoof","Estándar","Legends: Z-A","ORIGIN_MARK","0","482"
"399:482:DREAM_BALL:dream-ball-v","399","Bidoof","Estándar","Dream Ball (V)","DREAM_BALL","0","482"
"400:483:ORIGIN_MARK:sin-marca-gen-3-5","400","Bibarel","Estándar","Sin marca (Gen 3-5)","ORIGIN_MARK","1","483"
"400:483:ORIGIN_MARK:kalos","400","Bibarel","Estándar","Kalos","ORIGIN_MARK","1","483"
"400:483:ORIGIN_MARK:alola","400","Bibarel","Estándar","Alola","ORIGIN_MARK","1","483"
"400:483:ORIGIN_MARK:pokemon-go","400","Bibarel","Estándar","Pokémon GO","ORIGIN_MARK","0","483"
"400:483:ORIGIN_MARK:sinnoh-bdsp","400","Bibarel","Estándar","Sinnoh (BDSP)","ORIGIN_MARK","0","483"
"400:483:ORIGIN_MARK:hisui-legends-arceus","400","Bibarel","Estándar","Hisui (Legends: Arceus)","ORIGIN_MARK","0","483"
"400:483:ORIGIN_MARK:legends-z-a","400","Bibarel","Estándar","Legends: Z-A","ORIGIN_MARK","0","483"
"400:483:DREAM_BALL:dream-ball-v","400","Bibarel","Estándar","Dream Ball (V)","DREAM_BALL","0","483"
"401:484:ORIGIN_MARK:sin-marca-gen-3-5","401","Kricketot","Estándar","Sin marca (Gen 3-5)","ORIGIN_MARK","1","484"
"401:484:ORIGIN_MARK:kalos","401","Kricketot","Estándar","Kalos","ORIGIN_MARK","1","484"
"401:484:ORIGIN_MARK:alola","401","Kricketot","Estándar","Alola","ORIGIN_MARK","1","484"
"401:484:ORIGIN_MARK:pokemon-go","401","Kricketot","Estándar","Pokémon GO","ORIGIN_MARK","0","484"
"401:484:ORIGIN_MARK:sinnoh-bdsp","401","Kricketot","Estándar","Sinnoh (BDSP)","ORIGIN_MARK","0","484"
"401:484:ORIGIN_MARK:hisui-legends-arceus","401","Kricketot","Estándar","Hisui (Legends: Arceus)","ORIGIN_MARK","0","484"
"401:484:ORIGIN_MARK:paldea","401","Kricketot","Estándar","Paldea","ORIGIN_MARK","1","484"
"401:484:ORIGIN_MARK:legends-z-a","401","Kricketot","Estándar","Legends: Z-A","ORIGIN_MARK","0","484"
"401:484:DREAM_BALL:dream-ball-v","401","Kricketot","Estándar","Dream Ball (V)","DREAM_BALL","0","484"
"402:485:ORIGIN_MARK:sin-marca-gen-3-5","402","Kricketune","Estándar","Sin marca (Gen 3-5)","ORIGIN_MARK","1","485"
"402:485:ORIGIN_MARK:kalos","402","Kricketune","Estándar","Kalos","ORIGIN_MARK","1","485"
"402:485:ORIGIN_MARK:alola","402","Kricketune","Estándar","Alola","ORIGIN_MARK","1","485"
"402:485:ORIGIN_MARK:pokemon-go","402","Kricketune","Estándar","Pokémon GO","ORIGIN_MARK","0","485"
"402:485:ORIGIN_MARK:sinnoh-bdsp","402","Kricketune","Estándar","Sinnoh (BDSP)","ORIGIN_MARK","0","485"
"402:485:ORIGIN_MARK:hisui-legends-arceus","402","Kricketune","Estándar","Hisui (Legends: Arceus)","ORIGIN_MARK","0","485"
"402:485:ORIGIN_MARK:paldea","402","Kricketune","Estándar","Paldea","ORIGIN_MARK","1","485"
"402:485:ORIGIN_MARK:legends-z-a","402","Kricketune","Estándar","Legends: Z-A","ORIGIN_MARK","0","485"
"402:485:DREAM_BALL:dream-ball-v","402","Kricketune","Estándar","Dream Ball (V)","DREAM_BALL","0","485"
"403:486:ORIGIN_MARK:sin-marca-gen-3-5","403","Shinx","Estándar","Sin marca (Gen 3-5)","ORIGIN_MARK","1","486"
"403:486:ORIGIN_MARK:kalos","403","Shinx","Estándar","Kalos","ORIGIN_MARK","1","486"
"403:486:ORIGIN_MARK:alola","403","Shinx","Estándar","Alola","ORIGIN_MARK","1","486"
"403:486:ORIGIN_MARK:pokemon-go","403","Shinx","Estándar","Pokémon GO","ORIGIN_MARK","1","486"
"403:486:ORIGIN_MARK:galar","403","Shinx","Estándar","Galar","ORIGIN_MARK","1","486"
"403:486:ORIGIN_MARK:sinnoh-bdsp","403","Shinx","Estándar","Sinnoh (BDSP)","ORIGIN_MARK","0","486"
"403:486:ORIGIN_MARK:hisui-legends-arceus","403","Shinx","Estándar","Hisui (Legends: Arceus)","ORIGIN_MARK","0","486"
"403:486:ORIGIN_MARK:paldea","403","Shinx","Estándar","Paldea","ORIGIN_MARK","1","486"
"403:486:ORIGIN_MARK:legends-z-a","403","Shinx","Estándar","Legends: Z-A","ORIGIN_MARK","0","486"
"403:486:DREAM_BALL:dream-ball-v","403","Shinx","Estándar","Dream Ball (V)","DREAM_BALL","0","486"
"404:487:ORIGIN_MARK:sin-marca-gen-3-5","404","Luxio","Estándar","Sin marca (Gen 3-5)","ORIGIN_MARK","1","487"
"404:487:ORIGIN_MARK:kalos","404","Luxio","Estándar","Kalos","ORIGIN_MARK","1","487"
"404:487:ORIGIN_MARK:alola","404","Luxio","Estándar","Alola","ORIGIN_MARK","1","487"
"404:487:ORIGIN_MARK:pokemon-go","404","Luxio","Estándar","Pokémon GO","ORIGIN_MARK","1","487"
"404:487:ORIGIN_MARK:galar","404","Luxio","Estándar","Galar","ORIGIN_MARK","1","487"
"404:487:ORIGIN_MARK:sinnoh-bdsp","404","Luxio","Estándar","Sinnoh (BDSP)","ORIGIN_MARK","0","487"
"404:487:ORIGIN_MARK:hisui-legends-arceus","404","Luxio","Estándar","Hisui (Legends: Arceus)","ORIGIN_MARK","0","487"
"404:487:ORIGIN_MARK:paldea","404","Luxio","Estándar","Paldea","ORIGIN_MARK","1","487"
"404:487:ORIGIN_MARK:legends-z-a","404","Luxio","Estándar","Legends: Z-A","ORIGIN_MARK","0","487"
"404:487:DREAM_BALL:dream-ball-v","404","Luxio","Estándar","Dream Ball (V)","DREAM_BALL","0","487"
"405:488:ORIGIN_MARK:sin-marca-gen-3-5","405","Luxray","Estándar","Sin marca (Gen 3-5)","ORIGIN_MARK","1","488"
"405:488:ORIGIN_MARK:kalos","405","Luxray","Estándar","Kalos","ORIGIN_MARK","1","488"
"405:488:ORIGIN_MARK:alola","405","Luxray","Estándar","Alola","ORIGIN_MARK","1","488"
"405:488:ORIGIN_MARK:pokemon-go","405","Luxray","Estándar","Pokémon GO","ORIGIN_MARK","1","488"
"405:488:ORIGIN_MARK:galar","405","Luxray","Estándar","Galar","ORIGIN_MARK","1","488"
"405:488:ORIGIN_MARK:sinnoh-bdsp","405","Luxray","Estándar","Sinnoh (BDSP)","ORIGIN_MARK","0","488"
"405:488:ORIGIN_MARK:hisui-legends-arceus","405","Luxray","Estándar","Hisui (Legends: Arceus)","ORIGIN_MARK","0","488"
"405:488:ORIGIN_MARK:paldea","405","Luxray","Estándar","Paldea","ORIGIN_MARK","1","488"
"405:488:ORIGIN_MARK:legends-z-a","405","Luxray","Estándar","Legends: Z-A","ORIGIN_MARK","0","488"
"405:488:DREAM_BALL:dream-ball-v","405","Luxray","Estándar","Dream Ball (V)","DREAM_BALL","0","488"
"406:489:ORIGIN_MARK:sin-marca-gen-3-5","406","Budew","Estándar","Sin marca (Gen 3-5)","ORIGIN_MARK","1","489"
"406:489:ORIGIN_MARK:kalos","406","Budew","Estándar","Kalos","ORIGIN_MARK","1","489"
"406:489:ORIGIN_MARK:alola","406","Budew","Estándar","Alola","ORIGIN_MARK","1","489"
"406:489:ORIGIN_MARK:pokemon-go","406","Budew","Estándar","Pokémon GO","ORIGIN_MARK","0","489"
"406:489:ORIGIN_MARK:galar","406","Budew","Estándar","Galar","ORIGIN_MARK","1","489"
"406:489:ORIGIN_MARK:sinnoh-bdsp","406","Budew","Estándar","Sinnoh (BDSP)","ORIGIN_MARK","0","489"
"406:489:ORIGIN_MARK:hisui-legends-arceus","406","Budew","Estándar","Hisui (Legends: Arceus)","ORIGIN_MARK","0","489"
"407:490:ORIGIN_MARK:sin-marca-gen-3-5","407","Roserade","Estándar","Sin marca (Gen 3-5)","ORIGIN_MARK","1","490"
"407:490:ORIGIN_MARK:kalos","407","Roserade","Estándar","Kalos","ORIGIN_MARK","1","490"
"407:490:ORIGIN_MARK:alola","407","Roserade","Estándar","Alola","ORIGIN_MARK","1","490"
"407:490:ORIGIN_MARK:pokemon-go","407","Roserade","Estándar","Pokémon GO","ORIGIN_MARK","0","490"
"407:490:ORIGIN_MARK:galar","407","Roserade","Estándar","Galar","ORIGIN_MARK","1","490"
"407:490:ORIGIN_MARK:sinnoh-bdsp","407","Roserade","Estándar","Sinnoh (BDSP)","ORIGIN_MARK","0","490"
"407:490:ORIGIN_MARK:hisui-legends-arceus","407","Roserade","Estándar","Hisui (Legends: Arceus)","ORIGIN_MARK","0","490"
"407:490:ORIGIN_MARK:legends-z-a","407","Roserade","Estándar","Legends: Z-A","ORIGIN_MARK","0","490"
"407:490:DREAM_BALL:dream-ball-v","407","Roserade","Estándar","Dream Ball (V)","DREAM_BALL","0","490"
"408:491:ORIGIN_MARK:sin-marca-gen-3-5","408","Cranidos","Estándar","Sin marca (Gen 3-5)","ORIGIN_MARK","1","491"
"408:491:ORIGIN_MARK:kalos","408","Cranidos","Estándar","Kalos","ORIGIN_MARK","1","491"
"408:491:ORIGIN_MARK:alola","408","Cranidos","Estándar","Alola","ORIGIN_MARK","1","491"
"408:491:ORIGIN_MARK:pokemon-go","408","Cranidos","Estándar","Pokémon GO","ORIGIN_MARK","0","491"
"408:491:ORIGIN_MARK:sinnoh-bdsp","408","Cranidos","Estándar","Sinnoh (BDSP)","ORIGIN_MARK","0","491"
"408:491:ORIGIN_MARK:hisui-legends-arceus","408","Cranidos","Estándar","Hisui (Legends: Arceus)","ORIGIN_MARK","0","491"
"408:491:ORIGIN_MARK:paldea","408","Cranidos","Estándar","Paldea","ORIGIN_MARK","1","491"
"408:491:ORIGIN_MARK:legends-z-a","408","Cranidos","Estándar","Legends: Z-A","ORIGIN_MARK","0","491"
"408:491:DREAM_BALL:dream-ball-v","408","Cranidos","Estándar","Dream Ball (V)","DREAM_BALL","0","491"
"409:492:ORIGIN_MARK:sin-marca-gen-3-5","409","Rampardos","Estándar","Sin marca (Gen 3-5)","ORIGIN_MARK","1","492"
"409:492:ORIGIN_MARK:kalos","409","Rampardos","Estándar","Kalos","ORIGIN_MARK","1","492"
"409:492:ORIGIN_MARK:alola","409","Rampardos","Estándar","Alola","ORIGIN_MARK","1","492"
"409:492:ORIGIN_MARK:pokemon-go","409","Rampardos","Estándar","Pokémon GO","ORIGIN_MARK","0","492"
"409:492:ORIGIN_MARK:sinnoh-bdsp","409","Rampardos","Estándar","Sinnoh (BDSP)","ORIGIN_MARK","0","492"
"409:492:ORIGIN_MARK:hisui-legends-arceus","409","Rampardos","Estándar","Hisui (Legends: Arceus)","ORIGIN_MARK","0","492"
"409:492:ORIGIN_MARK:paldea","409","Rampardos","Estándar","Paldea","ORIGIN_MARK","1","492"
"409:492:ORIGIN_MARK:legends-z-a","409","Rampardos","Estándar","Legends: Z-A","ORIGIN_MARK","0","492"
"409:492:DREAM_BALL:dream-ball-v","409","Rampardos","Estándar","Dream Ball (V)","DREAM_BALL","0","492"
"410:493:ORIGIN_MARK:sin-marca-gen-3-5","410","Shieldon","Estándar","Sin marca (Gen 3-5)","ORIGIN_MARK","1","493"
"410:493:ORIGIN_MARK:kalos","410","Shieldon","Estándar","Kalos","ORIGIN_MARK","1","493"
"410:493:ORIGIN_MARK:alola","410","Shieldon","Estándar","Alola","ORIGIN_MARK","1","493"
"410:493:ORIGIN_MARK:pokemon-go","410","Shieldon","Estándar","Pokémon GO","ORIGIN_MARK","0","493"
"410:493:ORIGIN_MARK:sinnoh-bdsp","410","Shieldon","Estándar","Sinnoh (BDSP)","ORIGIN_MARK","0","493"
"410:493:ORIGIN_MARK:hisui-legends-arceus","410","Shieldon","Estándar","Hisui (Legends: Arceus)","ORIGIN_MARK","0","493"
"410:493:ORIGIN_MARK:paldea","410","Shieldon","Estándar","Paldea","ORIGIN_MARK","1","493"
"410:493:ORIGIN_MARK:legends-z-a","410","Shieldon","Estándar","Legends: Z-A","ORIGIN_MARK","0","493"
"410:493:DREAM_BALL:dream-ball-v","410","Shieldon","Estándar","Dream Ball (V)","DREAM_BALL","0","493"
"411:494:ORIGIN_MARK:sin-marca-gen-3-5","411","Bastiodon","Estándar","Sin marca (Gen 3-5)","ORIGIN_MARK","1","494"
"411:494:ORIGIN_MARK:kalos","411","Bastiodon","Estándar","Kalos","ORIGIN_MARK","1","494"
"411:494:ORIGIN_MARK:alola","411","Bastiodon","Estándar","Alola","ORIGIN_MARK","1","494"
"411:494:ORIGIN_MARK:pokemon-go","411","Bastiodon","Estándar","Pokémon GO","ORIGIN_MARK","0","494"
"411:494:ORIGIN_MARK:sinnoh-bdsp","411","Bastiodon","Estándar","Sinnoh (BDSP)","ORIGIN_MARK","0","494"
"411:494:ORIGIN_MARK:hisui-legends-arceus","411","Bastiodon","Estándar","Hisui (Legends: Arceus)","ORIGIN_MARK","0","494"
"411:494:ORIGIN_MARK:paldea","411","Bastiodon","Estándar","Paldea","ORIGIN_MARK","1","494"
"411:494:ORIGIN_MARK:legends-z-a","411","Bastiodon","Estándar","Legends: Z-A","ORIGIN_MARK","0","494"
"411:494:DREAM_BALL:dream-ball-v","411","Bastiodon","Estándar","Dream Ball (V)","DREAM_BALL","0","494"
"412:495:ORIGIN_MARK:sin-marca-gen-3-5","412","Burmy green","green","Sin marca (Gen 3-5)","ORIGIN_MARK","1","495"
"412:495:ORIGIN_MARK:kalos","412","Burmy green","green","Kalos","ORIGIN_MARK","1","495"
"412:495:ORIGIN_MARK:alola","412","Burmy green","green","Alola","ORIGIN_MARK","1","495"
"412:495:ORIGIN_MARK:pokemon-go","412","Burmy green","green","Pokémon GO","ORIGIN_MARK","0","495"
"412:495:ORIGIN_MARK:sinnoh-bdsp","412","Burmy green","green","Sinnoh (BDSP)","ORIGIN_MARK","0","495"
"412:495:ORIGIN_MARK:hisui-legends-arceus","412","Burmy green","green","Hisui (Legends: Arceus)","ORIGIN_MARK","0","495"
"412:495:ORIGIN_MARK:legends-z-a","412","Burmy green","green","Legends: Z-A","ORIGIN_MARK","0","495"
"412:495:DREAM_BALL:dream-ball-v","412","Burmy green","green","Dream Ball (V)","DREAM_BALL","0","495"
"412:496:ORIGIN_MARK:sin-marca-gen-3-5","412","Burmy pink","pink","Sin marca (Gen 3-5)","ORIGIN_MARK","1","496"
"412:496:ORIGIN_MARK:kalos","412","Burmy pink","pink","Kalos","ORIGIN_MARK","1","496"
"412:496:ORIGIN_MARK:alola","412","Burmy pink","pink","Alola","ORIGIN_MARK","1","496"
"412:496:ORIGIN_MARK:pokemon-go","412","Burmy pink","pink","Pokémon GO","ORIGIN_MARK","0","496"
"412:496:ORIGIN_MARK:sinnoh-bdsp","412","Burmy pink","pink","Sinnoh (BDSP)","ORIGIN_MARK","0","496"
"412:496:ORIGIN_MARK:hisui-legends-arceus","412","Burmy pink","pink","Hisui (Legends: Arceus)","ORIGIN_MARK","0","496"
"412:496:ORIGIN_MARK:legends-z-a","412","Burmy pink","pink","Legends: Z-A","ORIGIN_MARK","0","496"
"412:496:DREAM_BALL:dream-ball-v","412","Burmy pink","pink","Dream Ball (V)","DREAM_BALL","0","496"
"412:497:ORIGIN_MARK:sin-marca-gen-3-5","412","Burmy yellow","yellow","Sin marca (Gen 3-5)","ORIGIN_MARK","1","497"
"412:497:ORIGIN_MARK:kalos","412","Burmy yellow","yellow","Kalos","ORIGIN_MARK","1","497"
"412:497:ORIGIN_MARK:alola","412","Burmy yellow","yellow","Alola","ORIGIN_MARK","1","497"
"412:497:ORIGIN_MARK:pokemon-go","412","Burmy yellow","yellow","Pokémon GO","ORIGIN_MARK","0","497"
"412:497:ORIGIN_MARK:sinnoh-bdsp","412","Burmy yellow","yellow","Sinnoh (BDSP)","ORIGIN_MARK","0","497"
"412:497:ORIGIN_MARK:hisui-legends-arceus","412","Burmy yellow","yellow","Hisui (Legends: Arceus)","ORIGIN_MARK","0","497"
"412:497:ORIGIN_MARK:legends-z-a","412","Burmy yellow","yellow","Legends: Z-A","ORIGIN_MARK","0","497"
"412:497:DREAM_BALL:dream-ball-v","412","Burmy yellow","yellow","Dream Ball (V)","DREAM_BALL","0","497"
"413:498:ORIGIN_MARK:sin-marca-gen-3-5","413","Wormadam green","green","Sin marca (Gen 3-5)","ORIGIN_MARK","1","498"
"413:498:ORIGIN_MARK:kalos","413","Wormadam green","green","Kalos","ORIGIN_MARK","1","498"
"413:498:ORIGIN_MARK:alola","413","Wormadam green","green","Alola","ORIGIN_MARK","1","498"
"413:498:ORIGIN_MARK:pokemon-go","413","Wormadam green","green","Pokémon GO","ORIGIN_MARK","0","498"
"413:498:ORIGIN_MARK:sinnoh-bdsp","413","Wormadam green","green","Sinnoh (BDSP)","ORIGIN_MARK","0","498"
"413:498:ORIGIN_MARK:hisui-legends-arceus","413","Wormadam green","green","Hisui (Legends: Arceus)","ORIGIN_MARK","0","498"
"413:498:ORIGIN_MARK:legends-z-a","413","Wormadam green","green","Legends: Z-A","ORIGIN_MARK","0","498"
"413:498:DREAM_BALL:dream-ball-v","413","Wormadam green","green","Dream Ball (V)","DREAM_BALL","0","498"
"413:499:ORIGIN_MARK:sin-marca-gen-3-5","413","Wormadam pink","pink","Sin marca (Gen 3-5)","ORIGIN_MARK","1","499"
"413:499:ORIGIN_MARK:kalos","413","Wormadam pink","pink","Kalos","ORIGIN_MARK","1","499"
"413:499:ORIGIN_MARK:alola","413","Wormadam pink","pink","Alola","ORIGIN_MARK","1","499"
"413:499:ORIGIN_MARK:pokemon-go","413","Wormadam pink","pink","Pokémon GO","ORIGIN_MARK","0","499"
"413:499:ORIGIN_MARK:sinnoh-bdsp","413","Wormadam pink","pink","Sinnoh (BDSP)","ORIGIN_MARK","0","499"
"413:499:ORIGIN_MARK:hisui-legends-arceus","413","Wormadam pink","pink","Hisui (Legends: Arceus)","ORIGIN_MARK","0","499"
"413:499:ORIGIN_MARK:legends-z-a","413","Wormadam pink","pink","Legends: Z-A","ORIGIN_MARK","0","499"
"413:499:DREAM_BALL:dream-ball-v","413","Wormadam pink","pink","Dream Ball (V)","DREAM_BALL","0","499"
"413:500:ORIGIN_MARK:sin-marca-gen-3-5","413","Wormadam yellow","yellow","Sin marca (Gen 3-5)","ORIGIN_MARK","1","500"
"413:500:ORIGIN_MARK:kalos","413","Wormadam yellow","yellow","Kalos","ORIGIN_MARK","1","500"
"413:500:ORIGIN_MARK:alola","413","Wormadam yellow","yellow","Alola","ORIGIN_MARK","1","500"
"413:500:ORIGIN_MARK:pokemon-go","413","Wormadam yellow","yellow","Pokémon GO","ORIGIN_MARK","0","500"
"413:500:ORIGIN_MARK:sinnoh-bdsp","413","Wormadam yellow","yellow","Sinnoh (BDSP)","ORIGIN_MARK","0","500"
"413:500:ORIGIN_MARK:hisui-legends-arceus","413","Wormadam yellow","yellow","Hisui (Legends: Arceus)","ORIGIN_MARK","0","500"
"413:500:ORIGIN_MARK:legends-z-a","413","Wormadam yellow","yellow","Legends: Z-A","ORIGIN_MARK","0","500"
"413:500:DREAM_BALL:dream-ball-v","413","Wormadam yellow","yellow","Dream Ball (V)","DREAM_BALL","0","500"
"414:501:ORIGIN_MARK:sin-marca-gen-3-5","414","Mothim","Estándar","Sin marca (Gen 3-5)","ORIGIN_MARK","1","501"
"414:501:ORIGIN_MARK:kalos","414","Mothim","Estándar","Kalos","ORIGIN_MARK","1","501"
"414:501:ORIGIN_MARK:alola","414","Mothim","Estándar","Alola","ORIGIN_MARK","1","501"
"414:501:ORIGIN_MARK:pokemon-go","414","Mothim","Estándar","Pokémon GO","ORIGIN_MARK","0","501"
"414:501:ORIGIN_MARK:sinnoh-bdsp","414","Mothim","Estándar","Sinnoh (BDSP)","ORIGIN_MARK","0","501"
"414:501:ORIGIN_MARK:hisui-legends-arceus","414","Mothim","Estándar","Hisui (Legends: Arceus)","ORIGIN_MARK","0","501"
"414:501:ORIGIN_MARK:legends-z-a","414","Mothim","Estándar","Legends: Z-A","ORIGIN_MARK","0","501"
"414:501:DREAM_BALL:dream-ball-v","414","Mothim","Estándar","Dream Ball (V)","DREAM_BALL","0","501"
"415:502:ORIGIN_MARK:sin-marca-gen-3-5","415","Combee","Estándar","Sin marca (Gen 3-5)","ORIGIN_MARK","1","502"
"415:502:ORIGIN_MARK:kalos","415","Combee","Estándar","Kalos","ORIGIN_MARK","1","502"
"415:502:ORIGIN_MARK:alola","415","Combee","Estándar","Alola","ORIGIN_MARK","1","502"
"415:502:ORIGIN_MARK:pokemon-go","415","Combee","Estándar","Pokémon GO","ORIGIN_MARK","0","502"
"415:502:ORIGIN_MARK:galar","415","Combee","Estándar","Galar","ORIGIN_MARK","1","502"
"415:502:ORIGIN_MARK:sinnoh-bdsp","415","Combee","Estándar","Sinnoh (BDSP)","ORIGIN_MARK","0","502"
"415:502:ORIGIN_MARK:hisui-legends-arceus","415","Combee","Estándar","Hisui (Legends: Arceus)","ORIGIN_MARK","0","502"
"415:502:ORIGIN_MARK:paldea","415","Combee","Estándar","Paldea","ORIGIN_MARK","1","502"
"415:502:ORIGIN_MARK:legends-z-a","415","Combee","Estándar","Legends: Z-A","ORIGIN_MARK","0","502"
"415:502:DREAM_BALL:dream-ball-v","415","Combee","Estándar","Dream Ball (V)","DREAM_BALL","0","502"
"416:503:ORIGIN_MARK:sin-marca-gen-3-5","416","Vespiquen","Estándar","Sin marca (Gen 3-5)","ORIGIN_MARK","1","503"
"416:503:ORIGIN_MARK:kalos","416","Vespiquen","Estándar","Kalos","ORIGIN_MARK","1","503"
"416:503:ORIGIN_MARK:alola","416","Vespiquen","Estándar","Alola","ORIGIN_MARK","1","503"
"416:503:ORIGIN_MARK:pokemon-go","416","Vespiquen","Estándar","Pokémon GO","ORIGIN_MARK","0","503"
"416:503:ORIGIN_MARK:galar","416","Vespiquen","Estándar","Galar","ORIGIN_MARK","1","503"
"416:503:ORIGIN_MARK:sinnoh-bdsp","416","Vespiquen","Estándar","Sinnoh (BDSP)","ORIGIN_MARK","0","503"
"416:503:ORIGIN_MARK:hisui-legends-arceus","416","Vespiquen","Estándar","Hisui (Legends: Arceus)","ORIGIN_MARK","0","503"
"416:503:ORIGIN_MARK:paldea","416","Vespiquen","Estándar","Paldea","ORIGIN_MARK","1","503"
"416:503:ORIGIN_MARK:legends-z-a","416","Vespiquen","Estándar","Legends: Z-A","ORIGIN_MARK","0","503"
"416:503:DREAM_BALL:dream-ball-v","416","Vespiquen","Estándar","Dream Ball (V)","DREAM_BALL","0","503"
"417:504:ORIGIN_MARK:sin-marca-gen-3-5","417","Pachirisu","Estándar","Sin marca (Gen 3-5)","ORIGIN_MARK","1","504"
"417:504:ORIGIN_MARK:kalos","417","Pachirisu","Estándar","Kalos","ORIGIN_MARK","1","504"
"417:504:ORIGIN_MARK:alola","417","Pachirisu","Estándar","Alola","ORIGIN_MARK","1","504"
"417:504:ORIGIN_MARK:pokemon-go","417","Pachirisu","Estándar","Pokémon GO","ORIGIN_MARK","0","504"
"417:504:ORIGIN_MARK:sinnoh-bdsp","417","Pachirisu","Estándar","Sinnoh (BDSP)","ORIGIN_MARK","0","504"
"417:504:ORIGIN_MARK:hisui-legends-arceus","417","Pachirisu","Estándar","Hisui (Legends: Arceus)","ORIGIN_MARK","0","504"
"417:504:ORIGIN_MARK:paldea","417","Pachirisu","Estándar","Paldea","ORIGIN_MARK","1","504"
"417:504:ORIGIN_MARK:legends-z-a","417","Pachirisu","Estándar","Legends: Z-A","ORIGIN_MARK","0","504"
"417:504:DREAM_BALL:dream-ball-v","417","Pachirisu","Estándar","Dream Ball (V)","DREAM_BALL","0","504"
"418:505:ORIGIN_MARK:sin-marca-gen-3-5","418","Buizel","Estándar","Sin marca (Gen 3-5)","ORIGIN_MARK","1","505"
"418:505:ORIGIN_MARK:kalos","418","Buizel","Estándar","Kalos","ORIGIN_MARK","1","505"
"418:505:ORIGIN_MARK:alola","418","Buizel","Estándar","Alola","ORIGIN_MARK","1","505"
"418:505:ORIGIN_MARK:pokemon-go","418","Buizel","Estándar","Pokémon GO","ORIGIN_MARK","0","505"
"418:505:ORIGIN_MARK:sinnoh-bdsp","418","Buizel","Estándar","Sinnoh (BDSP)","ORIGIN_MARK","0","505"
"418:505:ORIGIN_MARK:hisui-legends-arceus","418","Buizel","Estándar","Hisui (Legends: Arceus)","ORIGIN_MARK","0","505"
"418:505:ORIGIN_MARK:paldea","418","Buizel","Estándar","Paldea","ORIGIN_MARK","1","505"
"418:505:ORIGIN_MARK:legends-z-a","418","Buizel","Estándar","Legends: Z-A","ORIGIN_MARK","0","505"
"418:505:DREAM_BALL:dream-ball-v","418","Buizel","Estándar","Dream Ball (V)","DREAM_BALL","0","505"
"419:506:ORIGIN_MARK:sin-marca-gen-3-5","419","Floatzel","Estándar","Sin marca (Gen 3-5)","ORIGIN_MARK","1","506"
"419:506:ORIGIN_MARK:kalos","419","Floatzel","Estándar","Kalos","ORIGIN_MARK","1","506"
"419:506:ORIGIN_MARK:alola","419","Floatzel","Estándar","Alola","ORIGIN_MARK","1","506"
"419:506:ORIGIN_MARK:pokemon-go","419","Floatzel","Estándar","Pokémon GO","ORIGIN_MARK","0","506"
"419:506:ORIGIN_MARK:sinnoh-bdsp","419","Floatzel","Estándar","Sinnoh (BDSP)","ORIGIN_MARK","0","506"
"419:506:ORIGIN_MARK:hisui-legends-arceus","419","Floatzel","Estándar","Hisui (Legends: Arceus)","ORIGIN_MARK","0","506"
"419:506:ORIGIN_MARK:paldea","419","Floatzel","Estándar","Paldea","ORIGIN_MARK","1","506"
"419:506:ORIGIN_MARK:legends-z-a","419","Floatzel","Estándar","Legends: Z-A","ORIGIN_MARK","0","506"
"419:506:DREAM_BALL:dream-ball-v","419","Floatzel","Estándar","Dream Ball (V)","DREAM_BALL","0","506"
"420:507:ORIGIN_MARK:sin-marca-gen-3-5","420","Cherubi","Estándar","Sin marca (Gen 3-5)","ORIGIN_MARK","1","507"
"420:507:ORIGIN_MARK:kalos","420","Cherubi","Estándar","Kalos","ORIGIN_MARK","1","507"
"420:507:ORIGIN_MARK:alola","420","Cherubi","Estándar","Alola","ORIGIN_MARK","1","507"
"420:507:ORIGIN_MARK:pokemon-go","420","Cherubi","Estándar","Pokémon GO","ORIGIN_MARK","0","507"
"420:507:ORIGIN_MARK:galar","420","Cherubi","Estándar","Galar","ORIGIN_MARK","1","507"
"420:507:ORIGIN_MARK:sinnoh-bdsp","420","Cherubi","Estándar","Sinnoh (BDSP)","ORIGIN_MARK","0","507"
"420:507:ORIGIN_MARK:hisui-legends-arceus","420","Cherubi","Estándar","Hisui (Legends: Arceus)","ORIGIN_MARK","0","507"
"420:507:ORIGIN_MARK:legends-z-a","420","Cherubi","Estándar","Legends: Z-A","ORIGIN_MARK","0","507"
"420:507:DREAM_BALL:dream-ball-v","420","Cherubi","Estándar","Dream Ball (V)","DREAM_BALL","0","507"
"421:508:ORIGIN_MARK:sin-marca-gen-3-5","421","Cherrim","Estándar","Sin marca (Gen 3-5)","ORIGIN_MARK","1","508"
"421:508:ORIGIN_MARK:kalos","421","Cherrim","Estándar","Kalos","ORIGIN_MARK","1","508"
"421:508:ORIGIN_MARK:alola","421","Cherrim","Estándar","Alola","ORIGIN_MARK","1","508"
"421:508:ORIGIN_MARK:pokemon-go","421","Cherrim","Estándar","Pokémon GO","ORIGIN_MARK","0","508"
"421:508:ORIGIN_MARK:galar","421","Cherrim","Estándar","Galar","ORIGIN_MARK","1","508"
"421:508:ORIGIN_MARK:sinnoh-bdsp","421","Cherrim","Estándar","Sinnoh (BDSP)","ORIGIN_MARK","0","508"
"421:508:ORIGIN_MARK:hisui-legends-arceus","421","Cherrim","Estándar","Hisui (Legends: Arceus)","ORIGIN_MARK","0","508"
"421:508:ORIGIN_MARK:legends-z-a","421","Cherrim","Estándar","Legends: Z-A","ORIGIN_MARK","0","508"
"421:508:DREAM_BALL:dream-ball-v","421","Cherrim","Estándar","Dream Ball (V)","DREAM_BALL","0","508"
"422:509:ORIGIN_MARK:sin-marca-gen-3-5","422","Shellos west","west","Sin marca (Gen 3-5)","ORIGIN_MARK","1","509"
"422:509:ORIGIN_MARK:kalos","422","Shellos west","west","Kalos","ORIGIN_MARK","1","509"
"422:509:ORIGIN_MARK:alola","422","Shellos west","west","Alola","ORIGIN_MARK","1","509"
"422:509:ORIGIN_MARK:pokemon-go","422","Shellos west","west","Pokémon GO","ORIGIN_MARK","0","509"
"422:509:ORIGIN_MARK:galar","422","Shellos west","west","Galar","ORIGIN_MARK","1","509"
"422:509:ORIGIN_MARK:sinnoh-bdsp","422","Shellos west","west","Sinnoh (BDSP)","ORIGIN_MARK","0","509"
"422:509:ORIGIN_MARK:hisui-legends-arceus","422","Shellos west","west","Hisui (Legends: Arceus)","ORIGIN_MARK","0","509"
"422:509:ORIGIN_MARK:paldea","422","Shellos west","west","Paldea","ORIGIN_MARK","1","509"
"422:509:ORIGIN_MARK:legends-z-a","422","Shellos west","west","Legends: Z-A","ORIGIN_MARK","0","509"
"422:509:DREAM_BALL:dream-ball-v","422","Shellos west","west","Dream Ball (V)","DREAM_BALL","0","509"
"422:510:ORIGIN_MARK:sin-marca-gen-3-5","422","Shellos east","east","Sin marca (Gen 3-5)","ORIGIN_MARK","1","510"
"422:510:ORIGIN_MARK:kalos","422","Shellos east","east","Kalos","ORIGIN_MARK","1","510"
"422:510:ORIGIN_MARK:alola","422","Shellos east","east","Alola","ORIGIN_MARK","1","510"
"422:510:ORIGIN_MARK:pokemon-go","422","Shellos east","east","Pokémon GO","ORIGIN_MARK","0","510"
"422:510:ORIGIN_MARK:galar","422","Shellos east","east","Galar","ORIGIN_MARK","1","510"
"422:510:ORIGIN_MARK:sinnoh-bdsp","422","Shellos east","east","Sinnoh (BDSP)","ORIGIN_MARK","0","510"
"422:510:ORIGIN_MARK:hisui-legends-arceus","422","Shellos east","east","Hisui (Legends: Arceus)","ORIGIN_MARK","0","510"
"422:510:ORIGIN_MARK:paldea","422","Shellos east","east","Paldea","ORIGIN_MARK","1","510"
"422:510:ORIGIN_MARK:legends-z-a","422","Shellos east","east","Legends: Z-A","ORIGIN_MARK","0","510"
"422:510:DREAM_BALL:dream-ball-v","422","Shellos east","east","Dream Ball (V)","DREAM_BALL","0","510"
"423:511:ORIGIN_MARK:sin-marca-gen-3-5","423","Gastrodon west","west","Sin marca (Gen 3-5)","ORIGIN_MARK","1","511"
"423:511:ORIGIN_MARK:kalos","423","Gastrodon west","west","Kalos","ORIGIN_MARK","1","511"
"423:511:ORIGIN_MARK:alola","423","Gastrodon west","west","Alola","ORIGIN_MARK","1","511"
"423:511:ORIGIN_MARK:pokemon-go","423","Gastrodon west","west","Pokémon GO","ORIGIN_MARK","0","511"
"423:511:ORIGIN_MARK:galar","423","Gastrodon west","west","Galar","ORIGIN_MARK","1","511"
"423:511:ORIGIN_MARK:sinnoh-bdsp","423","Gastrodon west","west","Sinnoh (BDSP)","ORIGIN_MARK","0","511"
"423:511:ORIGIN_MARK:hisui-legends-arceus","423","Gastrodon west","west","Hisui (Legends: Arceus)","ORIGIN_MARK","0","511"
"423:511:ORIGIN_MARK:paldea","423","Gastrodon west","west","Paldea","ORIGIN_MARK","1","511"
"423:511:ORIGIN_MARK:legends-z-a","423","Gastrodon west","west","Legends: Z-A","ORIGIN_MARK","0","511"
"423:511:DREAM_BALL:dream-ball-v","423","Gastrodon west","west","Dream Ball (V)","DREAM_BALL","0","511"
"423:512:ORIGIN_MARK:sin-marca-gen-3-5","423","Gastrodon east","east","Sin marca (Gen 3-5)","ORIGIN_MARK","1","512"
"423:512:ORIGIN_MARK:kalos","423","Gastrodon east","east","Kalos","ORIGIN_MARK","1","512"
"423:512:ORIGIN_MARK:alola","423","Gastrodon east","east","Alola","ORIGIN_MARK","1","512"
"423:512:ORIGIN_MARK:pokemon-go","423","Gastrodon east","east","Pokémon GO","ORIGIN_MARK","0","512"
"423:512:ORIGIN_MARK:galar","423","Gastrodon east","east","Galar","ORIGIN_MARK","1","512"
"423:512:ORIGIN_MARK:sinnoh-bdsp","423","Gastrodon east","east","Sinnoh (BDSP)","ORIGIN_MARK","0","512"
"423:512:ORIGIN_MARK:hisui-legends-arceus","423","Gastrodon east","east","Hisui (Legends: Arceus)","ORIGIN_MARK","0","512"
"423:512:ORIGIN_MARK:paldea","423","Gastrodon east","east","Paldea","ORIGIN_MARK","1","512"
"423:512:ORIGIN_MARK:legends-z-a","423","Gastrodon east","east","Legends: Z-A","ORIGIN_MARK","0","512"
"423:512:DREAM_BALL:dream-ball-v","423","Gastrodon east","east","Dream Ball (V)","DREAM_BALL","0","512"
"424:513:ORIGIN_MARK:consola-virtual","424","Ambipom","Estándar","Consola Virtual","ORIGIN_MARK","1","513"
"424:513:ORIGIN_MARK:sin-marca-gen-3-5","424","Ambipom","Estándar","Sin marca (Gen 3-5)","ORIGIN_MARK","1","513"
"424:513:ORIGIN_MARK:kalos","424","Ambipom","Estándar","Kalos","ORIGIN_MARK","1","513"
"424:513:ORIGIN_MARK:alola","424","Ambipom","Estándar","Alola","ORIGIN_MARK","1","513"
"424:513:ORIGIN_MARK:pokemon-go","424","Ambipom","Estándar","Pokémon GO","ORIGIN_MARK","0","513"
"424:513:ORIGIN_MARK:sinnoh-bdsp","424","Ambipom","Estándar","Sinnoh (BDSP)","ORIGIN_MARK","0","513"
"424:513:ORIGIN_MARK:hisui-legends-arceus","424","Ambipom","Estándar","Hisui (Legends: Arceus)","ORIGIN_MARK","0","513"
"424:513:ORIGIN_MARK:paldea","424","Ambipom","Estándar","Paldea","ORIGIN_MARK","1","513"
"424:513:ORIGIN_MARK:legends-z-a","424","Ambipom","Estándar","Legends: Z-A","ORIGIN_MARK","0","513"
"424:513:DREAM_BALL:dream-ball-v","424","Ambipom","Estándar","Dream Ball (V)","DREAM_BALL","0","513"
"424:513:COLO_XD:colo-xd","424","Ambipom","Estándar","Colo/XD","COLO_XD","0","513"
"425:514:ORIGIN_MARK:sin-marca-gen-3-5","425","Drifloon","Estándar","Sin marca (Gen 3-5)","ORIGIN_MARK","1","514"
"425:514:ORIGIN_MARK:kalos","425","Drifloon","Estándar","Kalos","ORIGIN_MARK","1","514"
"425:514:ORIGIN_MARK:alola","425","Drifloon","Estándar","Alola","ORIGIN_MARK","1","514"
"425:514:ORIGIN_MARK:pokemon-go","425","Drifloon","Estándar","Pokémon GO","ORIGIN_MARK","0","514"
"425:514:ORIGIN_MARK:galar","425","Drifloon","Estándar","Galar","ORIGIN_MARK","1","514"
"425:514:ORIGIN_MARK:sinnoh-bdsp","425","Drifloon","Estándar","Sinnoh (BDSP)","ORIGIN_MARK","0","514"
"425:514:ORIGIN_MARK:hisui-legends-arceus","425","Drifloon","Estándar","Hisui (Legends: Arceus)","ORIGIN_MARK","0","514"
"425:514:ORIGIN_MARK:paldea","425","Drifloon","Estándar","Paldea","ORIGIN_MARK","1","514"
"425:514:ORIGIN_MARK:legends-z-a","425","Drifloon","Estándar","Legends: Z-A","ORIGIN_MARK","0","514"
"425:514:DREAM_BALL:dream-ball-v","425","Drifloon","Estándar","Dream Ball (V)","DREAM_BALL","1","514"
"426:515:ORIGIN_MARK:sin-marca-gen-3-5","426","Drifblim","Estándar","Sin marca (Gen 3-5)","ORIGIN_MARK","1","515"
"426:515:ORIGIN_MARK:kalos","426","Drifblim","Estándar","Kalos","ORIGIN_MARK","1","515"
"426:515:ORIGIN_MARK:alola","426","Drifblim","Estándar","Alola","ORIGIN_MARK","1","515"
"426:515:ORIGIN_MARK:pokemon-go","426","Drifblim","Estándar","Pokémon GO","ORIGIN_MARK","0","515"
"426:515:ORIGIN_MARK:galar","426","Drifblim","Estándar","Galar","ORIGIN_MARK","1","515"
"426:515:ORIGIN_MARK:sinnoh-bdsp","426","Drifblim","Estándar","Sinnoh (BDSP)","ORIGIN_MARK","0","515"
"426:515:ORIGIN_MARK:hisui-legends-arceus","426","Drifblim","Estándar","Hisui (Legends: Arceus)","ORIGIN_MARK","0","515"
"426:515:ORIGIN_MARK:paldea","426","Drifblim","Estándar","Paldea","ORIGIN_MARK","1","515"
"426:515:ORIGIN_MARK:legends-z-a","426","Drifblim","Estándar","Legends: Z-A","ORIGIN_MARK","0","515"
"426:515:DREAM_BALL:dream-ball-v","426","Drifblim","Estándar","Dream Ball (V)","DREAM_BALL","0","515"
"427:516:ORIGIN_MARK:sin-marca-gen-3-5","427","Buneary","Estándar","Sin marca (Gen 3-5)","ORIGIN_MARK","1","516"
"427:516:ORIGIN_MARK:kalos","427","Buneary","Estándar","Kalos","ORIGIN_MARK","1","516"
"427:516:ORIGIN_MARK:alola","427","Buneary","Estándar","Alola","ORIGIN_MARK","1","516"
"427:516:ORIGIN_MARK:pokemon-go","427","Buneary","Estándar","Pokémon GO","ORIGIN_MARK","0","516"
"427:516:ORIGIN_MARK:galar","427","Buneary","Estándar","Galar","ORIGIN_MARK","1","516"
"427:516:ORIGIN_MARK:sinnoh-bdsp","427","Buneary","Estándar","Sinnoh (BDSP)","ORIGIN_MARK","0","516"
"427:516:ORIGIN_MARK:hisui-legends-arceus","427","Buneary","Estándar","Hisui (Legends: Arceus)","ORIGIN_MARK","0","516"
"428:517:ORIGIN_MARK:sin-marca-gen-3-5","428","Lopunny","Estándar","Sin marca (Gen 3-5)","ORIGIN_MARK","1","517"
"428:517:ORIGIN_MARK:kalos","428","Lopunny","Estándar","Kalos","ORIGIN_MARK","1","517"
"428:517:ORIGIN_MARK:alola","428","Lopunny","Estándar","Alola","ORIGIN_MARK","1","517"
"428:517:ORIGIN_MARK:pokemon-go","428","Lopunny","Estándar","Pokémon GO","ORIGIN_MARK","0","517"
"428:517:ORIGIN_MARK:galar","428","Lopunny","Estándar","Galar","ORIGIN_MARK","1","517"
"428:517:ORIGIN_MARK:sinnoh-bdsp","428","Lopunny","Estándar","Sinnoh (BDSP)","ORIGIN_MARK","0","517"
"428:517:ORIGIN_MARK:hisui-legends-arceus","428","Lopunny","Estándar","Hisui (Legends: Arceus)","ORIGIN_MARK","0","517"
"429:518:ORIGIN_MARK:consola-virtual","429","Mismagius","Estándar","Consola Virtual","ORIGIN_MARK","1","518"
"429:518:ORIGIN_MARK:sin-marca-gen-3-5","429","Mismagius","Estándar","Sin marca (Gen 3-5)","ORIGIN_MARK","1","518"
"429:518:ORIGIN_MARK:kalos","429","Mismagius","Estándar","Kalos","ORIGIN_MARK","1","518"
"429:518:ORIGIN_MARK:alola","429","Mismagius","Estándar","Alola","ORIGIN_MARK","1","518"
"429:518:ORIGIN_MARK:pokemon-go","429","Mismagius","Estándar","Pokémon GO","ORIGIN_MARK","0","518"
"429:518:ORIGIN_MARK:sinnoh-bdsp","429","Mismagius","Estándar","Sinnoh (BDSP)","ORIGIN_MARK","0","518"
"429:518:ORIGIN_MARK:hisui-legends-arceus","429","Mismagius","Estándar","Hisui (Legends: Arceus)","ORIGIN_MARK","0","518"
"429:518:ORIGIN_MARK:paldea","429","Mismagius","Estándar","Paldea","ORIGIN_MARK","1","518"
"429:518:ORIGIN_MARK:legends-z-a","429","Mismagius","Estándar","Legends: Z-A","ORIGIN_MARK","0","518"
"429:518:DREAM_BALL:dream-ball-v","429","Mismagius","Estándar","Dream Ball (V)","DREAM_BALL","0","518"
"429:518:COLO_XD:colo-xd","429","Mismagius","Estándar","Colo/XD","COLO_XD","0","518"
"430:519:ORIGIN_MARK:consola-virtual","430","Honchkrow","Estándar","Consola Virtual","ORIGIN_MARK","1","519"
"430:519:ORIGIN_MARK:sin-marca-gen-3-5","430","Honchkrow","Estándar","Sin marca (Gen 3-5)","ORIGIN_MARK","1","519"
"430:519:ORIGIN_MARK:kalos","430","Honchkrow","Estándar","Kalos","ORIGIN_MARK","1","519"
"430:519:ORIGIN_MARK:alola","430","Honchkrow","Estándar","Alola","ORIGIN_MARK","1","519"
"430:519:ORIGIN_MARK:pokemon-go","430","Honchkrow","Estándar","Pokémon GO","ORIGIN_MARK","0","519"
"430:519:ORIGIN_MARK:sinnoh-bdsp","430","Honchkrow","Estándar","Sinnoh (BDSP)","ORIGIN_MARK","0","519"
"430:519:ORIGIN_MARK:hisui-legends-arceus","430","Honchkrow","Estándar","Hisui (Legends: Arceus)","ORIGIN_MARK","0","519"
"430:519:ORIGIN_MARK:paldea","430","Honchkrow","Estándar","Paldea","ORIGIN_MARK","1","519"
"430:519:ORIGIN_MARK:legends-z-a","430","Honchkrow","Estándar","Legends: Z-A","ORIGIN_MARK","0","519"
"430:519:DREAM_BALL:dream-ball-v","430","Honchkrow","Estándar","Dream Ball (V)","DREAM_BALL","0","519"
"430:519:COLO_XD:colo-xd","430","Honchkrow","Estándar","Colo/XD","COLO_XD","0","519"
"431:520:ORIGIN_MARK:sin-marca-gen-3-5","431","Glameow","Estándar","Sin marca (Gen 3-5)","ORIGIN_MARK","1","520"
"431:520:ORIGIN_MARK:kalos","431","Glameow","Estándar","Kalos","ORIGIN_MARK","1","520"
"431:520:ORIGIN_MARK:alola","431","Glameow","Estándar","Alola","ORIGIN_MARK","1","520"
"431:520:ORIGIN_MARK:pokemon-go","431","Glameow","Estándar","Pokémon GO","ORIGIN_MARK","0","520"
"431:520:ORIGIN_MARK:sinnoh-bdsp","431","Glameow","Estándar","Sinnoh (BDSP)","ORIGIN_MARK","0","520"
"431:520:ORIGIN_MARK:hisui-legends-arceus","431","Glameow","Estándar","Hisui (Legends: Arceus)","ORIGIN_MARK","0","520"
"431:520:ORIGIN_MARK:legends-z-a","431","Glameow","Estándar","Legends: Z-A","ORIGIN_MARK","0","520"
"431:520:DREAM_BALL:dream-ball-v","431","Glameow","Estándar","Dream Ball (V)","DREAM_BALL","0","520"
"432:521:ORIGIN_MARK:sin-marca-gen-3-5","432","Purugly","Estándar","Sin marca (Gen 3-5)","ORIGIN_MARK","1","521"
"432:521:ORIGIN_MARK:kalos","432","Purugly","Estándar","Kalos","ORIGIN_MARK","1","521"
"432:521:ORIGIN_MARK:alola","432","Purugly","Estándar","Alola","ORIGIN_MARK","1","521"
"432:521:ORIGIN_MARK:pokemon-go","432","Purugly","Estándar","Pokémon GO","ORIGIN_MARK","0","521"
"432:521:ORIGIN_MARK:sinnoh-bdsp","432","Purugly","Estándar","Sinnoh (BDSP)","ORIGIN_MARK","0","521"
"432:521:ORIGIN_MARK:hisui-legends-arceus","432","Purugly","Estándar","Hisui (Legends: Arceus)","ORIGIN_MARK","0","521"
"432:521:ORIGIN_MARK:legends-z-a","432","Purugly","Estándar","Legends: Z-A","ORIGIN_MARK","0","521"
"432:521:DREAM_BALL:dream-ball-v","432","Purugly","Estándar","Dream Ball (V)","DREAM_BALL","0","521"
"433:522:ORIGIN_MARK:sin-marca-gen-3-5","433","Chingling","Estándar","Sin marca (Gen 3-5)","ORIGIN_MARK","1","522"
"433:522:ORIGIN_MARK:kalos","433","Chingling","Estándar","Kalos","ORIGIN_MARK","1","522"
"433:522:ORIGIN_MARK:alola","433","Chingling","Estándar","Alola","ORIGIN_MARK","1","522"
"433:522:ORIGIN_MARK:pokemon-go","433","Chingling","Estándar","Pokémon GO","ORIGIN_MARK","0","522"
"433:522:ORIGIN_MARK:sinnoh-bdsp","433","Chingling","Estándar","Sinnoh (BDSP)","ORIGIN_MARK","0","522"
"433:522:ORIGIN_MARK:hisui-legends-arceus","433","Chingling","Estándar","Hisui (Legends: Arceus)","ORIGIN_MARK","0","522"
"433:522:ORIGIN_MARK:paldea","433","Chingling","Estándar","Paldea","ORIGIN_MARK","1","522"
"434:523:ORIGIN_MARK:sin-marca-gen-3-5","434","Stunky","Estándar","Sin marca (Gen 3-5)","ORIGIN_MARK","1","523"
"434:523:ORIGIN_MARK:kalos","434","Stunky","Estándar","Kalos","ORIGIN_MARK","1","523"
"434:523:ORIGIN_MARK:alola","434","Stunky","Estándar","Alola","ORIGIN_MARK","1","523"
"434:523:ORIGIN_MARK:pokemon-go","434","Stunky","Estándar","Pokémon GO","ORIGIN_MARK","0","523"
"434:523:ORIGIN_MARK:galar","434","Stunky","Estándar","Galar","ORIGIN_MARK","1","523"
"434:523:ORIGIN_MARK:sinnoh-bdsp","434","Stunky","Estándar","Sinnoh (BDSP)","ORIGIN_MARK","0","523"
"434:523:ORIGIN_MARK:hisui-legends-arceus","434","Stunky","Estándar","Hisui (Legends: Arceus)","ORIGIN_MARK","0","523"
"434:523:ORIGIN_MARK:paldea","434","Stunky","Estándar","Paldea","ORIGIN_MARK","1","523"
"434:523:ORIGIN_MARK:legends-z-a","434","Stunky","Estándar","Legends: Z-A","ORIGIN_MARK","0","523"
"434:523:DREAM_BALL:dream-ball-v","434","Stunky","Estándar","Dream Ball (V)","DREAM_BALL","0","523"
"435:524:ORIGIN_MARK:sin-marca-gen-3-5","435","Skuntank","Estándar","Sin marca (Gen 3-5)","ORIGIN_MARK","1","524"
"435:524:ORIGIN_MARK:kalos","435","Skuntank","Estándar","Kalos","ORIGIN_MARK","1","524"
"435:524:ORIGIN_MARK:alola","435","Skuntank","Estándar","Alola","ORIGIN_MARK","1","524"
"435:524:ORIGIN_MARK:pokemon-go","435","Skuntank","Estándar","Pokémon GO","ORIGIN_MARK","0","524"
"435:524:ORIGIN_MARK:galar","435","Skuntank","Estándar","Galar","ORIGIN_MARK","1","524"
"435:524:ORIGIN_MARK:sinnoh-bdsp","435","Skuntank","Estándar","Sinnoh (BDSP)","ORIGIN_MARK","0","524"
"435:524:ORIGIN_MARK:hisui-legends-arceus","435","Skuntank","Estándar","Hisui (Legends: Arceus)","ORIGIN_MARK","0","524"
"435:524:ORIGIN_MARK:paldea","435","Skuntank","Estándar","Paldea","ORIGIN_MARK","1","524"
"435:524:ORIGIN_MARK:legends-z-a","435","Skuntank","Estándar","Legends: Z-A","ORIGIN_MARK","0","524"
"435:524:DREAM_BALL:dream-ball-v","435","Skuntank","Estándar","Dream Ball (V)","DREAM_BALL","0","524"
"436:525:ORIGIN_MARK:sin-marca-gen-3-5","436","Bronzor","Estándar","Sin marca (Gen 3-5)","ORIGIN_MARK","1","525"
"436:525:ORIGIN_MARK:kalos","436","Bronzor","Estándar","Kalos","ORIGIN_MARK","1","525"
"436:525:ORIGIN_MARK:alola","436","Bronzor","Estándar","Alola","ORIGIN_MARK","1","525"
"436:525:ORIGIN_MARK:pokemon-go","436","Bronzor","Estándar","Pokémon GO","ORIGIN_MARK","0","525"
"436:525:ORIGIN_MARK:galar","436","Bronzor","Estándar","Galar","ORIGIN_MARK","1","525"
"436:525:ORIGIN_MARK:sinnoh-bdsp","436","Bronzor","Estándar","Sinnoh (BDSP)","ORIGIN_MARK","0","525"
"436:525:ORIGIN_MARK:hisui-legends-arceus","436","Bronzor","Estándar","Hisui (Legends: Arceus)","ORIGIN_MARK","0","525"
"436:525:ORIGIN_MARK:paldea","436","Bronzor","Estándar","Paldea","ORIGIN_MARK","1","525"
"436:525:ORIGIN_MARK:legends-z-a","436","Bronzor","Estándar","Legends: Z-A","ORIGIN_MARK","0","525"
"436:525:DREAM_BALL:dream-ball-v","436","Bronzor","Estándar","Dream Ball (V)","DREAM_BALL","1","525"
"437:526:ORIGIN_MARK:sin-marca-gen-3-5","437","Bronzong","Estándar","Sin marca (Gen 3-5)","ORIGIN_MARK","1","526"
"437:526:ORIGIN_MARK:kalos","437","Bronzong","Estándar","Kalos","ORIGIN_MARK","1","526"
"437:526:ORIGIN_MARK:alola","437","Bronzong","Estándar","Alola","ORIGIN_MARK","1","526"
"437:526:ORIGIN_MARK:pokemon-go","437","Bronzong","Estándar","Pokémon GO","ORIGIN_MARK","0","526"
"437:526:ORIGIN_MARK:galar","437","Bronzong","Estándar","Galar","ORIGIN_MARK","1","526"
"437:526:ORIGIN_MARK:sinnoh-bdsp","437","Bronzong","Estándar","Sinnoh (BDSP)","ORIGIN_MARK","0","526"
"437:526:ORIGIN_MARK:hisui-legends-arceus","437","Bronzong","Estándar","Hisui (Legends: Arceus)","ORIGIN_MARK","0","526"
"437:526:ORIGIN_MARK:paldea","437","Bronzong","Estándar","Paldea","ORIGIN_MARK","1","526"
"437:526:ORIGIN_MARK:legends-z-a","437","Bronzong","Estándar","Legends: Z-A","ORIGIN_MARK","0","526"
"437:526:DREAM_BALL:dream-ball-v","437","Bronzong","Estándar","Dream Ball (V)","DREAM_BALL","0","526"
"438:527:ORIGIN_MARK:sin-marca-gen-3-5","438","Bonsly","Estándar","Sin marca (Gen 3-5)","ORIGIN_MARK","1","527"
"438:527:ORIGIN_MARK:kalos","438","Bonsly","Estándar","Kalos","ORIGIN_MARK","1","527"
"438:527:ORIGIN_MARK:alola","438","Bonsly","Estándar","Alola","ORIGIN_MARK","1","527"
"438:527:ORIGIN_MARK:pokemon-go","438","Bonsly","Estándar","Pokémon GO","ORIGIN_MARK","0","527"
"438:527:ORIGIN_MARK:galar","438","Bonsly","Estándar","Galar","ORIGIN_MARK","1","527"
"438:527:ORIGIN_MARK:sinnoh-bdsp","438","Bonsly","Estándar","Sinnoh (BDSP)","ORIGIN_MARK","0","527"
"438:527:ORIGIN_MARK:hisui-legends-arceus","438","Bonsly","Estándar","Hisui (Legends: Arceus)","ORIGIN_MARK","0","527"
"438:527:ORIGIN_MARK:paldea","438","Bonsly","Estándar","Paldea","ORIGIN_MARK","1","527"
"439:528:ORIGIN_MARK:sin-marca-gen-3-5","439","Mime Jr.","Estándar","Sin marca (Gen 3-5)","ORIGIN_MARK","1","528"
"439:528:ORIGIN_MARK:kalos","439","Mime Jr.","Estándar","Kalos","ORIGIN_MARK","1","528"
"439:528:ORIGIN_MARK:alola","439","Mime Jr.","Estándar","Alola","ORIGIN_MARK","1","528"
"439:528:ORIGIN_MARK:pokemon-go","439","Mime Jr.","Estándar","Pokémon GO","ORIGIN_MARK","0","528"
"439:528:ORIGIN_MARK:galar","439","Mime Jr.","Estándar","Galar","ORIGIN_MARK","1","528"
"439:528:ORIGIN_MARK:sinnoh-bdsp","439","Mime Jr.","Estándar","Sinnoh (BDSP)","ORIGIN_MARK","0","528"
"439:528:ORIGIN_MARK:hisui-legends-arceus","439","Mime Jr.","Estándar","Hisui (Legends: Arceus)","ORIGIN_MARK","0","528"
"440:529:ORIGIN_MARK:sin-marca-gen-3-5","440","Happiny","Estándar","Sin marca (Gen 3-5)","ORIGIN_MARK","1","529"
"440:529:ORIGIN_MARK:kalos","440","Happiny","Estándar","Kalos","ORIGIN_MARK","1","529"
"440:529:ORIGIN_MARK:alola","440","Happiny","Estándar","Alola","ORIGIN_MARK","1","529"
"440:529:ORIGIN_MARK:pokemon-go","440","Happiny","Estándar","Pokémon GO","ORIGIN_MARK","0","529"
"440:529:ORIGIN_MARK:galar","440","Happiny","Estándar","Galar","ORIGIN_MARK","1","529"
"440:529:ORIGIN_MARK:sinnoh-bdsp","440","Happiny","Estándar","Sinnoh (BDSP)","ORIGIN_MARK","0","529"
"440:529:ORIGIN_MARK:hisui-legends-arceus","440","Happiny","Estándar","Hisui (Legends: Arceus)","ORIGIN_MARK","0","529"
"440:529:ORIGIN_MARK:paldea","440","Happiny","Estándar","Paldea","ORIGIN_MARK","1","529"
"441:530:ORIGIN_MARK:sin-marca-gen-3-5","441","Chatot","Estándar","Sin marca (Gen 3-5)","ORIGIN_MARK","1","530"
"441:530:ORIGIN_MARK:kalos","441","Chatot","Estándar","Kalos","ORIGIN_MARK","1","530"
"441:530:ORIGIN_MARK:alola","441","Chatot","Estándar","Alola","ORIGIN_MARK","1","530"
"441:530:ORIGIN_MARK:pokemon-go","441","Chatot","Estándar","Pokémon GO","ORIGIN_MARK","0","530"
"441:530:ORIGIN_MARK:sinnoh-bdsp","441","Chatot","Estándar","Sinnoh (BDSP)","ORIGIN_MARK","0","530"
"441:530:ORIGIN_MARK:hisui-legends-arceus","441","Chatot","Estándar","Hisui (Legends: Arceus)","ORIGIN_MARK","0","530"
"441:530:ORIGIN_MARK:legends-z-a","441","Chatot","Estándar","Legends: Z-A","ORIGIN_MARK","0","530"
"441:530:DREAM_BALL:dream-ball-v","441","Chatot","Estándar","Dream Ball (V)","DREAM_BALL","0","530"
"442:531:ORIGIN_MARK:sin-marca-gen-3-5","442","Spiritomb","Estándar","Sin marca (Gen 3-5)","ORIGIN_MARK","1","531"
"442:531:ORIGIN_MARK:kalos","442","Spiritomb","Estándar","Kalos","ORIGIN_MARK","1","531"
"442:531:ORIGIN_MARK:alola","442","Spiritomb","Estándar","Alola","ORIGIN_MARK","1","531"
"442:531:ORIGIN_MARK:pokemon-go","442","Spiritomb","Estándar","Pokémon GO","ORIGIN_MARK","0","531"
"442:531:ORIGIN_MARK:galar","442","Spiritomb","Estándar","Galar","ORIGIN_MARK","1","531"
"442:531:ORIGIN_MARK:sinnoh-bdsp","442","Spiritomb","Estándar","Sinnoh (BDSP)","ORIGIN_MARK","0","531"
"442:531:ORIGIN_MARK:hisui-legends-arceus","442","Spiritomb","Estándar","Hisui (Legends: Arceus)","ORIGIN_MARK","0","531"
"442:531:ORIGIN_MARK:paldea","442","Spiritomb","Estándar","Paldea","ORIGIN_MARK","1","531"
"442:531:ORIGIN_MARK:legends-z-a","442","Spiritomb","Estándar","Legends: Z-A","ORIGIN_MARK","0","531"
"442:531:DREAM_BALL:dream-ball-v","442","Spiritomb","Estándar","Dream Ball (V)","DREAM_BALL","1","531"
"443:532:ORIGIN_MARK:sin-marca-gen-3-5","443","Gible","Estándar","Sin marca (Gen 3-5)","ORIGIN_MARK","1","532"
"443:532:ORIGIN_MARK:kalos","443","Gible","Estándar","Kalos","ORIGIN_MARK","1","532"
"443:532:ORIGIN_MARK:alola","443","Gible","Estándar","Alola","ORIGIN_MARK","1","532"
"443:532:ORIGIN_MARK:pokemon-go","443","Gible","Estándar","Pokémon GO","ORIGIN_MARK","1","532"
"443:532:ORIGIN_MARK:galar","443","Gible","Estándar","Galar","ORIGIN_MARK","1","532"
"443:532:ORIGIN_MARK:sinnoh-bdsp","443","Gible","Estándar","Sinnoh (BDSP)","ORIGIN_MARK","0","532"
"443:532:ORIGIN_MARK:hisui-legends-arceus","443","Gible","Estándar","Hisui (Legends: Arceus)","ORIGIN_MARK","0","532"
"443:532:ORIGIN_MARK:paldea","443","Gible","Estándar","Paldea","ORIGIN_MARK","1","532"
"443:532:ORIGIN_MARK:legends-z-a","443","Gible","Estándar","Legends: Z-A","ORIGIN_MARK","0","532"
"443:532:DREAM_BALL:dream-ball-v","443","Gible","Estándar","Dream Ball (V)","DREAM_BALL","0","532"
"444:533:ORIGIN_MARK:sin-marca-gen-3-5","444","Gabite","Estándar","Sin marca (Gen 3-5)","ORIGIN_MARK","1","533"
"444:533:ORIGIN_MARK:kalos","444","Gabite","Estándar","Kalos","ORIGIN_MARK","1","533"
"444:533:ORIGIN_MARK:alola","444","Gabite","Estándar","Alola","ORIGIN_MARK","1","533"
"444:533:ORIGIN_MARK:pokemon-go","444","Gabite","Estándar","Pokémon GO","ORIGIN_MARK","1","533"
"444:533:ORIGIN_MARK:galar","444","Gabite","Estándar","Galar","ORIGIN_MARK","1","533"
"444:533:ORIGIN_MARK:sinnoh-bdsp","444","Gabite","Estándar","Sinnoh (BDSP)","ORIGIN_MARK","0","533"
"444:533:ORIGIN_MARK:hisui-legends-arceus","444","Gabite","Estándar","Hisui (Legends: Arceus)","ORIGIN_MARK","0","533"
"444:533:ORIGIN_MARK:paldea","444","Gabite","Estándar","Paldea","ORIGIN_MARK","1","533"
"444:533:ORIGIN_MARK:legends-z-a","444","Gabite","Estándar","Legends: Z-A","ORIGIN_MARK","0","533"
"444:533:DREAM_BALL:dream-ball-v","444","Gabite","Estándar","Dream Ball (V)","DREAM_BALL","0","533"
"445:534:ORIGIN_MARK:sin-marca-gen-3-5","445","Garchomp","Estándar","Sin marca (Gen 3-5)","ORIGIN_MARK","1","534"
"445:534:ORIGIN_MARK:kalos","445","Garchomp","Estándar","Kalos","ORIGIN_MARK","1","534"
"445:534:ORIGIN_MARK:alola","445","Garchomp","Estándar","Alola","ORIGIN_MARK","1","534"
"445:534:ORIGIN_MARK:pokemon-go","445","Garchomp","Estándar","Pokémon GO","ORIGIN_MARK","1","534"
"445:534:ORIGIN_MARK:galar","445","Garchomp","Estándar","Galar","ORIGIN_MARK","1","534"
"445:534:ORIGIN_MARK:sinnoh-bdsp","445","Garchomp","Estándar","Sinnoh (BDSP)","ORIGIN_MARK","0","534"
"445:534:ORIGIN_MARK:hisui-legends-arceus","445","Garchomp","Estándar","Hisui (Legends: Arceus)","ORIGIN_MARK","0","534"
"445:534:ORIGIN_MARK:paldea","445","Garchomp","Estándar","Paldea","ORIGIN_MARK","1","534"
"445:534:ORIGIN_MARK:legends-z-a","445","Garchomp","Estándar","Legends: Z-A","ORIGIN_MARK","0","534"
"445:534:DREAM_BALL:dream-ball-v","445","Garchomp","Estándar","Dream Ball (V)","DREAM_BALL","1","534"
"446:535:ORIGIN_MARK:sin-marca-gen-3-5","446","Munchlax","Estándar","Sin marca (Gen 3-5)","ORIGIN_MARK","1","535"
"446:535:ORIGIN_MARK:kalos","446","Munchlax","Estándar","Kalos","ORIGIN_MARK","1","535"
"446:535:ORIGIN_MARK:alola","446","Munchlax","Estándar","Alola","ORIGIN_MARK","1","535"
"446:535:ORIGIN_MARK:pokemon-go","446","Munchlax","Estándar","Pokémon GO","ORIGIN_MARK","0","535"
"446:535:ORIGIN_MARK:galar","446","Munchlax","Estándar","Galar","ORIGIN_MARK","1","535"
"446:535:ORIGIN_MARK:sinnoh-bdsp","446","Munchlax","Estándar","Sinnoh (BDSP)","ORIGIN_MARK","0","535"
"446:535:ORIGIN_MARK:hisui-legends-arceus","446","Munchlax","Estándar","Hisui (Legends: Arceus)","ORIGIN_MARK","0","535"
"446:535:ORIGIN_MARK:paldea","446","Munchlax","Estándar","Paldea","ORIGIN_MARK","1","535"
"447:536:ORIGIN_MARK:sin-marca-gen-3-5","447","Riolu","Estándar","Sin marca (Gen 3-5)","ORIGIN_MARK","1","536"
"447:536:ORIGIN_MARK:kalos","447","Riolu","Estándar","Kalos","ORIGIN_MARK","1","536"
"447:536:ORIGIN_MARK:alola","447","Riolu","Estándar","Alola","ORIGIN_MARK","1","536"
"447:536:ORIGIN_MARK:pokemon-go","447","Riolu","Estándar","Pokémon GO","ORIGIN_MARK","0","536"
"447:536:ORIGIN_MARK:galar","447","Riolu","Estándar","Galar","ORIGIN_MARK","1","536"
"447:536:ORIGIN_MARK:sinnoh-bdsp","447","Riolu","Estándar","Sinnoh (BDSP)","ORIGIN_MARK","0","536"
"447:536:ORIGIN_MARK:hisui-legends-arceus","447","Riolu","Estándar","Hisui (Legends: Arceus)","ORIGIN_MARK","0","536"
"447:536:ORIGIN_MARK:paldea","447","Riolu","Estándar","Paldea","ORIGIN_MARK","1","536"
"447:536:ORIGIN_MARK:legends-z-a","447","Riolu","Estándar","Legends: Z-A","ORIGIN_MARK","0","536"
"447:536:DREAM_BALL:dream-ball-v","447","Riolu","Estándar","Dream Ball (V)","DREAM_BALL","1","536"
"448:537:ORIGIN_MARK:sin-marca-gen-3-5","448","Lucario","Estándar","Sin marca (Gen 3-5)","ORIGIN_MARK","1","537"
"448:537:ORIGIN_MARK:kalos","448","Lucario","Estándar","Kalos","ORIGIN_MARK","1","537"
"448:537:ORIGIN_MARK:alola","448","Lucario","Estándar","Alola","ORIGIN_MARK","1","537"
"448:537:ORIGIN_MARK:pokemon-go","448","Lucario","Estándar","Pokémon GO","ORIGIN_MARK","0","537"
"448:537:ORIGIN_MARK:galar","448","Lucario","Estándar","Galar","ORIGIN_MARK","1","537"
"448:537:ORIGIN_MARK:sinnoh-bdsp","448","Lucario","Estándar","Sinnoh (BDSP)","ORIGIN_MARK","0","537"
"448:537:ORIGIN_MARK:hisui-legends-arceus","448","Lucario","Estándar","Hisui (Legends: Arceus)","ORIGIN_MARK","0","537"
"448:537:ORIGIN_MARK:paldea","448","Lucario","Estándar","Paldea","ORIGIN_MARK","1","537"
"448:537:ORIGIN_MARK:legends-z-a","448","Lucario","Estándar","Legends: Z-A","ORIGIN_MARK","0","537"
"448:537:DREAM_BALL:dream-ball-v","448","Lucario","Estándar","Dream Ball (V)","DREAM_BALL","1","537"
"449:538:ORIGIN_MARK:sin-marca-gen-3-5","449","Hippopotas","Estándar","Sin marca (Gen 3-5)","ORIGIN_MARK","1","538"
"449:538:ORIGIN_MARK:kalos","449","Hippopotas","Estándar","Kalos","ORIGIN_MARK","1","538"
"449:538:ORIGIN_MARK:alola","449","Hippopotas","Estándar","Alola","ORIGIN_MARK","1","538"
"449:538:ORIGIN_MARK:pokemon-go","449","Hippopotas","Estándar","Pokémon GO","ORIGIN_MARK","0","538"
"449:538:ORIGIN_MARK:galar","449","Hippopotas","Estándar","Galar","ORIGIN_MARK","1","538"
"449:538:ORIGIN_MARK:sinnoh-bdsp","449","Hippopotas","Estándar","Sinnoh (BDSP)","ORIGIN_MARK","0","538"
"449:538:ORIGIN_MARK:hisui-legends-arceus","449","Hippopotas","Estándar","Hisui (Legends: Arceus)","ORIGIN_MARK","0","538"
"449:538:ORIGIN_MARK:paldea","449","Hippopotas","Estándar","Paldea","ORIGIN_MARK","1","538"
"449:538:ORIGIN_MARK:legends-z-a","449","Hippopotas","Estándar","Legends: Z-A","ORIGIN_MARK","0","538"
"449:538:DREAM_BALL:dream-ball-v","449","Hippopotas","Estándar","Dream Ball (V)","DREAM_BALL","0","538"
"449:539:ORIGIN_MARK:sin-marca-gen-3-5","449","Hippopotas f","f","Sin marca (Gen 3-5)","ORIGIN_MARK","1","539"
"449:539:ORIGIN_MARK:kalos","449","Hippopotas f","f","Kalos","ORIGIN_MARK","1","539"
"449:539:ORIGIN_MARK:alola","449","Hippopotas f","f","Alola","ORIGIN_MARK","1","539"
"449:539:ORIGIN_MARK:pokemon-go","449","Hippopotas f","f","Pokémon GO","ORIGIN_MARK","0","539"
"449:539:ORIGIN_MARK:galar","449","Hippopotas f","f","Galar","ORIGIN_MARK","1","539"
"449:539:ORIGIN_MARK:sinnoh-bdsp","449","Hippopotas f","f","Sinnoh (BDSP)","ORIGIN_MARK","0","539"
"449:539:ORIGIN_MARK:hisui-legends-arceus","449","Hippopotas f","f","Hisui (Legends: Arceus)","ORIGIN_MARK","0","539"
"449:539:ORIGIN_MARK:paldea","449","Hippopotas f","f","Paldea","ORIGIN_MARK","1","539"
"449:539:ORIGIN_MARK:legends-z-a","449","Hippopotas f","f","Legends: Z-A","ORIGIN_MARK","0","539"
"449:539:DREAM_BALL:dream-ball-v","449","Hippopotas f","f","Dream Ball (V)","DREAM_BALL","0","539"
"450:540:ORIGIN_MARK:sin-marca-gen-3-5","450","Hippowdon","Estándar","Sin marca (Gen 3-5)","ORIGIN_MARK","1","540"
"450:540:ORIGIN_MARK:kalos","450","Hippowdon","Estándar","Kalos","ORIGIN_MARK","1","540"
"450:540:ORIGIN_MARK:alola","450","Hippowdon","Estándar","Alola","ORIGIN_MARK","1","540"
"450:540:ORIGIN_MARK:pokemon-go","450","Hippowdon","Estándar","Pokémon GO","ORIGIN_MARK","0","540"
"450:540:ORIGIN_MARK:galar","450","Hippowdon","Estándar","Galar","ORIGIN_MARK","1","540"
"450:540:ORIGIN_MARK:sinnoh-bdsp","450","Hippowdon","Estándar","Sinnoh (BDSP)","ORIGIN_MARK","0","540"
"450:540:ORIGIN_MARK:hisui-legends-arceus","450","Hippowdon","Estándar","Hisui (Legends: Arceus)","ORIGIN_MARK","0","540"
"450:540:ORIGIN_MARK:paldea","450","Hippowdon","Estándar","Paldea","ORIGIN_MARK","1","540"
"450:540:ORIGIN_MARK:legends-z-a","450","Hippowdon","Estándar","Legends: Z-A","ORIGIN_MARK","0","540"
"450:540:DREAM_BALL:dream-ball-v","450","Hippowdon","Estándar","Dream Ball (V)","DREAM_BALL","0","540"
"450:541:ORIGIN_MARK:sin-marca-gen-3-5","450","Hippowdon f","f","Sin marca (Gen 3-5)","ORIGIN_MARK","1","541"
"450:541:ORIGIN_MARK:kalos","450","Hippowdon f","f","Kalos","ORIGIN_MARK","1","541"
"450:541:ORIGIN_MARK:alola","450","Hippowdon f","f","Alola","ORIGIN_MARK","1","541"
"450:541:ORIGIN_MARK:pokemon-go","450","Hippowdon f","f","Pokémon GO","ORIGIN_MARK","0","541"
"450:541:ORIGIN_MARK:galar","450","Hippowdon f","f","Galar","ORIGIN_MARK","1","541"
"450:541:ORIGIN_MARK:sinnoh-bdsp","450","Hippowdon f","f","Sinnoh (BDSP)","ORIGIN_MARK","0","541"
"450:541:ORIGIN_MARK:hisui-legends-arceus","450","Hippowdon f","f","Hisui (Legends: Arceus)","ORIGIN_MARK","0","541"
"450:541:ORIGIN_MARK:paldea","450","Hippowdon f","f","Paldea","ORIGIN_MARK","1","541"
"450:541:ORIGIN_MARK:legends-z-a","450","Hippowdon f","f","Legends: Z-A","ORIGIN_MARK","0","541"
"450:541:DREAM_BALL:dream-ball-v","450","Hippowdon f","f","Dream Ball (V)","DREAM_BALL","0","541"
"451:542:ORIGIN_MARK:sin-marca-gen-3-5","451","Skorupi","Estándar","Sin marca (Gen 3-5)","ORIGIN_MARK","1","542"
"451:542:ORIGIN_MARK:kalos","451","Skorupi","Estándar","Kalos","ORIGIN_MARK","1","542"
"451:542:ORIGIN_MARK:alola","451","Skorupi","Estándar","Alola","ORIGIN_MARK","1","542"
"451:542:ORIGIN_MARK:pokemon-go","451","Skorupi","Estándar","Pokémon GO","ORIGIN_MARK","0","542"
"451:542:ORIGIN_MARK:galar","451","Skorupi","Estándar","Galar","ORIGIN_MARK","1","542"
"451:542:ORIGIN_MARK:sinnoh-bdsp","451","Skorupi","Estándar","Sinnoh (BDSP)","ORIGIN_MARK","0","542"
"451:542:ORIGIN_MARK:hisui-legends-arceus","451","Skorupi","Estándar","Hisui (Legends: Arceus)","ORIGIN_MARK","0","542"
"451:542:ORIGIN_MARK:legends-z-a","451","Skorupi","Estándar","Legends: Z-A","ORIGIN_MARK","0","542"
"451:542:DREAM_BALL:dream-ball-v","451","Skorupi","Estándar","Dream Ball (V)","DREAM_BALL","0","542"
"452:543:ORIGIN_MARK:sin-marca-gen-3-5","452","Drapion","Estándar","Sin marca (Gen 3-5)","ORIGIN_MARK","1","543"
"452:543:ORIGIN_MARK:kalos","452","Drapion","Estándar","Kalos","ORIGIN_MARK","1","543"
"452:543:ORIGIN_MARK:alola","452","Drapion","Estándar","Alola","ORIGIN_MARK","1","543"
"452:543:ORIGIN_MARK:pokemon-go","452","Drapion","Estándar","Pokémon GO","ORIGIN_MARK","0","543"
"452:543:ORIGIN_MARK:galar","452","Drapion","Estándar","Galar","ORIGIN_MARK","1","543"
"452:543:ORIGIN_MARK:sinnoh-bdsp","452","Drapion","Estándar","Sinnoh (BDSP)","ORIGIN_MARK","0","543"
"452:543:ORIGIN_MARK:hisui-legends-arceus","452","Drapion","Estándar","Hisui (Legends: Arceus)","ORIGIN_MARK","0","543"
"452:543:ORIGIN_MARK:legends-z-a","452","Drapion","Estándar","Legends: Z-A","ORIGIN_MARK","0","543"
"452:543:DREAM_BALL:dream-ball-v","452","Drapion","Estándar","Dream Ball (V)","DREAM_BALL","0","543"
"453:544:ORIGIN_MARK:sin-marca-gen-3-5","453","Croagunk","Estándar","Sin marca (Gen 3-5)","ORIGIN_MARK","1","544"
"453:544:ORIGIN_MARK:kalos","453","Croagunk","Estándar","Kalos","ORIGIN_MARK","1","544"
"453:544:ORIGIN_MARK:alola","453","Croagunk","Estándar","Alola","ORIGIN_MARK","1","544"
"453:544:ORIGIN_MARK:pokemon-go","453","Croagunk","Estándar","Pokémon GO","ORIGIN_MARK","0","544"
"453:544:ORIGIN_MARK:galar","453","Croagunk","Estándar","Galar","ORIGIN_MARK","1","544"
"453:544:ORIGIN_MARK:sinnoh-bdsp","453","Croagunk","Estándar","Sinnoh (BDSP)","ORIGIN_MARK","0","544"
"453:544:ORIGIN_MARK:hisui-legends-arceus","453","Croagunk","Estándar","Hisui (Legends: Arceus)","ORIGIN_MARK","0","544"
"453:544:ORIGIN_MARK:paldea","453","Croagunk","Estándar","Paldea","ORIGIN_MARK","1","544"
"453:544:ORIGIN_MARK:legends-z-a","453","Croagunk","Estándar","Legends: Z-A","ORIGIN_MARK","0","544"
"453:544:DREAM_BALL:dream-ball-v","453","Croagunk","Estándar","Dream Ball (V)","DREAM_BALL","1","544"
"454:545:ORIGIN_MARK:sin-marca-gen-3-5","454","Toxicroak","Estándar","Sin marca (Gen 3-5)","ORIGIN_MARK","1","545"
"454:545:ORIGIN_MARK:kalos","454","Toxicroak","Estándar","Kalos","ORIGIN_MARK","1","545"
"454:545:ORIGIN_MARK:alola","454","Toxicroak","Estándar","Alola","ORIGIN_MARK","1","545"
"454:545:ORIGIN_MARK:pokemon-go","454","Toxicroak","Estándar","Pokémon GO","ORIGIN_MARK","0","545"
"454:545:ORIGIN_MARK:galar","454","Toxicroak","Estándar","Galar","ORIGIN_MARK","1","545"
"454:545:ORIGIN_MARK:sinnoh-bdsp","454","Toxicroak","Estándar","Sinnoh (BDSP)","ORIGIN_MARK","0","545"
"454:545:ORIGIN_MARK:hisui-legends-arceus","454","Toxicroak","Estándar","Hisui (Legends: Arceus)","ORIGIN_MARK","0","545"
"454:545:ORIGIN_MARK:paldea","454","Toxicroak","Estándar","Paldea","ORIGIN_MARK","1","545"
"454:545:ORIGIN_MARK:legends-z-a","454","Toxicroak","Estándar","Legends: Z-A","ORIGIN_MARK","0","545"
"454:545:DREAM_BALL:dream-ball-v","454","Toxicroak","Estándar","Dream Ball (V)","DREAM_BALL","1","545"
"455:546:ORIGIN_MARK:sin-marca-gen-3-5","455","Carnivine","Estándar","Sin marca (Gen 3-5)","ORIGIN_MARK","1","546"
"455:546:ORIGIN_MARK:kalos","455","Carnivine","Estándar","Kalos","ORIGIN_MARK","1","546"
"455:546:ORIGIN_MARK:alola","455","Carnivine","Estándar","Alola","ORIGIN_MARK","1","546"
"455:546:ORIGIN_MARK:pokemon-go","455","Carnivine","Estándar","Pokémon GO","ORIGIN_MARK","0","546"
"455:546:ORIGIN_MARK:sinnoh-bdsp","455","Carnivine","Estándar","Sinnoh (BDSP)","ORIGIN_MARK","0","546"
"455:546:ORIGIN_MARK:hisui-legends-arceus","455","Carnivine","Estándar","Hisui (Legends: Arceus)","ORIGIN_MARK","0","546"
"455:546:ORIGIN_MARK:legends-z-a","455","Carnivine","Estándar","Legends: Z-A","ORIGIN_MARK","0","546"
"455:546:DREAM_BALL:dream-ball-v","455","Carnivine","Estándar","Dream Ball (V)","DREAM_BALL","0","546"
"456:547:ORIGIN_MARK:sin-marca-gen-3-5","456","Finneon","Estándar","Sin marca (Gen 3-5)","ORIGIN_MARK","1","547"
"456:547:ORIGIN_MARK:kalos","456","Finneon","Estándar","Kalos","ORIGIN_MARK","1","547"
"456:547:ORIGIN_MARK:alola","456","Finneon","Estándar","Alola","ORIGIN_MARK","1","547"
"456:547:ORIGIN_MARK:pokemon-go","456","Finneon","Estándar","Pokémon GO","ORIGIN_MARK","0","547"
"456:547:ORIGIN_MARK:sinnoh-bdsp","456","Finneon","Estándar","Sinnoh (BDSP)","ORIGIN_MARK","0","547"
"456:547:ORIGIN_MARK:hisui-legends-arceus","456","Finneon","Estándar","Hisui (Legends: Arceus)","ORIGIN_MARK","0","547"
"456:547:ORIGIN_MARK:paldea","456","Finneon","Estándar","Paldea","ORIGIN_MARK","1","547"
"456:547:ORIGIN_MARK:legends-z-a","456","Finneon","Estándar","Legends: Z-A","ORIGIN_MARK","0","547"
"456:547:DREAM_BALL:dream-ball-v","456","Finneon","Estándar","Dream Ball (V)","DREAM_BALL","0","547"
"457:548:ORIGIN_MARK:sin-marca-gen-3-5","457","Lumineon","Estándar","Sin marca (Gen 3-5)","ORIGIN_MARK","1","548"
"457:548:ORIGIN_MARK:kalos","457","Lumineon","Estándar","Kalos","ORIGIN_MARK","1","548"
"457:548:ORIGIN_MARK:alola","457","Lumineon","Estándar","Alola","ORIGIN_MARK","1","548"
"457:548:ORIGIN_MARK:pokemon-go","457","Lumineon","Estándar","Pokémon GO","ORIGIN_MARK","0","548"
"457:548:ORIGIN_MARK:sinnoh-bdsp","457","Lumineon","Estándar","Sinnoh (BDSP)","ORIGIN_MARK","0","548"
"457:548:ORIGIN_MARK:hisui-legends-arceus","457","Lumineon","Estándar","Hisui (Legends: Arceus)","ORIGIN_MARK","0","548"
"457:548:ORIGIN_MARK:paldea","457","Lumineon","Estándar","Paldea","ORIGIN_MARK","1","548"
"457:548:ORIGIN_MARK:legends-z-a","457","Lumineon","Estándar","Legends: Z-A","ORIGIN_MARK","0","548"
"457:548:DREAM_BALL:dream-ball-v","457","Lumineon","Estándar","Dream Ball (V)","DREAM_BALL","0","548"
"458:549:ORIGIN_MARK:sin-marca-gen-3-5","458","Mantyke","Estándar","Sin marca (Gen 3-5)","ORIGIN_MARK","1","549"
"458:549:ORIGIN_MARK:kalos","458","Mantyke","Estándar","Kalos","ORIGIN_MARK","1","549"
"458:549:ORIGIN_MARK:alola","458","Mantyke","Estándar","Alola","ORIGIN_MARK","1","549"
"458:549:ORIGIN_MARK:pokemon-go","458","Mantyke","Estándar","Pokémon GO","ORIGIN_MARK","0","549"
"458:549:ORIGIN_MARK:galar","458","Mantyke","Estándar","Galar","ORIGIN_MARK","1","549"
"458:549:ORIGIN_MARK:sinnoh-bdsp","458","Mantyke","Estándar","Sinnoh (BDSP)","ORIGIN_MARK","0","549"
"458:549:ORIGIN_MARK:hisui-legends-arceus","458","Mantyke","Estándar","Hisui (Legends: Arceus)","ORIGIN_MARK","0","549"
"459:550:ORIGIN_MARK:sin-marca-gen-3-5","459","Snover","Estándar","Sin marca (Gen 3-5)","ORIGIN_MARK","1","550"
"459:550:ORIGIN_MARK:kalos","459","Snover","Estándar","Kalos","ORIGIN_MARK","1","550"
"459:550:ORIGIN_MARK:alola","459","Snover","Estándar","Alola","ORIGIN_MARK","1","550"
"459:550:ORIGIN_MARK:pokemon-go","459","Snover","Estándar","Pokémon GO","ORIGIN_MARK","0","550"
"459:550:ORIGIN_MARK:galar","459","Snover","Estándar","Galar","ORIGIN_MARK","1","550"
"459:550:ORIGIN_MARK:sinnoh-bdsp","459","Snover","Estándar","Sinnoh (BDSP)","ORIGIN_MARK","0","550"
"459:550:ORIGIN_MARK:hisui-legends-arceus","459","Snover","Estándar","Hisui (Legends: Arceus)","ORIGIN_MARK","0","550"
"459:550:ORIGIN_MARK:paldea","459","Snover","Estándar","Paldea","ORIGIN_MARK","1","550"
"459:550:ORIGIN_MARK:legends-z-a","459","Snover","Estándar","Legends: Z-A","ORIGIN_MARK","0","550"
"459:550:DREAM_BALL:dream-ball-v","459","Snover","Estándar","Dream Ball (V)","DREAM_BALL","0","550"
"460:551:ORIGIN_MARK:sin-marca-gen-3-5","460","Abomasnow","Estándar","Sin marca (Gen 3-5)","ORIGIN_MARK","1","551"
"460:551:ORIGIN_MARK:kalos","460","Abomasnow","Estándar","Kalos","ORIGIN_MARK","1","551"
"460:551:ORIGIN_MARK:alola","460","Abomasnow","Estándar","Alola","ORIGIN_MARK","1","551"
"460:551:ORIGIN_MARK:pokemon-go","460","Abomasnow","Estándar","Pokémon GO","ORIGIN_MARK","0","551"
"460:551:ORIGIN_MARK:galar","460","Abomasnow","Estándar","Galar","ORIGIN_MARK","1","551"
"460:551:ORIGIN_MARK:sinnoh-bdsp","460","Abomasnow","Estándar","Sinnoh (BDSP)","ORIGIN_MARK","0","551"
"460:551:ORIGIN_MARK:hisui-legends-arceus","460","Abomasnow","Estándar","Hisui (Legends: Arceus)","ORIGIN_MARK","0","551"
"460:551:ORIGIN_MARK:paldea","460","Abomasnow","Estándar","Paldea","ORIGIN_MARK","1","551"
"460:551:ORIGIN_MARK:legends-z-a","460","Abomasnow","Estándar","Legends: Z-A","ORIGIN_MARK","0","551"
"460:551:DREAM_BALL:dream-ball-v","460","Abomasnow","Estándar","Dream Ball (V)","DREAM_BALL","0","551"
"461:552:ORIGIN_MARK:consola-virtual","461","Weavile","Estándar","Consola Virtual","ORIGIN_MARK","1","552"
"461:552:ORIGIN_MARK:sin-marca-gen-3-5","461","Weavile","Estándar","Sin marca (Gen 3-5)","ORIGIN_MARK","1","552"
"461:552:ORIGIN_MARK:kalos","461","Weavile","Estándar","Kalos","ORIGIN_MARK","1","552"
"461:552:ORIGIN_MARK:alola","461","Weavile","Estándar","Alola","ORIGIN_MARK","1","552"
"461:552:ORIGIN_MARK:pokemon-go","461","Weavile","Estándar","Pokémon GO","ORIGIN_MARK","0","552"
"461:552:ORIGIN_MARK:galar","461","Weavile","Estándar","Galar","ORIGIN_MARK","1","552"
"461:552:ORIGIN_MARK:sinnoh-bdsp","461","Weavile","Estándar","Sinnoh (BDSP)","ORIGIN_MARK","0","552"
"461:552:ORIGIN_MARK:hisui-legends-arceus","461","Weavile","Estándar","Hisui (Legends: Arceus)","ORIGIN_MARK","0","552"
"461:552:ORIGIN_MARK:paldea","461","Weavile","Estándar","Paldea","ORIGIN_MARK","1","552"
"461:552:ORIGIN_MARK:legends-z-a","461","Weavile","Estándar","Legends: Z-A","ORIGIN_MARK","0","552"
"461:552:DREAM_BALL:dream-ball-v","461","Weavile","Estándar","Dream Ball (V)","DREAM_BALL","0","552"
"461:552:COLO_XD:colo-xd","461","Weavile","Estándar","Colo/XD","COLO_XD","1","552"
"462:553:ORIGIN_MARK:consola-virtual","462","Magnezone","Estándar","Consola Virtual","ORIGIN_MARK","1","553"
"462:553:ORIGIN_MARK:sin-marca-gen-3-5","462","Magnezone","Estándar","Sin marca (Gen 3-5)","ORIGIN_MARK","1","553"
"462:553:ORIGIN_MARK:kalos","462","Magnezone","Estándar","Kalos","ORIGIN_MARK","1","553"
"462:553:ORIGIN_MARK:alola","462","Magnezone","Estándar","Alola","ORIGIN_MARK","1","553"
"462:553:ORIGIN_MARK:pokemon-go","462","Magnezone","Estándar","Pokémon GO","ORIGIN_MARK","0","553"
"462:553:ORIGIN_MARK:let-s-go","462","Magnezone","Estándar","Let's Go","ORIGIN_MARK","0","553"
"462:553:ORIGIN_MARK:galar","462","Magnezone","Estándar","Galar","ORIGIN_MARK","1","553"
"462:553:ORIGIN_MARK:sinnoh-bdsp","462","Magnezone","Estándar","Sinnoh (BDSP)","ORIGIN_MARK","0","553"
"462:553:ORIGIN_MARK:hisui-legends-arceus","462","Magnezone","Estándar","Hisui (Legends: Arceus)","ORIGIN_MARK","0","553"
"462:553:ORIGIN_MARK:paldea","462","Magnezone","Estándar","Paldea","ORIGIN_MARK","1","553"
"462:553:ORIGIN_MARK:legends-z-a","462","Magnezone","Estándar","Legends: Z-A","ORIGIN_MARK","0","553"
"462:553:DREAM_BALL:dream-ball-v","462","Magnezone","Estándar","Dream Ball (V)","DREAM_BALL","0","553"
"462:553:COLO_XD:colo-xd","462","Magnezone","Estándar","Colo/XD","COLO_XD","0","553"
"463:554:ORIGIN_MARK:consola-virtual","463","Lickilicky","Estándar","Consola Virtual","ORIGIN_MARK","1","554"
"463:554:ORIGIN_MARK:sin-marca-gen-3-5","463","Lickilicky","Estándar","Sin marca (Gen 3-5)","ORIGIN_MARK","1","554"
"463:554:ORIGIN_MARK:kalos","463","Lickilicky","Estándar","Kalos","ORIGIN_MARK","1","554"
"463:554:ORIGIN_MARK:alola","463","Lickilicky","Estándar","Alola","ORIGIN_MARK","1","554"
"463:554:ORIGIN_MARK:pokemon-go","463","Lickilicky","Estándar","Pokémon GO","ORIGIN_MARK","0","554"
"463:554:ORIGIN_MARK:let-s-go","463","Lickilicky","Estándar","Let's Go","ORIGIN_MARK","0","554"
"463:554:ORIGIN_MARK:galar","463","Lickilicky","Estándar","Galar","ORIGIN_MARK","1","554"
"463:554:ORIGIN_MARK:sinnoh-bdsp","463","Lickilicky","Estándar","Sinnoh (BDSP)","ORIGIN_MARK","0","554"
"463:554:ORIGIN_MARK:hisui-legends-arceus","463","Lickilicky","Estándar","Hisui (Legends: Arceus)","ORIGIN_MARK","0","554"
"463:554:ORIGIN_MARK:legends-z-a","463","Lickilicky","Estándar","Legends: Z-A","ORIGIN_MARK","0","554"
"463:554:DREAM_BALL:dream-ball-v","463","Lickilicky","Estándar","Dream Ball (V)","DREAM_BALL","1","554"
"463:554:COLO_XD:colo-xd","463","Lickilicky","Estándar","Colo/XD","COLO_XD","0","554"
"464:555:ORIGIN_MARK:consola-virtual","464","Rhyperior","Estándar","Consola Virtual","ORIGIN_MARK","1","555"
"464:555:ORIGIN_MARK:sin-marca-gen-3-5","464","Rhyperior","Estándar","Sin marca (Gen 3-5)","ORIGIN_MARK","1","555"
"464:555:ORIGIN_MARK:kalos","464","Rhyperior","Estándar","Kalos","ORIGIN_MARK","1","555"
"464:555:ORIGIN_MARK:alola","464","Rhyperior","Estándar","Alola","ORIGIN_MARK","1","555"
"464:555:ORIGIN_MARK:pokemon-go","464","Rhyperior","Estándar","Pokémon GO","ORIGIN_MARK","0","555"
"464:555:ORIGIN_MARK:let-s-go","464","Rhyperior","Estándar","Let's Go","ORIGIN_MARK","0","555"
"464:555:ORIGIN_MARK:galar","464","Rhyperior","Estándar","Galar","ORIGIN_MARK","1","555"
"464:555:ORIGIN_MARK:sinnoh-bdsp","464","Rhyperior","Estándar","Sinnoh (BDSP)","ORIGIN_MARK","0","555"
"464:555:ORIGIN_MARK:hisui-legends-arceus","464","Rhyperior","Estándar","Hisui (Legends: Arceus)","ORIGIN_MARK","0","555"
"464:555:ORIGIN_MARK:paldea","464","Rhyperior","Estándar","Paldea","ORIGIN_MARK","1","555"
"464:555:ORIGIN_MARK:legends-z-a","464","Rhyperior","Estándar","Legends: Z-A","ORIGIN_MARK","0","555"
"464:555:DREAM_BALL:dream-ball-v","464","Rhyperior","Estándar","Dream Ball (V)","DREAM_BALL","0","555"
"464:555:COLO_XD:colo-xd","464","Rhyperior","Estándar","Colo/XD","COLO_XD","0","555"
"465:556:ORIGIN_MARK:consola-virtual","465","Tangrowth","Estándar","Consola Virtual","ORIGIN_MARK","1","556"
"465:556:ORIGIN_MARK:sin-marca-gen-3-5","465","Tangrowth","Estándar","Sin marca (Gen 3-5)","ORIGIN_MARK","1","556"
"465:556:ORIGIN_MARK:kalos","465","Tangrowth","Estándar","Kalos","ORIGIN_MARK","1","556"
"465:556:ORIGIN_MARK:alola","465","Tangrowth","Estándar","Alola","ORIGIN_MARK","1","556"
"465:556:ORIGIN_MARK:pokemon-go","465","Tangrowth","Estándar","Pokémon GO","ORIGIN_MARK","0","556"
"465:556:ORIGIN_MARK:let-s-go","465","Tangrowth","Estándar","Let's Go","ORIGIN_MARK","0","556"
"465:556:ORIGIN_MARK:galar","465","Tangrowth","Estándar","Galar","ORIGIN_MARK","1","556"
"465:556:ORIGIN_MARK:sinnoh-bdsp","465","Tangrowth","Estándar","Sinnoh (BDSP)","ORIGIN_MARK","0","556"
"465:556:ORIGIN_MARK:hisui-legends-arceus","465","Tangrowth","Estándar","Hisui (Legends: Arceus)","ORIGIN_MARK","0","556"
"465:556:ORIGIN_MARK:legends-z-a","465","Tangrowth","Estándar","Legends: Z-A","ORIGIN_MARK","0","556"
"465:556:DREAM_BALL:dream-ball-v","465","Tangrowth","Estándar","Dream Ball (V)","DREAM_BALL","0","556"
"465:556:COLO_XD:colo-xd","465","Tangrowth","Estándar","Colo/XD","COLO_XD","0","556"
"466:557:ORIGIN_MARK:consola-virtual","466","Electivire","Estándar","Consola Virtual","ORIGIN_MARK","1","557"
"466:557:ORIGIN_MARK:sin-marca-gen-3-5","466","Electivire","Estándar","Sin marca (Gen 3-5)","ORIGIN_MARK","1","557"
"466:557:ORIGIN_MARK:kalos","466","Electivire","Estándar","Kalos","ORIGIN_MARK","1","557"
"466:557:ORIGIN_MARK:alola","466","Electivire","Estándar","Alola","ORIGIN_MARK","1","557"
"466:557:ORIGIN_MARK:pokemon-go","466","Electivire","Estándar","Pokémon GO","ORIGIN_MARK","0","557"
"466:557:ORIGIN_MARK:let-s-go","466","Electivire","Estándar","Let's Go","ORIGIN_MARK","0","557"
"466:557:ORIGIN_MARK:galar","466","Electivire","Estándar","Galar","ORIGIN_MARK","1","557"
"466:557:ORIGIN_MARK:sinnoh-bdsp","466","Electivire","Estándar","Sinnoh (BDSP)","ORIGIN_MARK","0","557"
"466:557:ORIGIN_MARK:hisui-legends-arceus","466","Electivire","Estándar","Hisui (Legends: Arceus)","ORIGIN_MARK","0","557"
"466:557:ORIGIN_MARK:paldea","466","Electivire","Estándar","Paldea","ORIGIN_MARK","1","557"
"466:557:ORIGIN_MARK:legends-z-a","466","Electivire","Estándar","Legends: Z-A","ORIGIN_MARK","0","557"
"466:557:DREAM_BALL:dream-ball-v","466","Electivire","Estándar","Dream Ball (V)","DREAM_BALL","0","557"
"467:558:ORIGIN_MARK:consola-virtual","467","Magmortar","Estándar","Consola Virtual","ORIGIN_MARK","1","558"
"467:558:ORIGIN_MARK:sin-marca-gen-3-5","467","Magmortar","Estándar","Sin marca (Gen 3-5)","ORIGIN_MARK","1","558"
"467:558:ORIGIN_MARK:kalos","467","Magmortar","Estándar","Kalos","ORIGIN_MARK","1","558"
"467:558:ORIGIN_MARK:alola","467","Magmortar","Estándar","Alola","ORIGIN_MARK","1","558"
"467:558:ORIGIN_MARK:pokemon-go","467","Magmortar","Estándar","Pokémon GO","ORIGIN_MARK","0","558"
"467:558:ORIGIN_MARK:let-s-go","467","Magmortar","Estándar","Let's Go","ORIGIN_MARK","0","558"
"467:558:ORIGIN_MARK:galar","467","Magmortar","Estándar","Galar","ORIGIN_MARK","1","558"
"467:558:ORIGIN_MARK:sinnoh-bdsp","467","Magmortar","Estándar","Sinnoh (BDSP)","ORIGIN_MARK","0","558"
"467:558:ORIGIN_MARK:hisui-legends-arceus","467","Magmortar","Estándar","Hisui (Legends: Arceus)","ORIGIN_MARK","0","558"
"467:558:ORIGIN_MARK:paldea","467","Magmortar","Estándar","Paldea","ORIGIN_MARK","1","558"
"467:558:ORIGIN_MARK:legends-z-a","467","Magmortar","Estándar","Legends: Z-A","ORIGIN_MARK","0","558"
"467:558:DREAM_BALL:dream-ball-v","467","Magmortar","Estándar","Dream Ball (V)","DREAM_BALL","0","558"
"468:559:ORIGIN_MARK:consola-virtual","468","Togekiss","Estándar","Consola Virtual","ORIGIN_MARK","1","559"
"468:559:ORIGIN_MARK:sin-marca-gen-3-5","468","Togekiss","Estándar","Sin marca (Gen 3-5)","ORIGIN_MARK","1","559"
"468:559:ORIGIN_MARK:kalos","468","Togekiss","Estándar","Kalos","ORIGIN_MARK","1","559"
"468:559:ORIGIN_MARK:alola","468","Togekiss","Estándar","Alola","ORIGIN_MARK","1","559"
"468:559:ORIGIN_MARK:pokemon-go","468","Togekiss","Estándar","Pokémon GO","ORIGIN_MARK","0","559"
"468:559:ORIGIN_MARK:galar","468","Togekiss","Estándar","Galar","ORIGIN_MARK","1","559"
"468:559:ORIGIN_MARK:sinnoh-bdsp","468","Togekiss","Estándar","Sinnoh (BDSP)","ORIGIN_MARK","0","559"
"468:559:ORIGIN_MARK:hisui-legends-arceus","468","Togekiss","Estándar","Hisui (Legends: Arceus)","ORIGIN_MARK","0","559"
"468:559:ORIGIN_MARK:legends-z-a","468","Togekiss","Estándar","Legends: Z-A","ORIGIN_MARK","0","559"
"468:559:DREAM_BALL:dream-ball-v","468","Togekiss","Estándar","Dream Ball (V)","DREAM_BALL","1","559"
"468:559:COLO_XD:colo-xd","468","Togekiss","Estándar","Colo/XD","COLO_XD","0","559"
"469:560:ORIGIN_MARK:consola-virtual","469","Yanmega","Estándar","Consola Virtual","ORIGIN_MARK","1","560"
"469:560:ORIGIN_MARK:sin-marca-gen-3-5","469","Yanmega","Estándar","Sin marca (Gen 3-5)","ORIGIN_MARK","1","560"
"469:560:ORIGIN_MARK:kalos","469","Yanmega","Estándar","Kalos","ORIGIN_MARK","1","560"
"469:560:ORIGIN_MARK:alola","469","Yanmega","Estándar","Alola","ORIGIN_MARK","1","560"
"469:560:ORIGIN_MARK:pokemon-go","469","Yanmega","Estándar","Pokémon GO","ORIGIN_MARK","0","560"
"469:560:ORIGIN_MARK:sinnoh-bdsp","469","Yanmega","Estándar","Sinnoh (BDSP)","ORIGIN_MARK","0","560"
"469:560:ORIGIN_MARK:hisui-legends-arceus","469","Yanmega","Estándar","Hisui (Legends: Arceus)","ORIGIN_MARK","0","560"
"469:560:ORIGIN_MARK:paldea","469","Yanmega","Estándar","Paldea","ORIGIN_MARK","1","560"
"469:560:ORIGIN_MARK:legends-z-a","469","Yanmega","Estándar","Legends: Z-A","ORIGIN_MARK","0","560"
"469:560:DREAM_BALL:dream-ball-v","469","Yanmega","Estándar","Dream Ball (V)","DREAM_BALL","0","560"
"469:560:COLO_XD:colo-xd","469","Yanmega","Estándar","Colo/XD","COLO_XD","0","560"
"470:561:ORIGIN_MARK:consola-virtual","470","Leafeon","Estándar","Consola Virtual","ORIGIN_MARK","1","561"
"470:561:ORIGIN_MARK:sin-marca-gen-3-5","470","Leafeon","Estándar","Sin marca (Gen 3-5)","ORIGIN_MARK","1","561"
"470:561:ORIGIN_MARK:kalos","470","Leafeon","Estándar","Kalos","ORIGIN_MARK","1","561"
"470:561:ORIGIN_MARK:alola","470","Leafeon","Estándar","Alola","ORIGIN_MARK","1","561"
"470:561:ORIGIN_MARK:pokemon-go","470","Leafeon","Estándar","Pokémon GO","ORIGIN_MARK","0","561"
"470:561:ORIGIN_MARK:let-s-go","470","Leafeon","Estándar","Let's Go","ORIGIN_MARK","0","561"
"470:561:ORIGIN_MARK:galar","470","Leafeon","Estándar","Galar","ORIGIN_MARK","1","561"
"470:561:ORIGIN_MARK:sinnoh-bdsp","470","Leafeon","Estándar","Sinnoh (BDSP)","ORIGIN_MARK","0","561"
"470:561:ORIGIN_MARK:hisui-legends-arceus","470","Leafeon","Estándar","Hisui (Legends: Arceus)","ORIGIN_MARK","0","561"
"470:561:ORIGIN_MARK:paldea","470","Leafeon","Estándar","Paldea","ORIGIN_MARK","1","561"
"470:561:ORIGIN_MARK:legends-z-a","470","Leafeon","Estándar","Legends: Z-A","ORIGIN_MARK","0","561"
"470:561:DREAM_BALL:dream-ball-v","470","Leafeon","Estándar","Dream Ball (V)","DREAM_BALL","1","561"
"471:562:ORIGIN_MARK:consola-virtual","471","Glaceon","Estándar","Consola Virtual","ORIGIN_MARK","1","562"
"471:562:ORIGIN_MARK:sin-marca-gen-3-5","471","Glaceon","Estándar","Sin marca (Gen 3-5)","ORIGIN_MARK","1","562"
"471:562:ORIGIN_MARK:kalos","471","Glaceon","Estándar","Kalos","ORIGIN_MARK","1","562"
"471:562:ORIGIN_MARK:alola","471","Glaceon","Estándar","Alola","ORIGIN_MARK","1","562"
"471:562:ORIGIN_MARK:pokemon-go","471","Glaceon","Estándar","Pokémon GO","ORIGIN_MARK","0","562"
"471:562:ORIGIN_MARK:let-s-go","471","Glaceon","Estándar","Let's Go","ORIGIN_MARK","0","562"
"471:562:ORIGIN_MARK:galar","471","Glaceon","Estándar","Galar","ORIGIN_MARK","1","562"
"471:562:ORIGIN_MARK:sinnoh-bdsp","471","Glaceon","Estándar","Sinnoh (BDSP)","ORIGIN_MARK","0","562"
"471:562:ORIGIN_MARK:hisui-legends-arceus","471","Glaceon","Estándar","Hisui (Legends: Arceus)","ORIGIN_MARK","0","562"
"471:562:ORIGIN_MARK:paldea","471","Glaceon","Estándar","Paldea","ORIGIN_MARK","1","562"
"471:562:ORIGIN_MARK:legends-z-a","471","Glaceon","Estándar","Legends: Z-A","ORIGIN_MARK","0","562"
"471:562:DREAM_BALL:dream-ball-v","471","Glaceon","Estándar","Dream Ball (V)","DREAM_BALL","1","562"
"472:563:ORIGIN_MARK:consola-virtual","472","Gliscor","Estándar","Consola Virtual","ORIGIN_MARK","1","563"
"472:563:ORIGIN_MARK:sin-marca-gen-3-5","472","Gliscor","Estándar","Sin marca (Gen 3-5)","ORIGIN_MARK","1","563"
"472:563:ORIGIN_MARK:kalos","472","Gliscor","Estándar","Kalos","ORIGIN_MARK","1","563"
"472:563:ORIGIN_MARK:alola","472","Gliscor","Estándar","Alola","ORIGIN_MARK","1","563"
"472:563:ORIGIN_MARK:pokemon-go","472","Gliscor","Estándar","Pokémon GO","ORIGIN_MARK","0","563"
"472:563:ORIGIN_MARK:sinnoh-bdsp","472","Gliscor","Estándar","Sinnoh (BDSP)","ORIGIN_MARK","0","563"
"472:563:ORIGIN_MARK:hisui-legends-arceus","472","Gliscor","Estándar","Hisui (Legends: Arceus)","ORIGIN_MARK","0","563"
"472:563:ORIGIN_MARK:paldea","472","Gliscor","Estándar","Paldea","ORIGIN_MARK","1","563"
"472:563:ORIGIN_MARK:legends-z-a","472","Gliscor","Estándar","Legends: Z-A","ORIGIN_MARK","0","563"
"472:563:DREAM_BALL:dream-ball-v","472","Gliscor","Estándar","Dream Ball (V)","DREAM_BALL","0","563"
"472:563:COLO_XD:colo-xd","472","Gliscor","Estándar","Colo/XD","COLO_XD","0","563"
"473:564:ORIGIN_MARK:consola-virtual","473","Mamoswine","Estándar","Consola Virtual","ORIGIN_MARK","1","564"
"473:564:ORIGIN_MARK:sin-marca-gen-3-5","473","Mamoswine","Estándar","Sin marca (Gen 3-5)","ORIGIN_MARK","1","564"
"473:564:ORIGIN_MARK:kalos","473","Mamoswine","Estándar","Kalos","ORIGIN_MARK","1","564"
"473:564:ORIGIN_MARK:alola","473","Mamoswine","Estándar","Alola","ORIGIN_MARK","1","564"
"473:564:ORIGIN_MARK:pokemon-go","473","Mamoswine","Estándar","Pokémon GO","ORIGIN_MARK","0","564"
"473:564:ORIGIN_MARK:galar","473","Mamoswine","Estándar","Galar","ORIGIN_MARK","1","564"
"473:564:ORIGIN_MARK:sinnoh-bdsp","473","Mamoswine","Estándar","Sinnoh (BDSP)","ORIGIN_MARK","0","564"
"473:564:ORIGIN_MARK:hisui-legends-arceus","473","Mamoswine","Estándar","Hisui (Legends: Arceus)","ORIGIN_MARK","0","564"
"473:564:ORIGIN_MARK:paldea","473","Mamoswine","Estándar","Paldea","ORIGIN_MARK","1","564"
"473:564:ORIGIN_MARK:legends-z-a","473","Mamoswine","Estándar","Legends: Z-A","ORIGIN_MARK","0","564"
"473:564:DREAM_BALL:dream-ball-v","473","Mamoswine","Estándar","Dream Ball (V)","DREAM_BALL","1","564"
"473:564:COLO_XD:colo-xd","473","Mamoswine","Estándar","Colo/XD","COLO_XD","0","564"
"474:565:ORIGIN_MARK:consola-virtual","474","Porygon-Z","Estándar","Consola Virtual","ORIGIN_MARK","1","565"
"474:565:ORIGIN_MARK:sin-marca-gen-3-5","474","Porygon-Z","Estándar","Sin marca (Gen 3-5)","ORIGIN_MARK","1","565"
"474:565:ORIGIN_MARK:kalos","474","Porygon-Z","Estándar","Kalos","ORIGIN_MARK","1","565"
"474:565:ORIGIN_MARK:alola","474","Porygon-Z","Estándar","Alola","ORIGIN_MARK","1","565"
"474:565:ORIGIN_MARK:pokemon-go","474","Porygon-Z","Estándar","Pokémon GO","ORIGIN_MARK","0","565"
"474:565:ORIGIN_MARK:let-s-go","474","Porygon-Z","Estándar","Let's Go","ORIGIN_MARK","0","565"
"474:565:ORIGIN_MARK:galar","474","Porygon-Z","Estándar","Galar","ORIGIN_MARK","1","565"
"474:565:ORIGIN_MARK:sinnoh-bdsp","474","Porygon-Z","Estándar","Sinnoh (BDSP)","ORIGIN_MARK","0","565"
"474:565:ORIGIN_MARK:hisui-legends-arceus","474","Porygon-Z","Estándar","Hisui (Legends: Arceus)","ORIGIN_MARK","0","565"
"474:565:ORIGIN_MARK:paldea","474","Porygon-Z","Estándar","Paldea","ORIGIN_MARK","1","565"
"474:565:ORIGIN_MARK:legends-z-a","474","Porygon-Z","Estándar","Legends: Z-A","ORIGIN_MARK","0","565"
"474:565:DREAM_BALL:dream-ball-v","474","Porygon-Z","Estándar","Dream Ball (V)","DREAM_BALL","0","565"
"475:566:ORIGIN_MARK:sin-marca-gen-3-5","475","Gallade","Estándar","Sin marca (Gen 3-5)","ORIGIN_MARK","1","566"
"475:566:ORIGIN_MARK:kalos","475","Gallade","Estándar","Kalos","ORIGIN_MARK","1","566"
"475:566:ORIGIN_MARK:alola","475","Gallade","Estándar","Alola","ORIGIN_MARK","1","566"
"475:566:ORIGIN_MARK:pokemon-go","475","Gallade","Estándar","Pokémon GO","ORIGIN_MARK","1","566"
"475:566:ORIGIN_MARK:galar","475","Gallade","Estándar","Galar","ORIGIN_MARK","1","566"
"475:566:ORIGIN_MARK:sinnoh-bdsp","475","Gallade","Estándar","Sinnoh (BDSP)","ORIGIN_MARK","0","566"
"475:566:ORIGIN_MARK:hisui-legends-arceus","475","Gallade","Estándar","Hisui (Legends: Arceus)","ORIGIN_MARK","0","566"
"475:566:ORIGIN_MARK:paldea","475","Gallade","Estándar","Paldea","ORIGIN_MARK","1","566"
"475:566:ORIGIN_MARK:legends-z-a","475","Gallade","Estándar","Legends: Z-A","ORIGIN_MARK","0","566"
"475:566:DREAM_BALL:dream-ball-v","475","Gallade","Estándar","Dream Ball (V)","DREAM_BALL","0","566"
"475:566:COLO_XD:colo-xd","475","Gallade","Estándar","Colo/XD","COLO_XD","1","566"
"476:567:ORIGIN_MARK:sin-marca-gen-3-5","476","Probopass","Estándar","Sin marca (Gen 3-5)","ORIGIN_MARK","1","567"
"476:567:ORIGIN_MARK:kalos","476","Probopass","Estándar","Kalos","ORIGIN_MARK","1","567"
"476:567:ORIGIN_MARK:alola","476","Probopass","Estándar","Alola","ORIGIN_MARK","1","567"
"476:567:ORIGIN_MARK:pokemon-go","476","Probopass","Estándar","Pokémon GO","ORIGIN_MARK","0","567"
"476:567:ORIGIN_MARK:sinnoh-bdsp","476","Probopass","Estándar","Sinnoh (BDSP)","ORIGIN_MARK","0","567"
"476:567:ORIGIN_MARK:hisui-legends-arceus","476","Probopass","Estándar","Hisui (Legends: Arceus)","ORIGIN_MARK","0","567"
"476:567:ORIGIN_MARK:paldea","476","Probopass","Estándar","Paldea","ORIGIN_MARK","1","567"
"476:567:ORIGIN_MARK:legends-z-a","476","Probopass","Estándar","Legends: Z-A","ORIGIN_MARK","0","567"
"476:567:DREAM_BALL:dream-ball-v","476","Probopass","Estándar","Dream Ball (V)","DREAM_BALL","0","567"
"476:567:COLO_XD:colo-xd","476","Probopass","Estándar","Colo/XD","COLO_XD","0","567"
"477:568:ORIGIN_MARK:sin-marca-gen-3-5","477","Dusknoir","Estándar","Sin marca (Gen 3-5)","ORIGIN_MARK","1","568"
"477:568:ORIGIN_MARK:kalos","477","Dusknoir","Estándar","Kalos","ORIGIN_MARK","1","568"
"477:568:ORIGIN_MARK:alola","477","Dusknoir","Estándar","Alola","ORIGIN_MARK","1","568"
"477:568:ORIGIN_MARK:pokemon-go","477","Dusknoir","Estándar","Pokémon GO","ORIGIN_MARK","0","568"
"477:568:ORIGIN_MARK:galar","477","Dusknoir","Estándar","Galar","ORIGIN_MARK","1","568"
"477:568:ORIGIN_MARK:sinnoh-bdsp","477","Dusknoir","Estándar","Sinnoh (BDSP)","ORIGIN_MARK","0","568"
"477:568:ORIGIN_MARK:hisui-legends-arceus","477","Dusknoir","Estándar","Hisui (Legends: Arceus)","ORIGIN_MARK","0","568"
"477:568:ORIGIN_MARK:paldea","477","Dusknoir","Estándar","Paldea","ORIGIN_MARK","1","568"
"477:568:ORIGIN_MARK:legends-z-a","477","Dusknoir","Estándar","Legends: Z-A","ORIGIN_MARK","0","568"
"477:568:DREAM_BALL:dream-ball-v","477","Dusknoir","Estándar","Dream Ball (V)","DREAM_BALL","0","568"
"477:568:COLO_XD:colo-xd","477","Dusknoir","Estándar","Colo/XD","COLO_XD","0","568"
"478:569:ORIGIN_MARK:sin-marca-gen-3-5","478","Froslass","Estándar","Sin marca (Gen 3-5)","ORIGIN_MARK","1","569"
"478:569:ORIGIN_MARK:kalos","478","Froslass","Estándar","Kalos","ORIGIN_MARK","1","569"
"478:569:ORIGIN_MARK:alola","478","Froslass","Estándar","Alola","ORIGIN_MARK","1","569"
"478:569:ORIGIN_MARK:pokemon-go","478","Froslass","Estándar","Pokémon GO","ORIGIN_MARK","0","569"
"478:569:ORIGIN_MARK:galar","478","Froslass","Estándar","Galar","ORIGIN_MARK","1","569"
"478:569:ORIGIN_MARK:sinnoh-bdsp","478","Froslass","Estándar","Sinnoh (BDSP)","ORIGIN_MARK","0","569"
"478:569:ORIGIN_MARK:hisui-legends-arceus","478","Froslass","Estándar","Hisui (Legends: Arceus)","ORIGIN_MARK","0","569"
"478:569:ORIGIN_MARK:paldea","478","Froslass","Estándar","Paldea","ORIGIN_MARK","1","569"
"478:569:ORIGIN_MARK:legends-z-a","478","Froslass","Estándar","Legends: Z-A","ORIGIN_MARK","0","569"
"478:569:DREAM_BALL:dream-ball-v","478","Froslass","Estándar","Dream Ball (V)","DREAM_BALL","0","569"
"478:569:COLO_XD:colo-xd","478","Froslass","Estándar","Colo/XD","COLO_XD","1","569"
"479:570:ORIGIN_MARK:sin-marca-gen-3-5","479","Rotom","Estándar","Sin marca (Gen 3-5)","ORIGIN_MARK","1","570"
"479:570:ORIGIN_MARK:kalos","479","Rotom","Estándar","Kalos","ORIGIN_MARK","1","570"
"479:570:ORIGIN_MARK:alola","479","Rotom","Estándar","Alola","ORIGIN_MARK","1","570"
"479:570:ORIGIN_MARK:pokemon-go","479","Rotom","Estándar","Pokémon GO","ORIGIN_MARK","0","570"
"479:570:ORIGIN_MARK:galar","479","Rotom","Estándar","Galar","ORIGIN_MARK","1","570"
"479:570:ORIGIN_MARK:sinnoh-bdsp","479","Rotom","Estándar","Sinnoh (BDSP)","ORIGIN_MARK","0","570"
"479:570:ORIGIN_MARK:hisui-legends-arceus","479","Rotom","Estándar","Hisui (Legends: Arceus)","ORIGIN_MARK","0","570"
"479:570:ORIGIN_MARK:paldea","479","Rotom","Estándar","Paldea","ORIGIN_MARK","1","570"
"479:570:ORIGIN_MARK:legends-z-a","479","Rotom","Estándar","Legends: Z-A","ORIGIN_MARK","0","570"
"479:570:DREAM_BALL:dream-ball-v","479","Rotom","Estándar","Dream Ball (V)","DREAM_BALL","1","570"
"479:571:ORIGIN_MARK:sin-marca-gen-3-5","479","Rotom Heat","Heat","Sin marca (Gen 3-5)","ORIGIN_MARK","1","571"
"479:571:ORIGIN_MARK:kalos","479","Rotom Heat","Heat","Kalos","ORIGIN_MARK","1","571"
"479:571:ORIGIN_MARK:alola","479","Rotom Heat","Heat","Alola","ORIGIN_MARK","1","571"
"479:571:ORIGIN_MARK:pokemon-go","479","Rotom Heat","Heat","Pokémon GO","ORIGIN_MARK","0","571"
"479:571:ORIGIN_MARK:galar","479","Rotom Heat","Heat","Galar","ORIGIN_MARK","0","571"
"479:571:ORIGIN_MARK:sinnoh-bdsp","479","Rotom Heat","Heat","Sinnoh (BDSP)","ORIGIN_MARK","0","571"
"479:571:ORIGIN_MARK:hisui-legends-arceus","479","Rotom Heat","Heat","Hisui (Legends: Arceus)","ORIGIN_MARK","0","571"
"479:571:ORIGIN_MARK:paldea","479","Rotom Heat","Heat","Paldea","ORIGIN_MARK","1","571"
"479:571:ORIGIN_MARK:legends-z-a","479","Rotom Heat","Heat","Legends: Z-A","ORIGIN_MARK","0","571"
"479:571:DREAM_BALL:dream-ball-v","479","Rotom Heat","Heat","Dream Ball (V)","DREAM_BALL","0","571"
"479:572:ORIGIN_MARK:sin-marca-gen-3-5","479","Rotom Wash","Wash","Sin marca (Gen 3-5)","ORIGIN_MARK","1","572"
"479:572:ORIGIN_MARK:kalos","479","Rotom Wash","Wash","Kalos","ORIGIN_MARK","1","572"
"479:572:ORIGIN_MARK:alola","479","Rotom Wash","Wash","Alola","ORIGIN_MARK","1","572"
"479:572:ORIGIN_MARK:pokemon-go","479","Rotom Wash","Wash","Pokémon GO","ORIGIN_MARK","0","572"
"479:572:ORIGIN_MARK:galar","479","Rotom Wash","Wash","Galar","ORIGIN_MARK","0","572"
"479:572:ORIGIN_MARK:sinnoh-bdsp","479","Rotom Wash","Wash","Sinnoh (BDSP)","ORIGIN_MARK","0","572"
"479:572:ORIGIN_MARK:hisui-legends-arceus","479","Rotom Wash","Wash","Hisui (Legends: Arceus)","ORIGIN_MARK","0","572"
"479:572:ORIGIN_MARK:paldea","479","Rotom Wash","Wash","Paldea","ORIGIN_MARK","1","572"
"479:572:ORIGIN_MARK:legends-z-a","479","Rotom Wash","Wash","Legends: Z-A","ORIGIN_MARK","0","572"
"479:572:DREAM_BALL:dream-ball-v","479","Rotom Wash","Wash","Dream Ball (V)","DREAM_BALL","0","572"
"479:573:ORIGIN_MARK:sin-marca-gen-3-5","479","Rotom Fridge","Fridge","Sin marca (Gen 3-5)","ORIGIN_MARK","1","573"
"479:573:ORIGIN_MARK:kalos","479","Rotom Fridge","Fridge","Kalos","ORIGIN_MARK","1","573"
"479:573:ORIGIN_MARK:alola","479","Rotom Fridge","Fridge","Alola","ORIGIN_MARK","1","573"
"479:573:ORIGIN_MARK:pokemon-go","479","Rotom Fridge","Fridge","Pokémon GO","ORIGIN_MARK","0","573"
"479:573:ORIGIN_MARK:galar","479","Rotom Fridge","Fridge","Galar","ORIGIN_MARK","0","573"
"479:573:ORIGIN_MARK:sinnoh-bdsp","479","Rotom Fridge","Fridge","Sinnoh (BDSP)","ORIGIN_MARK","0","573"
"479:573:ORIGIN_MARK:hisui-legends-arceus","479","Rotom Fridge","Fridge","Hisui (Legends: Arceus)","ORIGIN_MARK","0","573"
"479:573:ORIGIN_MARK:paldea","479","Rotom Fridge","Fridge","Paldea","ORIGIN_MARK","1","573"
"479:573:ORIGIN_MARK:legends-z-a","479","Rotom Fridge","Fridge","Legends: Z-A","ORIGIN_MARK","0","573"
"479:573:DREAM_BALL:dream-ball-v","479","Rotom Fridge","Fridge","Dream Ball (V)","DREAM_BALL","0","573"
"479:574:ORIGIN_MARK:sin-marca-gen-3-5","479","Rotom Fan","Fan","Sin marca (Gen 3-5)","ORIGIN_MARK","1","574"
"479:574:ORIGIN_MARK:kalos","479","Rotom Fan","Fan","Kalos","ORIGIN_MARK","1","574"
"479:574:ORIGIN_MARK:alola","479","Rotom Fan","Fan","Alola","ORIGIN_MARK","1","574"
"479:574:ORIGIN_MARK:pokemon-go","479","Rotom Fan","Fan","Pokémon GO","ORIGIN_MARK","0","574"
"479:574:ORIGIN_MARK:galar","479","Rotom Fan","Fan","Galar","ORIGIN_MARK","0","574"
"479:574:ORIGIN_MARK:sinnoh-bdsp","479","Rotom Fan","Fan","Sinnoh (BDSP)","ORIGIN_MARK","0","574"
"479:574:ORIGIN_MARK:hisui-legends-arceus","479","Rotom Fan","Fan","Hisui (Legends: Arceus)","ORIGIN_MARK","0","574"
"479:574:ORIGIN_MARK:paldea","479","Rotom Fan","Fan","Paldea","ORIGIN_MARK","1","574"
"479:574:ORIGIN_MARK:legends-z-a","479","Rotom Fan","Fan","Legends: Z-A","ORIGIN_MARK","0","574"
"479:574:DREAM_BALL:dream-ball-v","479","Rotom Fan","Fan","Dream Ball (V)","DREAM_BALL","0","574"
"479:575:ORIGIN_MARK:sin-marca-gen-3-5","479","Rotom Mow","Mow","Sin marca (Gen 3-5)","ORIGIN_MARK","1","575"
"479:575:ORIGIN_MARK:kalos","479","Rotom Mow","Mow","Kalos","ORIGIN_MARK","1","575"
"479:575:ORIGIN_MARK:alola","479","Rotom Mow","Mow","Alola","ORIGIN_MARK","1","575"
"479:575:ORIGIN_MARK:pokemon-go","479","Rotom Mow","Mow","Pokémon GO","ORIGIN_MARK","0","575"
"479:575:ORIGIN_MARK:galar","479","Rotom Mow","Mow","Galar","ORIGIN_MARK","0","575"
"479:575:ORIGIN_MARK:sinnoh-bdsp","479","Rotom Mow","Mow","Sinnoh (BDSP)","ORIGIN_MARK","0","575"
"479:575:ORIGIN_MARK:hisui-legends-arceus","479","Rotom Mow","Mow","Hisui (Legends: Arceus)","ORIGIN_MARK","0","575"
"479:575:ORIGIN_MARK:paldea","479","Rotom Mow","Mow","Paldea","ORIGIN_MARK","1","575"
"479:575:ORIGIN_MARK:legends-z-a","479","Rotom Mow","Mow","Legends: Z-A","ORIGIN_MARK","0","575"
"479:575:DREAM_BALL:dream-ball-v","479","Rotom Mow","Mow","Dream Ball (V)","DREAM_BALL","0","575"
"480:576:ORIGIN_MARK:sin-marca-gen-3-5","480","Uxie","Estándar","Sin marca (Gen 3-5)","ORIGIN_MARK","1","576"
"480:576:ORIGIN_MARK:kalos","480","Uxie","Estándar","Kalos","ORIGIN_MARK","1","576"
"480:576:ORIGIN_MARK:alola","480","Uxie","Estándar","Alola","ORIGIN_MARK","1","576"
"480:576:ORIGIN_MARK:pokemon-go","480","Uxie","Estándar","Pokémon GO","ORIGIN_MARK","0","576"
"480:576:ORIGIN_MARK:galar","480","Uxie","Estándar","Galar","ORIGIN_MARK","1","576"
"480:576:ORIGIN_MARK:sinnoh-bdsp","480","Uxie","Estándar","Sinnoh (BDSP)","ORIGIN_MARK","0","576"
"480:576:ORIGIN_MARK:hisui-legends-arceus","480","Uxie","Estándar","Hisui (Legends: Arceus)","ORIGIN_MARK","0","576"
"481:577:ORIGIN_MARK:sin-marca-gen-3-5","481","Mesprit","Estándar","Sin marca (Gen 3-5)","ORIGIN_MARK","1","577"
"481:577:ORIGIN_MARK:kalos","481","Mesprit","Estándar","Kalos","ORIGIN_MARK","1","577"
"481:577:ORIGIN_MARK:alola","481","Mesprit","Estándar","Alola","ORIGIN_MARK","1","577"
"481:577:ORIGIN_MARK:pokemon-go","481","Mesprit","Estándar","Pokémon GO","ORIGIN_MARK","1","577"
"481:577:ORIGIN_MARK:galar","481","Mesprit","Estándar","Galar","ORIGIN_MARK","1","577"
"481:577:ORIGIN_MARK:sinnoh-bdsp","481","Mesprit","Estándar","Sinnoh (BDSP)","ORIGIN_MARK","0","577"
"481:577:ORIGIN_MARK:hisui-legends-arceus","481","Mesprit","Estándar","Hisui (Legends: Arceus)","ORIGIN_MARK","0","577"
"482:578:ORIGIN_MARK:sin-marca-gen-3-5","482","Azelf","Estándar","Sin marca (Gen 3-5)","ORIGIN_MARK","1","578"
"482:578:ORIGIN_MARK:kalos","482","Azelf","Estándar","Kalos","ORIGIN_MARK","1","578"
"482:578:ORIGIN_MARK:alola","482","Azelf","Estándar","Alola","ORIGIN_MARK","1","578"
"482:578:ORIGIN_MARK:pokemon-go","482","Azelf","Estándar","Pokémon GO","ORIGIN_MARK","0","578"
"482:578:ORIGIN_MARK:galar","482","Azelf","Estándar","Galar","ORIGIN_MARK","1","578"
"482:578:ORIGIN_MARK:sinnoh-bdsp","482","Azelf","Estándar","Sinnoh (BDSP)","ORIGIN_MARK","0","578"
"482:578:ORIGIN_MARK:hisui-legends-arceus","482","Azelf","Estándar","Hisui (Legends: Arceus)","ORIGIN_MARK","0","578"
"483:579:ORIGIN_MARK:sin-marca-gen-3-5","483","Dialga","Estándar","Sin marca (Gen 3-5)","ORIGIN_MARK","1","579"
"483:579:ORIGIN_MARK:kalos","483","Dialga","Estándar","Kalos","ORIGIN_MARK","1","579"
"483:579:ORIGIN_MARK:alola","483","Dialga","Estándar","Alola","ORIGIN_MARK","1","579"
"483:579:ORIGIN_MARK:pokemon-go","483","Dialga","Estándar","Pokémon GO","ORIGIN_MARK","0","579"
"483:579:ORIGIN_MARK:galar","483","Dialga","Estándar","Galar","ORIGIN_MARK","1","579"
"483:579:ORIGIN_MARK:sinnoh-bdsp","483","Dialga","Estándar","Sinnoh (BDSP)","ORIGIN_MARK","0","579"
"483:579:ORIGIN_MARK:hisui-legends-arceus","483","Dialga","Estándar","Hisui (Legends: Arceus)","ORIGIN_MARK","0","579"
"483:579:ORIGIN_MARK:legends-z-a","483","Dialga","Estándar","Legends: Z-A","ORIGIN_MARK","0","579"
"483:579:DREAM_BALL:dream-ball-v","483","Dialga","Estándar","Dream Ball (V)","DREAM_BALL","1","579"
"484:580:ORIGIN_MARK:sin-marca-gen-3-5","484","Palkia","Estándar","Sin marca (Gen 3-5)","ORIGIN_MARK","1","580"
"484:580:ORIGIN_MARK:kalos","484","Palkia","Estándar","Kalos","ORIGIN_MARK","1","580"
"484:580:ORIGIN_MARK:alola","484","Palkia","Estándar","Alola","ORIGIN_MARK","1","580"
"484:580:ORIGIN_MARK:pokemon-go","484","Palkia","Estándar","Pokémon GO","ORIGIN_MARK","0","580"
"484:580:ORIGIN_MARK:galar","484","Palkia","Estándar","Galar","ORIGIN_MARK","1","580"
"484:580:ORIGIN_MARK:sinnoh-bdsp","484","Palkia","Estándar","Sinnoh (BDSP)","ORIGIN_MARK","0","580"
"484:580:ORIGIN_MARK:hisui-legends-arceus","484","Palkia","Estándar","Hisui (Legends: Arceus)","ORIGIN_MARK","0","580"
"484:580:ORIGIN_MARK:legends-z-a","484","Palkia","Estándar","Legends: Z-A","ORIGIN_MARK","0","580"
"484:580:DREAM_BALL:dream-ball-v","484","Palkia","Estándar","Dream Ball (V)","DREAM_BALL","1","580"
"485:581:ORIGIN_MARK:sin-marca-gen-3-5","485","Heatran","Estándar","Sin marca (Gen 3-5)","ORIGIN_MARK","1","581"
"485:581:ORIGIN_MARK:kalos","485","Heatran","Estándar","Kalos","ORIGIN_MARK","1","581"
"485:581:ORIGIN_MARK:alola","485","Heatran","Estándar","Alola","ORIGIN_MARK","1","581"
"485:581:ORIGIN_MARK:pokemon-go","485","Heatran","Estándar","Pokémon GO","ORIGIN_MARK","1","581"
"485:581:ORIGIN_MARK:galar","485","Heatran","Estándar","Galar","ORIGIN_MARK","0","581"
"485:581:ORIGIN_MARK:sinnoh-bdsp","485","Heatran","Estándar","Sinnoh (BDSP)","ORIGIN_MARK","0","581"
"485:581:ORIGIN_MARK:hisui-legends-arceus","485","Heatran","Estándar","Hisui (Legends: Arceus)","ORIGIN_MARK","0","581"
"486:582:ORIGIN_MARK:sin-marca-gen-3-5","486","Regigigas","Estándar","Sin marca (Gen 3-5)","ORIGIN_MARK","1","582"
"486:582:ORIGIN_MARK:kalos","486","Regigigas","Estándar","Kalos","ORIGIN_MARK","1","582"
"486:582:ORIGIN_MARK:alola","486","Regigigas","Estándar","Alola","ORIGIN_MARK","1","582"
"486:582:ORIGIN_MARK:pokemon-go","486","Regigigas","Estándar","Pokémon GO","ORIGIN_MARK","0","582"
"486:582:ORIGIN_MARK:galar","486","Regigigas","Estándar","Galar","ORIGIN_MARK","1","582"
"486:582:ORIGIN_MARK:sinnoh-bdsp","486","Regigigas","Estándar","Sinnoh (BDSP)","ORIGIN_MARK","0","582"
"486:582:ORIGIN_MARK:hisui-legends-arceus","486","Regigigas","Estándar","Hisui (Legends: Arceus)","ORIGIN_MARK","0","582"
"487:583:ORIGIN_MARK:sin-marca-gen-3-5","487","Giratina","Estándar","Sin marca (Gen 3-5)","ORIGIN_MARK","1","583"
"487:583:ORIGIN_MARK:kalos","487","Giratina","Estándar","Kalos","ORIGIN_MARK","1","583"
"487:583:ORIGIN_MARK:alola","487","Giratina","Estándar","Alola","ORIGIN_MARK","1","583"
"487:583:ORIGIN_MARK:pokemon-go","487","Giratina","Estándar","Pokémon GO","ORIGIN_MARK","1","583"
"487:583:ORIGIN_MARK:galar","487","Giratina","Estándar","Galar","ORIGIN_MARK","1","583"
"487:583:ORIGIN_MARK:sinnoh-bdsp","487","Giratina","Estándar","Sinnoh (BDSP)","ORIGIN_MARK","0","583"
"487:583:ORIGIN_MARK:hisui-legends-arceus","487","Giratina","Estándar","Hisui (Legends: Arceus)","ORIGIN_MARK","0","583"
"487:583:ORIGIN_MARK:legends-z-a","487","Giratina","Estándar","Legends: Z-A","ORIGIN_MARK","0","583"
"487:583:DREAM_BALL:dream-ball-v","487","Giratina","Estándar","Dream Ball (V)","DREAM_BALL","1","583"
"488:584:ORIGIN_MARK:sin-marca-gen-3-5","488","Cresselia","Estándar","Sin marca (Gen 3-5)","ORIGIN_MARK","1","584"
"488:584:ORIGIN_MARK:kalos","488","Cresselia","Estándar","Kalos","ORIGIN_MARK","1","584"
"488:584:ORIGIN_MARK:alola","488","Cresselia","Estándar","Alola","ORIGIN_MARK","1","584"
"488:584:ORIGIN_MARK:pokemon-go","488","Cresselia","Estándar","Pokémon GO","ORIGIN_MARK","1","584"
"488:584:ORIGIN_MARK:galar","488","Cresselia","Estándar","Galar","ORIGIN_MARK","0","584"
"488:584:ORIGIN_MARK:sinnoh-bdsp","488","Cresselia","Estándar","Sinnoh (BDSP)","ORIGIN_MARK","0","584"
"488:584:ORIGIN_MARK:hisui-legends-arceus","488","Cresselia","Estándar","Hisui (Legends: Arceus)","ORIGIN_MARK","0","584"
"489:585:ORIGIN_MARK:sin-marca-gen-3-5","489","Phione","Estándar","Sin marca (Gen 3-5)","ORIGIN_MARK","1","585"
"489:585:ORIGIN_MARK:kalos","489","Phione","Estándar","Kalos","ORIGIN_MARK","1","585"
"489:585:ORIGIN_MARK:alola","489","Phione","Estándar","Alola","ORIGIN_MARK","1","585"
"489:585:ORIGIN_MARK:sinnoh-bdsp","489","Phione","Estándar","Sinnoh (BDSP)","ORIGIN_MARK","0","585"
"489:585:ORIGIN_MARK:hisui-legends-arceus","489","Phione","Estándar","Hisui (Legends: Arceus)","ORIGIN_MARK","0","585"
"490:586:ORIGIN_MARK:sin-marca-gen-3-5","490","Manaphy","Estándar","Sin marca (Gen 3-5)","ORIGIN_MARK","1","586"
"490:586:ORIGIN_MARK:sinnoh-bdsp","490","Manaphy","Estándar","Sinnoh (BDSP)","ORIGIN_MARK","0","586"
"490:586:ORIGIN_MARK:hisui-legends-arceus","490","Manaphy","Estándar","Hisui (Legends: Arceus)","ORIGIN_MARK","0","586"
"491:587:ORIGIN_MARK:sin-marca-gen-3-5","491","Darkrai","Estándar","Sin marca (Gen 3-5)","ORIGIN_MARK","1","587"
"491:587:ORIGIN_MARK:pokemon-go","491","Darkrai","Estándar","Pokémon GO","ORIGIN_MARK","1","587"
"491:587:ORIGIN_MARK:sinnoh-bdsp","491","Darkrai","Estándar","Sinnoh (BDSP)","ORIGIN_MARK","0","587"
"491:587:ORIGIN_MARK:hisui-legends-arceus","491","Darkrai","Estándar","Hisui (Legends: Arceus)","ORIGIN_MARK","0","587"
"492:588:ORIGIN_MARK:sin-marca-gen-3-5","492","Shaymin","Estándar","Sin marca (Gen 3-5)","ORIGIN_MARK","1","588"
"492:588:ORIGIN_MARK:pokemon-go","492","Shaymin","Estándar","Pokémon GO","ORIGIN_MARK","0","588"
"492:588:ORIGIN_MARK:sinnoh-bdsp","492","Shaymin","Estándar","Sinnoh (BDSP)","ORIGIN_MARK","0","588"
"492:588:ORIGIN_MARK:hisui-legends-arceus","492","Shaymin","Estándar","Hisui (Legends: Arceus)","ORIGIN_MARK","0","588"
"493:589:ORIGIN_MARK:kalos","493","Arceus","Estándar","Kalos","ORIGIN_MARK","1","589"
"493:589:ORIGIN_MARK:sinnoh-bdsp","493","Arceus","Estándar","Sinnoh (BDSP)","ORIGIN_MARK","0","589"
"493:589:ORIGIN_MARK:hisui-legends-arceus","493","Arceus","Estándar","Hisui (Legends: Arceus)","ORIGIN_MARK","0","589"
"493:589:ORIGIN_MARK:legends-z-a","493","Arceus","Estándar","Legends: Z-A","ORIGIN_MARK","0","589"
"493:589:DREAM_BALL:dream-ball-v","493","Arceus","Estándar","Dream Ball (V)","DREAM_BALL","1","589"
"494:590:ORIGIN_MARK:pokemon-go","494","Victini","Estándar","Pokémon GO","ORIGIN_MARK","0","590"
"495:591:ORIGIN_MARK:sin-marca-gen-3-5","495","Snivy","Estándar","Sin marca (Gen 3-5)","ORIGIN_MARK","1","591"
"495:591:ORIGIN_MARK:kalos","495","Snivy","Estándar","Kalos","ORIGIN_MARK","1","591"
"495:591:ORIGIN_MARK:alola","495","Snivy","Estándar","Alola","ORIGIN_MARK","1","591"
"495:591:ORIGIN_MARK:pokemon-go","495","Snivy","Estándar","Pokémon GO","ORIGIN_MARK","0","591"
"495:591:ORIGIN_MARK:paldea","495","Snivy","Estándar","Paldea","ORIGIN_MARK","1","591"
"496:592:ORIGIN_MARK:sin-marca-gen-3-5","496","Servine","Estándar","Sin marca (Gen 3-5)","ORIGIN_MARK","1","592"
"496:592:ORIGIN_MARK:kalos","496","Servine","Estándar","Kalos","ORIGIN_MARK","1","592"
"496:592:ORIGIN_MARK:alola","496","Servine","Estándar","Alola","ORIGIN_MARK","1","592"
"496:592:ORIGIN_MARK:pokemon-go","496","Servine","Estándar","Pokémon GO","ORIGIN_MARK","0","592"
"496:592:ORIGIN_MARK:paldea","496","Servine","Estándar","Paldea","ORIGIN_MARK","1","592"
"497:593:ORIGIN_MARK:sin-marca-gen-3-5","497","Serperior","Estándar","Sin marca (Gen 3-5)","ORIGIN_MARK","1","593"
"497:593:ORIGIN_MARK:kalos","497","Serperior","Estándar","Kalos","ORIGIN_MARK","1","593"
"497:593:ORIGIN_MARK:alola","497","Serperior","Estándar","Alola","ORIGIN_MARK","1","593"
"497:593:ORIGIN_MARK:pokemon-go","497","Serperior","Estándar","Pokémon GO","ORIGIN_MARK","0","593"
"497:593:ORIGIN_MARK:paldea","497","Serperior","Estándar","Paldea","ORIGIN_MARK","1","593"
"498:594:ORIGIN_MARK:sin-marca-gen-3-5","498","Tepig","Estándar","Sin marca (Gen 3-5)","ORIGIN_MARK","1","594"
"498:594:ORIGIN_MARK:kalos","498","Tepig","Estándar","Kalos","ORIGIN_MARK","1","594"
"498:594:ORIGIN_MARK:alola","498","Tepig","Estándar","Alola","ORIGIN_MARK","1","594"
"498:594:ORIGIN_MARK:pokemon-go","498","Tepig","Estándar","Pokémon GO","ORIGIN_MARK","0","594"
"498:594:ORIGIN_MARK:paldea","498","Tepig","Estándar","Paldea","ORIGIN_MARK","1","594"
"499:595:ORIGIN_MARK:sin-marca-gen-3-5","499","Pignite","Estándar","Sin marca (Gen 3-5)","ORIGIN_MARK","1","595"
"499:595:ORIGIN_MARK:kalos","499","Pignite","Estándar","Kalos","ORIGIN_MARK","1","595"
"499:595:ORIGIN_MARK:alola","499","Pignite","Estándar","Alola","ORIGIN_MARK","1","595"
"499:595:ORIGIN_MARK:pokemon-go","499","Pignite","Estándar","Pokémon GO","ORIGIN_MARK","0","595"
"499:595:ORIGIN_MARK:paldea","499","Pignite","Estándar","Paldea","ORIGIN_MARK","1","595"
"500:596:ORIGIN_MARK:sin-marca-gen-3-5","500","Emboar","Estándar","Sin marca (Gen 3-5)","ORIGIN_MARK","1","596"
"500:596:ORIGIN_MARK:kalos","500","Emboar","Estándar","Kalos","ORIGIN_MARK","1","596"
"500:596:ORIGIN_MARK:alola","500","Emboar","Estándar","Alola","ORIGIN_MARK","1","596"
"500:596:ORIGIN_MARK:pokemon-go","500","Emboar","Estándar","Pokémon GO","ORIGIN_MARK","0","596"
"500:596:ORIGIN_MARK:paldea","500","Emboar","Estándar","Paldea","ORIGIN_MARK","1","596"
"501:597:ORIGIN_MARK:sin-marca-gen-3-5","501","Oshawott","Estándar","Sin marca (Gen 3-5)","ORIGIN_MARK","1","597"
"501:597:ORIGIN_MARK:kalos","501","Oshawott","Estándar","Kalos","ORIGIN_MARK","1","597"
"501:597:ORIGIN_MARK:alola","501","Oshawott","Estándar","Alola","ORIGIN_MARK","1","597"
"501:597:ORIGIN_MARK:pokemon-go","501","Oshawott","Estándar","Pokémon GO","ORIGIN_MARK","1","597"
"501:597:ORIGIN_MARK:hisui-legends-arceus","501","Oshawott","Estándar","Hisui (Legends: Arceus)","ORIGIN_MARK","0","597"
"501:597:ORIGIN_MARK:paldea","501","Oshawott","Estándar","Paldea","ORIGIN_MARK","1","597"
"502:598:ORIGIN_MARK:sin-marca-gen-3-5","502","Dewott","Estándar","Sin marca (Gen 3-5)","ORIGIN_MARK","1","598"
"502:598:ORIGIN_MARK:kalos","502","Dewott","Estándar","Kalos","ORIGIN_MARK","1","598"
"502:598:ORIGIN_MARK:alola","502","Dewott","Estándar","Alola","ORIGIN_MARK","1","598"
"502:598:ORIGIN_MARK:pokemon-go","502","Dewott","Estándar","Pokémon GO","ORIGIN_MARK","1","598"
"502:598:ORIGIN_MARK:hisui-legends-arceus","502","Dewott","Estándar","Hisui (Legends: Arceus)","ORIGIN_MARK","0","598"
"502:598:ORIGIN_MARK:paldea","502","Dewott","Estándar","Paldea","ORIGIN_MARK","1","598"
"503:599:ORIGIN_MARK:sin-marca-gen-3-5","503","Samurott","Estándar","Sin marca (Gen 3-5)","ORIGIN_MARK","1","599"
"503:599:ORIGIN_MARK:kalos","503","Samurott","Estándar","Kalos","ORIGIN_MARK","1","599"
"503:599:ORIGIN_MARK:alola","503","Samurott","Estándar","Alola","ORIGIN_MARK","1","599"
"503:599:ORIGIN_MARK:pokemon-go","503","Samurott","Estándar","Pokémon GO","ORIGIN_MARK","1","599"
"503:599:ORIGIN_MARK:hisui-legends-arceus","503","Samurott","Estándar","Hisui (Legends: Arceus)","ORIGIN_MARK","0","599"
"503:599:ORIGIN_MARK:paldea","503","Samurott","Estándar","Paldea","ORIGIN_MARK","1","599"
"503:600:ORIGIN_MARK:sin-marca-gen-3-5","503","Samurott hisui","hisui","Sin marca (Gen 3-5)","ORIGIN_MARK","1","600"
"503:600:ORIGIN_MARK:kalos","503","Samurott hisui","hisui","Kalos","ORIGIN_MARK","1","600"
"503:600:ORIGIN_MARK:alola","503","Samurott hisui","hisui","Alola","ORIGIN_MARK","1","600"
"503:600:ORIGIN_MARK:pokemon-go","503","Samurott hisui","hisui","Pokémon GO","ORIGIN_MARK","1","600"
"503:600:ORIGIN_MARK:hisui-legends-arceus","503","Samurott hisui","hisui","Hisui (Legends: Arceus)","ORIGIN_MARK","0","600"
"503:600:ORIGIN_MARK:paldea","503","Samurott hisui","hisui","Paldea","ORIGIN_MARK","1","600"
"504:601:ORIGIN_MARK:sin-marca-gen-3-5","504","Patrat","Estándar","Sin marca (Gen 3-5)","ORIGIN_MARK","1","601"
"504:601:ORIGIN_MARK:kalos","504","Patrat","Estándar","Kalos","ORIGIN_MARK","1","601"
"504:601:ORIGIN_MARK:alola","504","Patrat","Estándar","Alola","ORIGIN_MARK","1","601"
"504:601:ORIGIN_MARK:pokemon-go","504","Patrat","Estándar","Pokémon GO","ORIGIN_MARK","0","601"
"505:602:ORIGIN_MARK:sin-marca-gen-3-5","505","Watchog","Estándar","Sin marca (Gen 3-5)","ORIGIN_MARK","1","602"
"505:602:ORIGIN_MARK:kalos","505","Watchog","Estándar","Kalos","ORIGIN_MARK","1","602"
"505:602:ORIGIN_MARK:alola","505","Watchog","Estándar","Alola","ORIGIN_MARK","1","602"
"505:602:ORIGIN_MARK:pokemon-go","505","Watchog","Estándar","Pokémon GO","ORIGIN_MARK","0","602"
"506:603:ORIGIN_MARK:sin-marca-gen-3-5","506","Lillipup","Estándar","Sin marca (Gen 3-5)","ORIGIN_MARK","1","603"
"506:603:ORIGIN_MARK:kalos","506","Lillipup","Estándar","Kalos","ORIGIN_MARK","1","603"
"506:603:ORIGIN_MARK:alola","506","Lillipup","Estándar","Alola","ORIGIN_MARK","1","603"
"506:603:ORIGIN_MARK:pokemon-go","506","Lillipup","Estándar","Pokémon GO","ORIGIN_MARK","0","603"
"506:603:ORIGIN_MARK:galar","506","Lillipup","Estándar","Galar","ORIGIN_MARK","1","603"
"507:604:ORIGIN_MARK:sin-marca-gen-3-5","507","Herdier","Estándar","Sin marca (Gen 3-5)","ORIGIN_MARK","1","604"
"507:604:ORIGIN_MARK:kalos","507","Herdier","Estándar","Kalos","ORIGIN_MARK","1","604"
"507:604:ORIGIN_MARK:alola","507","Herdier","Estándar","Alola","ORIGIN_MARK","1","604"
"507:604:ORIGIN_MARK:pokemon-go","507","Herdier","Estándar","Pokémon GO","ORIGIN_MARK","0","604"
"507:604:ORIGIN_MARK:galar","507","Herdier","Estándar","Galar","ORIGIN_MARK","1","604"
"508:605:ORIGIN_MARK:sin-marca-gen-3-5","508","Stoutland","Estándar","Sin marca (Gen 3-5)","ORIGIN_MARK","1","605"
"508:605:ORIGIN_MARK:kalos","508","Stoutland","Estándar","Kalos","ORIGIN_MARK","1","605"
"508:605:ORIGIN_MARK:alola","508","Stoutland","Estándar","Alola","ORIGIN_MARK","1","605"
"508:605:ORIGIN_MARK:pokemon-go","508","Stoutland","Estándar","Pokémon GO","ORIGIN_MARK","0","605"
"508:605:ORIGIN_MARK:galar","508","Stoutland","Estándar","Galar","ORIGIN_MARK","1","605"
"509:606:ORIGIN_MARK:sin-marca-gen-3-5","509","Purrloin","Estándar","Sin marca (Gen 3-5)","ORIGIN_MARK","1","606"
"509:606:ORIGIN_MARK:kalos","509","Purrloin","Estándar","Kalos","ORIGIN_MARK","1","606"
"509:606:ORIGIN_MARK:alola","509","Purrloin","Estándar","Alola","ORIGIN_MARK","1","606"
"509:606:ORIGIN_MARK:pokemon-go","509","Purrloin","Estándar","Pokémon GO","ORIGIN_MARK","0","606"
"509:606:ORIGIN_MARK:galar","509","Purrloin","Estándar","Galar","ORIGIN_MARK","1","606"
"510:607:ORIGIN_MARK:sin-marca-gen-3-5","510","Liepard","Estándar","Sin marca (Gen 3-5)","ORIGIN_MARK","1","607"
"510:607:ORIGIN_MARK:kalos","510","Liepard","Estándar","Kalos","ORIGIN_MARK","1","607"
"510:607:ORIGIN_MARK:alola","510","Liepard","Estándar","Alola","ORIGIN_MARK","1","607"
"510:607:ORIGIN_MARK:pokemon-go","510","Liepard","Estándar","Pokémon GO","ORIGIN_MARK","0","607"
"510:607:ORIGIN_MARK:galar","510","Liepard","Estándar","Galar","ORIGIN_MARK","1","607"
"511:608:ORIGIN_MARK:sin-marca-gen-3-5","511","Pansage","Estándar","Sin marca (Gen 3-5)","ORIGIN_MARK","1","608"
"511:608:ORIGIN_MARK:kalos","511","Pansage","Estándar","Kalos","ORIGIN_MARK","1","608"
"511:608:ORIGIN_MARK:alola","511","Pansage","Estándar","Alola","ORIGIN_MARK","1","608"
"511:608:ORIGIN_MARK:pokemon-go","511","Pansage","Estándar","Pokémon GO","ORIGIN_MARK","0","608"
"511:608:ORIGIN_MARK:legends-z-a","511","Pansage","Estándar","Legends: Z-A","ORIGIN_MARK","0","608"
"511:608:DREAM_BALL:dream-ball-v","511","Pansage","Estándar","Dream Ball (V)","DREAM_BALL","0","608"
"512:609:ORIGIN_MARK:sin-marca-gen-3-5","512","Simisage","Estándar","Sin marca (Gen 3-5)","ORIGIN_MARK","1","609"
"512:609:ORIGIN_MARK:kalos","512","Simisage","Estándar","Kalos","ORIGIN_MARK","1","609"
"512:609:ORIGIN_MARK:alola","512","Simisage","Estándar","Alola","ORIGIN_MARK","1","609"
"512:609:ORIGIN_MARK:pokemon-go","512","Simisage","Estándar","Pokémon GO","ORIGIN_MARK","0","609"
"512:609:ORIGIN_MARK:legends-z-a","512","Simisage","Estándar","Legends: Z-A","ORIGIN_MARK","0","609"
"512:609:DREAM_BALL:dream-ball-v","512","Simisage","Estándar","Dream Ball (V)","DREAM_BALL","0","609"
"513:610:ORIGIN_MARK:sin-marca-gen-3-5","513","Pansear","Estándar","Sin marca (Gen 3-5)","ORIGIN_MARK","1","610"
"513:610:ORIGIN_MARK:kalos","513","Pansear","Estándar","Kalos","ORIGIN_MARK","1","610"
"513:610:ORIGIN_MARK:alola","513","Pansear","Estándar","Alola","ORIGIN_MARK","1","610"
"513:610:ORIGIN_MARK:pokemon-go","513","Pansear","Estándar","Pokémon GO","ORIGIN_MARK","0","610"
"513:610:ORIGIN_MARK:legends-z-a","513","Pansear","Estándar","Legends: Z-A","ORIGIN_MARK","0","610"
"513:610:DREAM_BALL:dream-ball-v","513","Pansear","Estándar","Dream Ball (V)","DREAM_BALL","0","610"
"514:611:ORIGIN_MARK:sin-marca-gen-3-5","514","Simisear","Estándar","Sin marca (Gen 3-5)","ORIGIN_MARK","1","611"
"514:611:ORIGIN_MARK:kalos","514","Simisear","Estándar","Kalos","ORIGIN_MARK","1","611"
"514:611:ORIGIN_MARK:alola","514","Simisear","Estándar","Alola","ORIGIN_MARK","1","611"
"514:611:ORIGIN_MARK:pokemon-go","514","Simisear","Estándar","Pokémon GO","ORIGIN_MARK","0","611"
"514:611:ORIGIN_MARK:legends-z-a","514","Simisear","Estándar","Legends: Z-A","ORIGIN_MARK","0","611"
"514:611:DREAM_BALL:dream-ball-v","514","Simisear","Estándar","Dream Ball (V)","DREAM_BALL","0","611"
"515:612:ORIGIN_MARK:sin-marca-gen-3-5","515","Panpour","Estándar","Sin marca (Gen 3-5)","ORIGIN_MARK","1","612"
"515:612:ORIGIN_MARK:kalos","515","Panpour","Estándar","Kalos","ORIGIN_MARK","1","612"
"515:612:ORIGIN_MARK:alola","515","Panpour","Estándar","Alola","ORIGIN_MARK","1","612"
"515:612:ORIGIN_MARK:pokemon-go","515","Panpour","Estándar","Pokémon GO","ORIGIN_MARK","0","612"
"515:612:ORIGIN_MARK:legends-z-a","515","Panpour","Estándar","Legends: Z-A","ORIGIN_MARK","0","612"
"515:612:DREAM_BALL:dream-ball-v","515","Panpour","Estándar","Dream Ball (V)","DREAM_BALL","0","612"
"516:613:ORIGIN_MARK:sin-marca-gen-3-5","516","Simipour","Estándar","Sin marca (Gen 3-5)","ORIGIN_MARK","1","613"
"516:613:ORIGIN_MARK:kalos","516","Simipour","Estándar","Kalos","ORIGIN_MARK","1","613"
"516:613:ORIGIN_MARK:alola","516","Simipour","Estándar","Alola","ORIGIN_MARK","1","613"
"516:613:ORIGIN_MARK:pokemon-go","516","Simipour","Estándar","Pokémon GO","ORIGIN_MARK","0","613"
"516:613:ORIGIN_MARK:legends-z-a","516","Simipour","Estándar","Legends: Z-A","ORIGIN_MARK","0","613"
"516:613:DREAM_BALL:dream-ball-v","516","Simipour","Estándar","Dream Ball (V)","DREAM_BALL","0","613"
"517:614:ORIGIN_MARK:sin-marca-gen-3-5","517","Munna","Estándar","Sin marca (Gen 3-5)","ORIGIN_MARK","1","614"
"517:614:ORIGIN_MARK:kalos","517","Munna","Estándar","Kalos","ORIGIN_MARK","1","614"
"517:614:ORIGIN_MARK:alola","517","Munna","Estándar","Alola","ORIGIN_MARK","1","614"
"517:614:ORIGIN_MARK:pokemon-go","517","Munna","Estándar","Pokémon GO","ORIGIN_MARK","0","614"
"517:614:ORIGIN_MARK:galar","517","Munna","Estándar","Galar","ORIGIN_MARK","1","614"
"517:614:ORIGIN_MARK:legends-z-a","517","Munna","Estándar","Legends: Z-A","ORIGIN_MARK","0","614"
"517:614:DREAM_BALL:dream-ball-v","517","Munna","Estándar","Dream Ball (V)","DREAM_BALL","0","614"
"518:615:ORIGIN_MARK:sin-marca-gen-3-5","518","Musharna","Estándar","Sin marca (Gen 3-5)","ORIGIN_MARK","1","615"
"518:615:ORIGIN_MARK:kalos","518","Musharna","Estándar","Kalos","ORIGIN_MARK","1","615"
"518:615:ORIGIN_MARK:alola","518","Musharna","Estándar","Alola","ORIGIN_MARK","1","615"
"518:615:ORIGIN_MARK:pokemon-go","518","Musharna","Estándar","Pokémon GO","ORIGIN_MARK","0","615"
"518:615:ORIGIN_MARK:galar","518","Musharna","Estándar","Galar","ORIGIN_MARK","1","615"
"518:615:ORIGIN_MARK:legends-z-a","518","Musharna","Estándar","Legends: Z-A","ORIGIN_MARK","0","615"
"518:615:DREAM_BALL:dream-ball-v","518","Musharna","Estándar","Dream Ball (V)","DREAM_BALL","0","615"
"519:616:ORIGIN_MARK:sin-marca-gen-3-5","519","Pidove","Estándar","Sin marca (Gen 3-5)","ORIGIN_MARK","1","616"
"519:616:ORIGIN_MARK:kalos","519","Pidove","Estándar","Kalos","ORIGIN_MARK","1","616"
"519:616:ORIGIN_MARK:alola","519","Pidove","Estándar","Alola","ORIGIN_MARK","1","616"
"519:616:ORIGIN_MARK:pokemon-go","519","Pidove","Estándar","Pokémon GO","ORIGIN_MARK","0","616"
"519:616:ORIGIN_MARK:galar","519","Pidove","Estándar","Galar","ORIGIN_MARK","1","616"
"519:616:ORIGIN_MARK:legends-z-a","519","Pidove","Estándar","Legends: Z-A","ORIGIN_MARK","0","616"
"519:616:DREAM_BALL:dream-ball-v","519","Pidove","Estándar","Dream Ball (V)","DREAM_BALL","0","616"
"520:617:ORIGIN_MARK:sin-marca-gen-3-5","520","Tranquill","Estándar","Sin marca (Gen 3-5)","ORIGIN_MARK","1","617"
"520:617:ORIGIN_MARK:kalos","520","Tranquill","Estándar","Kalos","ORIGIN_MARK","1","617"
"520:617:ORIGIN_MARK:alola","520","Tranquill","Estándar","Alola","ORIGIN_MARK","1","617"
"520:617:ORIGIN_MARK:pokemon-go","520","Tranquill","Estándar","Pokémon GO","ORIGIN_MARK","0","617"
"520:617:ORIGIN_MARK:galar","520","Tranquill","Estándar","Galar","ORIGIN_MARK","1","617"
"520:617:ORIGIN_MARK:legends-z-a","520","Tranquill","Estándar","Legends: Z-A","ORIGIN_MARK","0","617"
"520:617:DREAM_BALL:dream-ball-v","520","Tranquill","Estándar","Dream Ball (V)","DREAM_BALL","0","617"
"521:618:ORIGIN_MARK:sin-marca-gen-3-5","521","Unfezant","Estándar","Sin marca (Gen 3-5)","ORIGIN_MARK","1","618"
"521:618:ORIGIN_MARK:kalos","521","Unfezant","Estándar","Kalos","ORIGIN_MARK","1","618"
"521:618:ORIGIN_MARK:alola","521","Unfezant","Estándar","Alola","ORIGIN_MARK","1","618"
"521:618:ORIGIN_MARK:pokemon-go","521","Unfezant","Estándar","Pokémon GO","ORIGIN_MARK","0","618"
"521:618:ORIGIN_MARK:galar","521","Unfezant","Estándar","Galar","ORIGIN_MARK","1","618"
"521:618:ORIGIN_MARK:legends-z-a","521","Unfezant","Estándar","Legends: Z-A","ORIGIN_MARK","0","618"
"521:618:DREAM_BALL:dream-ball-v","521","Unfezant","Estándar","Dream Ball (V)","DREAM_BALL","0","618"
"521:619:ORIGIN_MARK:sin-marca-gen-3-5","521","Unfezant female","female","Sin marca (Gen 3-5)","ORIGIN_MARK","1","619"
"521:619:ORIGIN_MARK:kalos","521","Unfezant female","female","Kalos","ORIGIN_MARK","1","619"
"521:619:ORIGIN_MARK:alola","521","Unfezant female","female","Alola","ORIGIN_MARK","1","619"
"521:619:ORIGIN_MARK:pokemon-go","521","Unfezant female","female","Pokémon GO","ORIGIN_MARK","0","619"
"521:619:ORIGIN_MARK:galar","521","Unfezant female","female","Galar","ORIGIN_MARK","1","619"
"521:619:ORIGIN_MARK:legends-z-a","521","Unfezant female","female","Legends: Z-A","ORIGIN_MARK","0","619"
"521:619:DREAM_BALL:dream-ball-v","521","Unfezant female","female","Dream Ball (V)","DREAM_BALL","0","619"
"522:620:ORIGIN_MARK:sin-marca-gen-3-5","522","Blitzle","Estándar","Sin marca (Gen 3-5)","ORIGIN_MARK","1","620"
"522:620:ORIGIN_MARK:kalos","522","Blitzle","Estándar","Kalos","ORIGIN_MARK","1","620"
"522:620:ORIGIN_MARK:alola","522","Blitzle","Estándar","Alola","ORIGIN_MARK","1","620"
"522:620:ORIGIN_MARK:pokemon-go","522","Blitzle","Estándar","Pokémon GO","ORIGIN_MARK","0","620"
"522:620:ORIGIN_MARK:paldea","522","Blitzle","Estándar","Paldea","ORIGIN_MARK","1","620"
"522:620:ORIGIN_MARK:legends-z-a","522","Blitzle","Estándar","Legends: Z-A","ORIGIN_MARK","0","620"
"522:620:DREAM_BALL:dream-ball-v","522","Blitzle","Estándar","Dream Ball (V)","DREAM_BALL","0","620"
"523:621:ORIGIN_MARK:sin-marca-gen-3-5","523","Zebstrika","Estándar","Sin marca (Gen 3-5)","ORIGIN_MARK","1","621"
"523:621:ORIGIN_MARK:kalos","523","Zebstrika","Estándar","Kalos","ORIGIN_MARK","1","621"
"523:621:ORIGIN_MARK:alola","523","Zebstrika","Estándar","Alola","ORIGIN_MARK","1","621"
"523:621:ORIGIN_MARK:pokemon-go","523","Zebstrika","Estándar","Pokémon GO","ORIGIN_MARK","0","621"
"523:621:ORIGIN_MARK:paldea","523","Zebstrika","Estándar","Paldea","ORIGIN_MARK","1","621"
"523:621:ORIGIN_MARK:legends-z-a","523","Zebstrika","Estándar","Legends: Z-A","ORIGIN_MARK","0","621"
"523:621:DREAM_BALL:dream-ball-v","523","Zebstrika","Estándar","Dream Ball (V)","DREAM_BALL","0","621"
"524:622:ORIGIN_MARK:sin-marca-gen-3-5","524","Roggenrola","Estándar","Sin marca (Gen 3-5)","ORIGIN_MARK","1","622"
"524:622:ORIGIN_MARK:kalos","524","Roggenrola","Estándar","Kalos","ORIGIN_MARK","1","622"
"524:622:ORIGIN_MARK:alola","524","Roggenrola","Estándar","Alola","ORIGIN_MARK","1","622"
"524:622:ORIGIN_MARK:pokemon-go","524","Roggenrola","Estándar","Pokémon GO","ORIGIN_MARK","1","622"
"524:622:ORIGIN_MARK:galar","524","Roggenrola","Estándar","Galar","ORIGIN_MARK","1","622"
"524:622:ORIGIN_MARK:legends-z-a","524","Roggenrola","Estándar","Legends: Z-A","ORIGIN_MARK","0","622"
"524:622:DREAM_BALL:dream-ball-v","524","Roggenrola","Estándar","Dream Ball (V)","DREAM_BALL","0","622"
"525:623:ORIGIN_MARK:sin-marca-gen-3-5","525","Boldore","Estándar","Sin marca (Gen 3-5)","ORIGIN_MARK","1","623"
"525:623:ORIGIN_MARK:kalos","525","Boldore","Estándar","Kalos","ORIGIN_MARK","1","623"
"525:623:ORIGIN_MARK:alola","525","Boldore","Estándar","Alola","ORIGIN_MARK","1","623"
"525:623:ORIGIN_MARK:pokemon-go","525","Boldore","Estándar","Pokémon GO","ORIGIN_MARK","1","623"
"525:623:ORIGIN_MARK:galar","525","Boldore","Estándar","Galar","ORIGIN_MARK","1","623"
"525:623:ORIGIN_MARK:legends-z-a","525","Boldore","Estándar","Legends: Z-A","ORIGIN_MARK","0","623"
"525:623:DREAM_BALL:dream-ball-v","525","Boldore","Estándar","Dream Ball (V)","DREAM_BALL","0","623"
"526:624:ORIGIN_MARK:sin-marca-gen-3-5","526","Gigalith","Estándar","Sin marca (Gen 3-5)","ORIGIN_MARK","1","624"
"526:624:ORIGIN_MARK:kalos","526","Gigalith","Estándar","Kalos","ORIGIN_MARK","1","624"
"526:624:ORIGIN_MARK:alola","526","Gigalith","Estándar","Alola","ORIGIN_MARK","1","624"
"526:624:ORIGIN_MARK:pokemon-go","526","Gigalith","Estándar","Pokémon GO","ORIGIN_MARK","0","624"
"526:624:ORIGIN_MARK:galar","526","Gigalith","Estándar","Galar","ORIGIN_MARK","1","624"
"526:624:ORIGIN_MARK:legends-z-a","526","Gigalith","Estándar","Legends: Z-A","ORIGIN_MARK","0","624"
"526:624:DREAM_BALL:dream-ball-v","526","Gigalith","Estándar","Dream Ball (V)","DREAM_BALL","0","624"
"527:625:ORIGIN_MARK:sin-marca-gen-3-5","527","Woobat","Estándar","Sin marca (Gen 3-5)","ORIGIN_MARK","1","625"
"527:625:ORIGIN_MARK:kalos","527","Woobat","Estándar","Kalos","ORIGIN_MARK","1","625"
"527:625:ORIGIN_MARK:alola","527","Woobat","Estándar","Alola","ORIGIN_MARK","1","625"
"527:625:ORIGIN_MARK:pokemon-go","527","Woobat","Estándar","Pokémon GO","ORIGIN_MARK","0","625"
"527:625:ORIGIN_MARK:galar","527","Woobat","Estándar","Galar","ORIGIN_MARK","1","625"
"528:626:ORIGIN_MARK:sin-marca-gen-3-5","528","Swoobat","Estándar","Sin marca (Gen 3-5)","ORIGIN_MARK","1","626"
"528:626:ORIGIN_MARK:kalos","528","Swoobat","Estándar","Kalos","ORIGIN_MARK","1","626"
"528:626:ORIGIN_MARK:alola","528","Swoobat","Estándar","Alola","ORIGIN_MARK","1","626"
"528:626:ORIGIN_MARK:pokemon-go","528","Swoobat","Estándar","Pokémon GO","ORIGIN_MARK","0","626"
"528:626:ORIGIN_MARK:galar","528","Swoobat","Estándar","Galar","ORIGIN_MARK","1","626"
"529:627:ORIGIN_MARK:sin-marca-gen-3-5","529","Drilbur","Estándar","Sin marca (Gen 3-5)","ORIGIN_MARK","1","627"
"529:627:ORIGIN_MARK:kalos","529","Drilbur","Estándar","Kalos","ORIGIN_MARK","1","627"
"529:627:ORIGIN_MARK:alola","529","Drilbur","Estándar","Alola","ORIGIN_MARK","1","627"
"529:627:ORIGIN_MARK:pokemon-go","529","Drilbur","Estándar","Pokémon GO","ORIGIN_MARK","0","627"
"529:627:ORIGIN_MARK:galar","529","Drilbur","Estándar","Galar","ORIGIN_MARK","1","627"
"529:627:ORIGIN_MARK:paldea","529","Drilbur","Estándar","Paldea","ORIGIN_MARK","1","627"
"529:627:ORIGIN_MARK:legends-z-a","529","Drilbur","Estándar","Legends: Z-A","ORIGIN_MARK","0","627"
"529:627:DREAM_BALL:dream-ball-v","529","Drilbur","Estándar","Dream Ball (V)","DREAM_BALL","0","627"
"530:628:ORIGIN_MARK:sin-marca-gen-3-5","530","Excadrill","Estándar","Sin marca (Gen 3-5)","ORIGIN_MARK","1","628"
"530:628:ORIGIN_MARK:kalos","530","Excadrill","Estándar","Kalos","ORIGIN_MARK","1","628"
"530:628:ORIGIN_MARK:alola","530","Excadrill","Estándar","Alola","ORIGIN_MARK","1","628"
"530:628:ORIGIN_MARK:pokemon-go","530","Excadrill","Estándar","Pokémon GO","ORIGIN_MARK","0","628"
"530:628:ORIGIN_MARK:galar","530","Excadrill","Estándar","Galar","ORIGIN_MARK","1","628"
"530:628:ORIGIN_MARK:paldea","530","Excadrill","Estándar","Paldea","ORIGIN_MARK","1","628"
"530:628:ORIGIN_MARK:legends-z-a","530","Excadrill","Estándar","Legends: Z-A","ORIGIN_MARK","0","628"
"530:628:DREAM_BALL:dream-ball-v","530","Excadrill","Estándar","Dream Ball (V)","DREAM_BALL","0","628"
"531:629:ORIGIN_MARK:sin-marca-gen-3-5","531","Audino","Estándar","Sin marca (Gen 3-5)","ORIGIN_MARK","1","629"
"531:629:ORIGIN_MARK:kalos","531","Audino","Estándar","Kalos","ORIGIN_MARK","1","629"
"531:629:ORIGIN_MARK:alola","531","Audino","Estándar","Alola","ORIGIN_MARK","1","629"
"531:629:ORIGIN_MARK:pokemon-go","531","Audino","Estándar","Pokémon GO","ORIGIN_MARK","0","629"
"531:629:ORIGIN_MARK:galar","531","Audino","Estándar","Galar","ORIGIN_MARK","1","629"
"531:629:ORIGIN_MARK:legends-z-a","531","Audino","Estándar","Legends: Z-A","ORIGIN_MARK","0","629"
"531:629:DREAM_BALL:dream-ball-v","531","Audino","Estándar","Dream Ball (V)","DREAM_BALL","0","629"
"532:630:ORIGIN_MARK:sin-marca-gen-3-5","532","Timburr","Estándar","Sin marca (Gen 3-5)","ORIGIN_MARK","1","630"
"532:630:ORIGIN_MARK:kalos","532","Timburr","Estándar","Kalos","ORIGIN_MARK","1","630"
"532:630:ORIGIN_MARK:alola","532","Timburr","Estándar","Alola","ORIGIN_MARK","1","630"
"532:630:ORIGIN_MARK:pokemon-go","532","Timburr","Estándar","Pokémon GO","ORIGIN_MARK","0","630"
"532:630:ORIGIN_MARK:galar","532","Timburr","Estándar","Galar","ORIGIN_MARK","1","630"
"532:630:ORIGIN_MARK:paldea","532","Timburr","Estándar","Paldea","ORIGIN_MARK","1","630"
"533:631:ORIGIN_MARK:sin-marca-gen-3-5","533","Gurdurr","Estándar","Sin marca (Gen 3-5)","ORIGIN_MARK","1","631"
"533:631:ORIGIN_MARK:kalos","533","Gurdurr","Estándar","Kalos","ORIGIN_MARK","1","631"
"533:631:ORIGIN_MARK:alola","533","Gurdurr","Estándar","Alola","ORIGIN_MARK","1","631"
"533:631:ORIGIN_MARK:pokemon-go","533","Gurdurr","Estándar","Pokémon GO","ORIGIN_MARK","0","631"
"533:631:ORIGIN_MARK:galar","533","Gurdurr","Estándar","Galar","ORIGIN_MARK","1","631"
"533:631:ORIGIN_MARK:paldea","533","Gurdurr","Estándar","Paldea","ORIGIN_MARK","1","631"
"533:631:ORIGIN_MARK:legends-z-a","533","Gurdurr","Estándar","Legends: Z-A","ORIGIN_MARK","0","631"
"533:631:DREAM_BALL:dream-ball-v","533","Gurdurr","Estándar","Dream Ball (V)","DREAM_BALL","0","631"
"534:632:ORIGIN_MARK:sin-marca-gen-3-5","534","Conkeldurr","Estándar","Sin marca (Gen 3-5)","ORIGIN_MARK","1","632"
"534:632:ORIGIN_MARK:kalos","534","Conkeldurr","Estándar","Kalos","ORIGIN_MARK","1","632"
"534:632:ORIGIN_MARK:alola","534","Conkeldurr","Estándar","Alola","ORIGIN_MARK","1","632"
"534:632:ORIGIN_MARK:pokemon-go","534","Conkeldurr","Estándar","Pokémon GO","ORIGIN_MARK","0","632"
"534:632:ORIGIN_MARK:galar","534","Conkeldurr","Estándar","Galar","ORIGIN_MARK","1","632"
"534:632:ORIGIN_MARK:paldea","534","Conkeldurr","Estándar","Paldea","ORIGIN_MARK","1","632"
"534:632:ORIGIN_MARK:legends-z-a","534","Conkeldurr","Estándar","Legends: Z-A","ORIGIN_MARK","0","632"
"534:632:DREAM_BALL:dream-ball-v","534","Conkeldurr","Estándar","Dream Ball (V)","DREAM_BALL","0","632"
"535:633:ORIGIN_MARK:sin-marca-gen-3-5","535","Tympole","Estándar","Sin marca (Gen 3-5)","ORIGIN_MARK","1","633"
"535:633:ORIGIN_MARK:kalos","535","Tympole","Estándar","Kalos","ORIGIN_MARK","1","633"
"535:633:ORIGIN_MARK:alola","535","Tympole","Estándar","Alola","ORIGIN_MARK","1","633"
"535:633:ORIGIN_MARK:pokemon-go","535","Tympole","Estándar","Pokémon GO","ORIGIN_MARK","0","633"
"535:633:ORIGIN_MARK:galar","535","Tympole","Estándar","Galar","ORIGIN_MARK","1","633"
"535:633:ORIGIN_MARK:legends-z-a","535","Tympole","Estándar","Legends: Z-A","ORIGIN_MARK","0","633"
"535:633:DREAM_BALL:dream-ball-v","535","Tympole","Estándar","Dream Ball (V)","DREAM_BALL","0","633"
"536:634:ORIGIN_MARK:sin-marca-gen-3-5","536","Palpitoad","Estándar","Sin marca (Gen 3-5)","ORIGIN_MARK","1","634"
"536:634:ORIGIN_MARK:kalos","536","Palpitoad","Estándar","Kalos","ORIGIN_MARK","1","634"
"536:634:ORIGIN_MARK:alola","536","Palpitoad","Estándar","Alola","ORIGIN_MARK","1","634"
"536:634:ORIGIN_MARK:pokemon-go","536","Palpitoad","Estándar","Pokémon GO","ORIGIN_MARK","0","634"
"536:634:ORIGIN_MARK:galar","536","Palpitoad","Estándar","Galar","ORIGIN_MARK","1","634"
"536:634:ORIGIN_MARK:legends-z-a","536","Palpitoad","Estándar","Legends: Z-A","ORIGIN_MARK","0","634"
"536:634:DREAM_BALL:dream-ball-v","536","Palpitoad","Estándar","Dream Ball (V)","DREAM_BALL","0","634"
"537:635:ORIGIN_MARK:sin-marca-gen-3-5","537","Seismitoad","Estándar","Sin marca (Gen 3-5)","ORIGIN_MARK","1","635"
"537:635:ORIGIN_MARK:kalos","537","Seismitoad","Estándar","Kalos","ORIGIN_MARK","1","635"
"537:635:ORIGIN_MARK:alola","537","Seismitoad","Estándar","Alola","ORIGIN_MARK","1","635"
"537:635:ORIGIN_MARK:pokemon-go","537","Seismitoad","Estándar","Pokémon GO","ORIGIN_MARK","0","635"
"537:635:ORIGIN_MARK:galar","537","Seismitoad","Estándar","Galar","ORIGIN_MARK","1","635"
"537:635:ORIGIN_MARK:legends-z-a","537","Seismitoad","Estándar","Legends: Z-A","ORIGIN_MARK","0","635"
"537:635:DREAM_BALL:dream-ball-v","537","Seismitoad","Estándar","Dream Ball (V)","DREAM_BALL","0","635"
"538:636:ORIGIN_MARK:sin-marca-gen-3-5","538","Throh","Estándar","Sin marca (Gen 3-5)","ORIGIN_MARK","1","636"
"538:636:ORIGIN_MARK:kalos","538","Throh","Estándar","Kalos","ORIGIN_MARK","1","636"
"538:636:ORIGIN_MARK:alola","538","Throh","Estándar","Alola","ORIGIN_MARK","1","636"
"538:636:ORIGIN_MARK:pokemon-go","538","Throh","Estándar","Pokémon GO","ORIGIN_MARK","0","636"
"538:636:ORIGIN_MARK:galar","538","Throh","Estándar","Galar","ORIGIN_MARK","1","636"
"538:636:ORIGIN_MARK:legends-z-a","538","Throh","Estándar","Legends: Z-A","ORIGIN_MARK","0","636"
"538:636:DREAM_BALL:dream-ball-v","538","Throh","Estándar","Dream Ball (V)","DREAM_BALL","0","636"
"539:637:ORIGIN_MARK:sin-marca-gen-3-5","539","Sawk","Estándar","Sin marca (Gen 3-5)","ORIGIN_MARK","1","637"
"539:637:ORIGIN_MARK:kalos","539","Sawk","Estándar","Kalos","ORIGIN_MARK","1","637"
"539:637:ORIGIN_MARK:alola","539","Sawk","Estándar","Alola","ORIGIN_MARK","1","637"
"539:637:ORIGIN_MARK:pokemon-go","539","Sawk","Estándar","Pokémon GO","ORIGIN_MARK","0","637"
"539:637:ORIGIN_MARK:galar","539","Sawk","Estándar","Galar","ORIGIN_MARK","1","637"
"539:637:ORIGIN_MARK:legends-z-a","539","Sawk","Estándar","Legends: Z-A","ORIGIN_MARK","0","637"
"539:637:DREAM_BALL:dream-ball-v","539","Sawk","Estándar","Dream Ball (V)","DREAM_BALL","0","637"
"540:638:ORIGIN_MARK:sin-marca-gen-3-5","540","Sewaddle","Estándar","Sin marca (Gen 3-5)","ORIGIN_MARK","1","638"
"540:638:ORIGIN_MARK:kalos","540","Sewaddle","Estándar","Kalos","ORIGIN_MARK","1","638"
"540:638:ORIGIN_MARK:alola","540","Sewaddle","Estándar","Alola","ORIGIN_MARK","1","638"
"540:638:ORIGIN_MARK:pokemon-go","540","Sewaddle","Estándar","Pokémon GO","ORIGIN_MARK","0","638"
"540:638:ORIGIN_MARK:paldea","540","Sewaddle","Estándar","Paldea","ORIGIN_MARK","1","638"
"541:639:ORIGIN_MARK:sin-marca-gen-3-5","541","Swadloon","Estándar","Sin marca (Gen 3-5)","ORIGIN_MARK","1","639"
"541:639:ORIGIN_MARK:kalos","541","Swadloon","Estándar","Kalos","ORIGIN_MARK","1","639"
"541:639:ORIGIN_MARK:alola","541","Swadloon","Estándar","Alola","ORIGIN_MARK","1","639"
"541:639:ORIGIN_MARK:pokemon-go","541","Swadloon","Estándar","Pokémon GO","ORIGIN_MARK","0","639"
"541:639:ORIGIN_MARK:paldea","541","Swadloon","Estándar","Paldea","ORIGIN_MARK","1","639"
"542:640:ORIGIN_MARK:sin-marca-gen-3-5","542","Leavanny","Estándar","Sin marca (Gen 3-5)","ORIGIN_MARK","1","640"
"542:640:ORIGIN_MARK:kalos","542","Leavanny","Estándar","Kalos","ORIGIN_MARK","1","640"
"542:640:ORIGIN_MARK:alola","542","Leavanny","Estándar","Alola","ORIGIN_MARK","1","640"
"542:640:ORIGIN_MARK:pokemon-go","542","Leavanny","Estándar","Pokémon GO","ORIGIN_MARK","0","640"
"542:640:ORIGIN_MARK:paldea","542","Leavanny","Estándar","Paldea","ORIGIN_MARK","1","640"
"543:641:ORIGIN_MARK:sin-marca-gen-3-5","543","Venipede","Estándar","Sin marca (Gen 3-5)","ORIGIN_MARK","1","641"
"543:641:ORIGIN_MARK:kalos","543","Venipede","Estándar","Kalos","ORIGIN_MARK","1","641"
"543:641:ORIGIN_MARK:alola","543","Venipede","Estándar","Alola","ORIGIN_MARK","1","641"
"543:641:ORIGIN_MARK:pokemon-go","543","Venipede","Estándar","Pokémon GO","ORIGIN_MARK","0","641"
"543:641:ORIGIN_MARK:galar","543","Venipede","Estándar","Galar","ORIGIN_MARK","1","641"
"544:642:ORIGIN_MARK:sin-marca-gen-3-5","544","Whirlipede","Estándar","Sin marca (Gen 3-5)","ORIGIN_MARK","1","642"
"544:642:ORIGIN_MARK:kalos","544","Whirlipede","Estándar","Kalos","ORIGIN_MARK","1","642"
"544:642:ORIGIN_MARK:alola","544","Whirlipede","Estándar","Alola","ORIGIN_MARK","1","642"
"544:642:ORIGIN_MARK:pokemon-go","544","Whirlipede","Estándar","Pokémon GO","ORIGIN_MARK","0","642"
"544:642:ORIGIN_MARK:galar","544","Whirlipede","Estándar","Galar","ORIGIN_MARK","1","642"
"545:643:ORIGIN_MARK:sin-marca-gen-3-5","545","Scolipede","Estándar","Sin marca (Gen 3-5)","ORIGIN_MARK","1","643"
"545:643:ORIGIN_MARK:kalos","545","Scolipede","Estándar","Kalos","ORIGIN_MARK","1","643"
"545:643:ORIGIN_MARK:alola","545","Scolipede","Estándar","Alola","ORIGIN_MARK","1","643"
"545:643:ORIGIN_MARK:pokemon-go","545","Scolipede","Estándar","Pokémon GO","ORIGIN_MARK","0","643"
"545:643:ORIGIN_MARK:galar","545","Scolipede","Estándar","Galar","ORIGIN_MARK","1","643"
"545:643:ORIGIN_MARK:legends-z-a","545","Scolipede","Estándar","Legends: Z-A","ORIGIN_MARK","0","643"
"545:643:DREAM_BALL:dream-ball-v","545","Scolipede","Estándar","Dream Ball (V)","DREAM_BALL","0","643"
"546:644:ORIGIN_MARK:sin-marca-gen-3-5","546","Cottonee","Estándar","Sin marca (Gen 3-5)","ORIGIN_MARK","1","644"
"546:644:ORIGIN_MARK:kalos","546","Cottonee","Estándar","Kalos","ORIGIN_MARK","1","644"
"546:644:ORIGIN_MARK:alola","546","Cottonee","Estándar","Alola","ORIGIN_MARK","1","644"
"546:644:ORIGIN_MARK:pokemon-go","546","Cottonee","Estándar","Pokémon GO","ORIGIN_MARK","0","644"
"546:644:ORIGIN_MARK:galar","546","Cottonee","Estándar","Galar","ORIGIN_MARK","1","644"
"546:644:ORIGIN_MARK:paldea","546","Cottonee","Estándar","Paldea","ORIGIN_MARK","1","644"
"546:644:ORIGIN_MARK:legends-z-a","546","Cottonee","Estándar","Legends: Z-A","ORIGIN_MARK","0","644"
"546:644:DREAM_BALL:dream-ball-v","546","Cottonee","Estándar","Dream Ball (V)","DREAM_BALL","0","644"
"547:645:ORIGIN_MARK:sin-marca-gen-3-5","547","Whimsicott","Estándar","Sin marca (Gen 3-5)","ORIGIN_MARK","1","645"
"547:645:ORIGIN_MARK:kalos","547","Whimsicott","Estándar","Kalos","ORIGIN_MARK","1","645"
"547:645:ORIGIN_MARK:alola","547","Whimsicott","Estándar","Alola","ORIGIN_MARK","1","645"
"547:645:ORIGIN_MARK:pokemon-go","547","Whimsicott","Estándar","Pokémon GO","ORIGIN_MARK","0","645"
"547:645:ORIGIN_MARK:galar","547","Whimsicott","Estándar","Galar","ORIGIN_MARK","1","645"
"547:645:ORIGIN_MARK:paldea","547","Whimsicott","Estándar","Paldea","ORIGIN_MARK","1","645"
"547:645:ORIGIN_MARK:legends-z-a","547","Whimsicott","Estándar","Legends: Z-A","ORIGIN_MARK","0","645"
"547:645:DREAM_BALL:dream-ball-v","547","Whimsicott","Estándar","Dream Ball (V)","DREAM_BALL","0","645"
"548:646:ORIGIN_MARK:sin-marca-gen-3-5","548","Petilil","Estándar","Sin marca (Gen 3-5)","ORIGIN_MARK","1","646"
"548:646:ORIGIN_MARK:kalos","548","Petilil","Estándar","Kalos","ORIGIN_MARK","1","646"
"548:646:ORIGIN_MARK:alola","548","Petilil","Estándar","Alola","ORIGIN_MARK","1","646"
"548:646:ORIGIN_MARK:pokemon-go","548","Petilil","Estándar","Pokémon GO","ORIGIN_MARK","0","646"
"548:646:ORIGIN_MARK:galar","548","Petilil","Estándar","Galar","ORIGIN_MARK","1","646"
"548:646:ORIGIN_MARK:hisui-legends-arceus","548","Petilil","Estándar","Hisui (Legends: Arceus)","ORIGIN_MARK","0","646"
"548:646:ORIGIN_MARK:paldea","548","Petilil","Estándar","Paldea","ORIGIN_MARK","1","646"
"548:646:ORIGIN_MARK:legends-z-a","548","Petilil","Estándar","Legends: Z-A","ORIGIN_MARK","0","646"
"548:646:DREAM_BALL:dream-ball-v","548","Petilil","Estándar","Dream Ball (V)","DREAM_BALL","0","646"
"549:647:ORIGIN_MARK:sin-marca-gen-3-5","549","Lilligant","Estándar","Sin marca (Gen 3-5)","ORIGIN_MARK","1","647"
"549:647:ORIGIN_MARK:kalos","549","Lilligant","Estándar","Kalos","ORIGIN_MARK","1","647"
"549:647:ORIGIN_MARK:alola","549","Lilligant","Estándar","Alola","ORIGIN_MARK","1","647"
"549:647:ORIGIN_MARK:pokemon-go","549","Lilligant","Estándar","Pokémon GO","ORIGIN_MARK","0","647"
"549:647:ORIGIN_MARK:galar","549","Lilligant","Estándar","Galar","ORIGIN_MARK","1","647"
"549:647:ORIGIN_MARK:hisui-legends-arceus","549","Lilligant","Estándar","Hisui (Legends: Arceus)","ORIGIN_MARK","0","647"
"549:647:ORIGIN_MARK:paldea","549","Lilligant","Estándar","Paldea","ORIGIN_MARK","1","647"
"549:647:ORIGIN_MARK:legends-z-a","549","Lilligant","Estándar","Legends: Z-A","ORIGIN_MARK","0","647"
"549:647:DREAM_BALL:dream-ball-v","549","Lilligant","Estándar","Dream Ball (V)","DREAM_BALL","0","647"
"549:648:ORIGIN_MARK:sin-marca-gen-3-5","549","Lilligant hisui","hisui","Sin marca (Gen 3-5)","ORIGIN_MARK","1","648"
"549:648:ORIGIN_MARK:kalos","549","Lilligant hisui","hisui","Kalos","ORIGIN_MARK","1","648"
"549:648:ORIGIN_MARK:alola","549","Lilligant hisui","hisui","Alola","ORIGIN_MARK","1","648"
"549:648:ORIGIN_MARK:pokemon-go","549","Lilligant hisui","hisui","Pokémon GO","ORIGIN_MARK","0","648"
"549:648:ORIGIN_MARK:galar","549","Lilligant hisui","hisui","Galar","ORIGIN_MARK","0","648"
"549:648:ORIGIN_MARK:hisui-legends-arceus","549","Lilligant hisui","hisui","Hisui (Legends: Arceus)","ORIGIN_MARK","0","648"
"549:648:ORIGIN_MARK:paldea","549","Lilligant hisui","hisui","Paldea","ORIGIN_MARK","1","648"
"549:648:ORIGIN_MARK:legends-z-a","549","Lilligant hisui","hisui","Legends: Z-A","ORIGIN_MARK","0","648"
"549:648:DREAM_BALL:dream-ball-v","549","Lilligant hisui","hisui","Dream Ball (V)","DREAM_BALL","0","648"
"550:649:ORIGIN_MARK:sin-marca-gen-3-5","550","Basculin red","red","Sin marca (Gen 3-5)","ORIGIN_MARK","1","649"
"550:649:ORIGIN_MARK:kalos","550","Basculin red","red","Kalos","ORIGIN_MARK","1","649"
"550:649:ORIGIN_MARK:alola","550","Basculin red","red","Alola","ORIGIN_MARK","1","649"
"550:649:ORIGIN_MARK:pokemon-go","550","Basculin red","red","Pokémon GO","ORIGIN_MARK","0","649"
"550:649:ORIGIN_MARK:galar","550","Basculin red","red","Galar","ORIGIN_MARK","1","649"
"550:649:ORIGIN_MARK:paldea","550","Basculin red","red","Paldea","ORIGIN_MARK","1","649"
"550:649:ORIGIN_MARK:legends-z-a","550","Basculin red","red","Legends: Z-A","ORIGIN_MARK","0","649"
"550:649:DREAM_BALL:dream-ball-v","550","Basculin red","red","Dream Ball (V)","DREAM_BALL","0","649"
"550:650:ORIGIN_MARK:sin-marca-gen-3-5","550","Basculin blue","blue","Sin marca (Gen 3-5)","ORIGIN_MARK","1","650"
"550:650:ORIGIN_MARK:kalos","550","Basculin blue","blue","Kalos","ORIGIN_MARK","1","650"
"550:650:ORIGIN_MARK:alola","550","Basculin blue","blue","Alola","ORIGIN_MARK","1","650"
"550:650:ORIGIN_MARK:pokemon-go","550","Basculin blue","blue","Pokémon GO","ORIGIN_MARK","0","650"
"550:650:ORIGIN_MARK:galar","550","Basculin blue","blue","Galar","ORIGIN_MARK","1","650"
"550:650:ORIGIN_MARK:paldea","550","Basculin blue","blue","Paldea","ORIGIN_MARK","1","650"
"550:650:ORIGIN_MARK:legends-z-a","550","Basculin blue","blue","Legends: Z-A","ORIGIN_MARK","0","650"
"550:650:DREAM_BALL:dream-ball-v","550","Basculin blue","blue","Dream Ball (V)","DREAM_BALL","0","650"
"550:651:ORIGIN_MARK:pokemon-go","550","Basculin white","white","Pokémon GO","ORIGIN_MARK","0","651"
"550:651:ORIGIN_MARK:hisui-legends-arceus","550","Basculin white","white","Hisui (Legends: Arceus)","ORIGIN_MARK","0","651"
"550:651:ORIGIN_MARK:paldea","550","Basculin white","white","Paldea","ORIGIN_MARK","1","651"
"551:652:ORIGIN_MARK:sin-marca-gen-3-5","551","Sandile","Estándar","Sin marca (Gen 3-5)","ORIGIN_MARK","1","652"
"551:652:ORIGIN_MARK:kalos","551","Sandile","Estándar","Kalos","ORIGIN_MARK","1","652"
"551:652:ORIGIN_MARK:alola","551","Sandile","Estándar","Alola","ORIGIN_MARK","1","652"
"551:652:ORIGIN_MARK:pokemon-go","551","Sandile","Estándar","Pokémon GO","ORIGIN_MARK","0","652"
"551:652:ORIGIN_MARK:galar","551","Sandile","Estándar","Galar","ORIGIN_MARK","1","652"
"551:652:ORIGIN_MARK:paldea","551","Sandile","Estándar","Paldea","ORIGIN_MARK","1","652"
"552:653:ORIGIN_MARK:sin-marca-gen-3-5","552","Krokorok","Estándar","Sin marca (Gen 3-5)","ORIGIN_MARK","1","653"
"552:653:ORIGIN_MARK:kalos","552","Krokorok","Estándar","Kalos","ORIGIN_MARK","1","653"
"552:653:ORIGIN_MARK:alola","552","Krokorok","Estándar","Alola","ORIGIN_MARK","1","653"
"552:653:ORIGIN_MARK:pokemon-go","552","Krokorok","Estándar","Pokémon GO","ORIGIN_MARK","0","653"
"552:653:ORIGIN_MARK:galar","552","Krokorok","Estándar","Galar","ORIGIN_MARK","1","653"
"552:653:ORIGIN_MARK:paldea","552","Krokorok","Estándar","Paldea","ORIGIN_MARK","1","653"
"553:654:ORIGIN_MARK:sin-marca-gen-3-5","553","Krookodile","Estándar","Sin marca (Gen 3-5)","ORIGIN_MARK","1","654"
"553:654:ORIGIN_MARK:kalos","553","Krookodile","Estándar","Kalos","ORIGIN_MARK","1","654"
"553:654:ORIGIN_MARK:alola","553","Krookodile","Estándar","Alola","ORIGIN_MARK","1","654"
"553:654:ORIGIN_MARK:pokemon-go","553","Krookodile","Estándar","Pokémon GO","ORIGIN_MARK","0","654"
"553:654:ORIGIN_MARK:galar","553","Krookodile","Estándar","Galar","ORIGIN_MARK","1","654"
"553:654:ORIGIN_MARK:paldea","553","Krookodile","Estándar","Paldea","ORIGIN_MARK","1","654"
"553:654:ORIGIN_MARK:legends-z-a","553","Krookodile","Estándar","Legends: Z-A","ORIGIN_MARK","0","654"
"553:654:DREAM_BALL:dream-ball-v","553","Krookodile","Estándar","Dream Ball (V)","DREAM_BALL","0","654"
"554:655:ORIGIN_MARK:sin-marca-gen-3-5","554","Darumaka","Estándar","Sin marca (Gen 3-5)","ORIGIN_MARK","1","655"
"554:655:ORIGIN_MARK:kalos","554","Darumaka","Estándar","Kalos","ORIGIN_MARK","1","655"
"554:655:ORIGIN_MARK:alola","554","Darumaka","Estándar","Alola","ORIGIN_MARK","1","655"
"554:655:ORIGIN_MARK:pokemon-go","554","Darumaka","Estándar","Pokémon GO","ORIGIN_MARK","0","655"
"554:655:ORIGIN_MARK:galar","554","Darumaka","Estándar","Galar","ORIGIN_MARK","0","655"
"554:656:ORIGIN_MARK:pokemon-go","554","Darumaka galar","galar","Pokémon GO","ORIGIN_MARK","0","656"
"554:656:ORIGIN_MARK:galar","554","Darumaka galar","galar","Galar","ORIGIN_MARK","1","656"
"555:657:ORIGIN_MARK:sin-marca-gen-3-5","555","Darmanitan","Estándar","Sin marca (Gen 3-5)","ORIGIN_MARK","1","657"
"555:657:ORIGIN_MARK:kalos","555","Darmanitan","Estándar","Kalos","ORIGIN_MARK","1","657"
"555:657:ORIGIN_MARK:alola","555","Darmanitan","Estándar","Alola","ORIGIN_MARK","1","657"
"555:657:ORIGIN_MARK:pokemon-go","555","Darmanitan","Estándar","Pokémon GO","ORIGIN_MARK","0","657"
"555:657:ORIGIN_MARK:galar","555","Darmanitan","Estándar","Galar","ORIGIN_MARK","0","657"
"555:658:ORIGIN_MARK:pokemon-go","555","Darmanitan galar","galar","Pokémon GO","ORIGIN_MARK","0","658"
"555:658:ORIGIN_MARK:galar","555","Darmanitan galar","galar","Galar","ORIGIN_MARK","1","658"
"556:659:ORIGIN_MARK:sin-marca-gen-3-5","556","Maractus","Estándar","Sin marca (Gen 3-5)","ORIGIN_MARK","1","659"
"556:659:ORIGIN_MARK:kalos","556","Maractus","Estándar","Kalos","ORIGIN_MARK","1","659"
"556:659:ORIGIN_MARK:alola","556","Maractus","Estándar","Alola","ORIGIN_MARK","1","659"
"556:659:ORIGIN_MARK:pokemon-go","556","Maractus","Estándar","Pokémon GO","ORIGIN_MARK","0","659"
"556:659:ORIGIN_MARK:galar","556","Maractus","Estándar","Galar","ORIGIN_MARK","1","659"
"556:659:ORIGIN_MARK:legends-z-a","556","Maractus","Estándar","Legends: Z-A","ORIGIN_MARK","0","659"
"556:659:DREAM_BALL:dream-ball-v","556","Maractus","Estándar","Dream Ball (V)","DREAM_BALL","0","659"
"557:660:ORIGIN_MARK:sin-marca-gen-3-5","557","Dwebble","Estándar","Sin marca (Gen 3-5)","ORIGIN_MARK","1","660"
"557:660:ORIGIN_MARK:kalos","557","Dwebble","Estándar","Kalos","ORIGIN_MARK","1","660"
"557:660:ORIGIN_MARK:alola","557","Dwebble","Estándar","Alola","ORIGIN_MARK","1","660"
"557:660:ORIGIN_MARK:pokemon-go","557","Dwebble","Estándar","Pokémon GO","ORIGIN_MARK","0","660"
"557:660:ORIGIN_MARK:galar","557","Dwebble","Estándar","Galar","ORIGIN_MARK","1","660"
"558:661:ORIGIN_MARK:sin-marca-gen-3-5","558","Crustle","Estándar","Sin marca (Gen 3-5)","ORIGIN_MARK","1","661"
"558:661:ORIGIN_MARK:kalos","558","Crustle","Estándar","Kalos","ORIGIN_MARK","1","661"
"558:661:ORIGIN_MARK:alola","558","Crustle","Estándar","Alola","ORIGIN_MARK","1","661"
"558:661:ORIGIN_MARK:pokemon-go","558","Crustle","Estándar","Pokémon GO","ORIGIN_MARK","0","661"
"558:661:ORIGIN_MARK:galar","558","Crustle","Estándar","Galar","ORIGIN_MARK","1","661"
"558:661:ORIGIN_MARK:legends-z-a","558","Crustle","Estándar","Legends: Z-A","ORIGIN_MARK","0","661"
"558:661:DREAM_BALL:dream-ball-v","558","Crustle","Estándar","Dream Ball (V)","DREAM_BALL","0","661"
"559:662:ORIGIN_MARK:sin-marca-gen-3-5","559","Scraggy","Estándar","Sin marca (Gen 3-5)","ORIGIN_MARK","1","662"
"559:662:ORIGIN_MARK:kalos","559","Scraggy","Estándar","Kalos","ORIGIN_MARK","1","662"
"559:662:ORIGIN_MARK:alola","559","Scraggy","Estándar","Alola","ORIGIN_MARK","1","662"
"559:662:ORIGIN_MARK:pokemon-go","559","Scraggy","Estándar","Pokémon GO","ORIGIN_MARK","0","662"
"559:662:ORIGIN_MARK:galar","559","Scraggy","Estándar","Galar","ORIGIN_MARK","1","662"
"559:662:ORIGIN_MARK:paldea","559","Scraggy","Estándar","Paldea","ORIGIN_MARK","1","662"
"559:662:ORIGIN_MARK:legends-z-a","559","Scraggy","Estándar","Legends: Z-A","ORIGIN_MARK","0","662"
"559:662:DREAM_BALL:dream-ball-v","559","Scraggy","Estándar","Dream Ball (V)","DREAM_BALL","0","662"
"560:663:ORIGIN_MARK:sin-marca-gen-3-5","560","Scrafty","Estándar","Sin marca (Gen 3-5)","ORIGIN_MARK","1","663"
"560:663:ORIGIN_MARK:kalos","560","Scrafty","Estándar","Kalos","ORIGIN_MARK","1","663"
"560:663:ORIGIN_MARK:alola","560","Scrafty","Estándar","Alola","ORIGIN_MARK","1","663"
"560:663:ORIGIN_MARK:pokemon-go","560","Scrafty","Estándar","Pokémon GO","ORIGIN_MARK","0","663"
"560:663:ORIGIN_MARK:galar","560","Scrafty","Estándar","Galar","ORIGIN_MARK","1","663"
"560:663:ORIGIN_MARK:paldea","560","Scrafty","Estándar","Paldea","ORIGIN_MARK","1","663"
"560:663:ORIGIN_MARK:legends-z-a","560","Scrafty","Estándar","Legends: Z-A","ORIGIN_MARK","0","663"
"560:663:DREAM_BALL:dream-ball-v","560","Scrafty","Estándar","Dream Ball (V)","DREAM_BALL","0","663"
"561:664:ORIGIN_MARK:sin-marca-gen-3-5","561","Sigilyph","Estándar","Sin marca (Gen 3-5)","ORIGIN_MARK","1","664"
"561:664:ORIGIN_MARK:kalos","561","Sigilyph","Estándar","Kalos","ORIGIN_MARK","1","664"
"561:664:ORIGIN_MARK:alola","561","Sigilyph","Estándar","Alola","ORIGIN_MARK","1","664"
"561:664:ORIGIN_MARK:pokemon-go","561","Sigilyph","Estándar","Pokémon GO","ORIGIN_MARK","0","664"
"561:664:ORIGIN_MARK:galar","561","Sigilyph","Estándar","Galar","ORIGIN_MARK","1","664"
"561:664:ORIGIN_MARK:legends-z-a","561","Sigilyph","Estándar","Legends: Z-A","ORIGIN_MARK","0","664"
"561:664:DREAM_BALL:dream-ball-v","561","Sigilyph","Estándar","Dream Ball (V)","DREAM_BALL","1","664"
"562:665:ORIGIN_MARK:sin-marca-gen-3-5","562","Yamask","Estándar","Sin marca (Gen 3-5)","ORIGIN_MARK","1","665"
"562:665:ORIGIN_MARK:kalos","562","Yamask","Estándar","Kalos","ORIGIN_MARK","1","665"
"562:665:ORIGIN_MARK:alola","562","Yamask","Estándar","Alola","ORIGIN_MARK","1","665"
"562:665:ORIGIN_MARK:pokemon-go","562","Yamask","Estándar","Pokémon GO","ORIGIN_MARK","0","665"
"562:665:ORIGIN_MARK:galar","562","Yamask","Estándar","Galar","ORIGIN_MARK","0","665"
"562:666:ORIGIN_MARK:pokemon-go","562","Yamask galar","galar","Pokémon GO","ORIGIN_MARK","0","666"
"562:666:ORIGIN_MARK:galar","562","Yamask galar","galar","Galar","ORIGIN_MARK","1","666"
"563:667:ORIGIN_MARK:sin-marca-gen-3-5","563","Cofagrigus","Estándar","Sin marca (Gen 3-5)","ORIGIN_MARK","1","667"
"563:667:ORIGIN_MARK:kalos","563","Cofagrigus","Estándar","Kalos","ORIGIN_MARK","1","667"
"563:667:ORIGIN_MARK:alola","563","Cofagrigus","Estándar","Alola","ORIGIN_MARK","1","667"
"563:667:ORIGIN_MARK:pokemon-go","563","Cofagrigus","Estándar","Pokémon GO","ORIGIN_MARK","0","667"
"563:667:ORIGIN_MARK:galar","563","Cofagrigus","Estándar","Galar","ORIGIN_MARK","1","667"
"564:668:ORIGIN_MARK:sin-marca-gen-3-5","564","Tirtouga","Estándar","Sin marca (Gen 3-5)","ORIGIN_MARK","1","668"
"564:668:ORIGIN_MARK:kalos","564","Tirtouga","Estándar","Kalos","ORIGIN_MARK","1","668"
"564:668:ORIGIN_MARK:alola","564","Tirtouga","Estándar","Alola","ORIGIN_MARK","1","668"
"564:668:ORIGIN_MARK:pokemon-go","564","Tirtouga","Estándar","Pokémon GO","ORIGIN_MARK","0","668"
"564:668:ORIGIN_MARK:galar","564","Tirtouga","Estándar","Galar","ORIGIN_MARK","1","668"
"564:668:ORIGIN_MARK:legends-z-a","564","Tirtouga","Estándar","Legends: Z-A","ORIGIN_MARK","0","668"
"564:668:DREAM_BALL:dream-ball-v","564","Tirtouga","Estándar","Dream Ball (V)","DREAM_BALL","0","668"
"565:669:ORIGIN_MARK:sin-marca-gen-3-5","565","Carracosta","Estándar","Sin marca (Gen 3-5)","ORIGIN_MARK","1","669"
"565:669:ORIGIN_MARK:kalos","565","Carracosta","Estándar","Kalos","ORIGIN_MARK","1","669"
"565:669:ORIGIN_MARK:alola","565","Carracosta","Estándar","Alola","ORIGIN_MARK","1","669"
"565:669:ORIGIN_MARK:pokemon-go","565","Carracosta","Estándar","Pokémon GO","ORIGIN_MARK","0","669"
"565:669:ORIGIN_MARK:galar","565","Carracosta","Estándar","Galar","ORIGIN_MARK","1","669"
"565:669:ORIGIN_MARK:legends-z-a","565","Carracosta","Estándar","Legends: Z-A","ORIGIN_MARK","0","669"
"565:669:DREAM_BALL:dream-ball-v","565","Carracosta","Estándar","Dream Ball (V)","DREAM_BALL","0","669"
"566:670:ORIGIN_MARK:sin-marca-gen-3-5","566","Archen","Estándar","Sin marca (Gen 3-5)","ORIGIN_MARK","1","670"
"566:670:ORIGIN_MARK:kalos","566","Archen","Estándar","Kalos","ORIGIN_MARK","1","670"
"566:670:ORIGIN_MARK:alola","566","Archen","Estándar","Alola","ORIGIN_MARK","1","670"
"566:670:ORIGIN_MARK:pokemon-go","566","Archen","Estándar","Pokémon GO","ORIGIN_MARK","0","670"
"566:670:ORIGIN_MARK:galar","566","Archen","Estándar","Galar","ORIGIN_MARK","1","670"
"567:671:ORIGIN_MARK:sin-marca-gen-3-5","567","Archeops","Estándar","Sin marca (Gen 3-5)","ORIGIN_MARK","1","671"
"567:671:ORIGIN_MARK:kalos","567","Archeops","Estándar","Kalos","ORIGIN_MARK","1","671"
"567:671:ORIGIN_MARK:alola","567","Archeops","Estándar","Alola","ORIGIN_MARK","1","671"
"567:671:ORIGIN_MARK:pokemon-go","567","Archeops","Estándar","Pokémon GO","ORIGIN_MARK","0","671"
"567:671:ORIGIN_MARK:galar","567","Archeops","Estándar","Galar","ORIGIN_MARK","1","671"
"568:672:ORIGIN_MARK:sin-marca-gen-3-5","568","Trubbish","Estándar","Sin marca (Gen 3-5)","ORIGIN_MARK","1","672"
"568:672:ORIGIN_MARK:kalos","568","Trubbish","Estándar","Kalos","ORIGIN_MARK","1","672"
"568:672:ORIGIN_MARK:alola","568","Trubbish","Estándar","Alola","ORIGIN_MARK","1","672"
"568:672:ORIGIN_MARK:pokemon-go","568","Trubbish","Estándar","Pokémon GO","ORIGIN_MARK","0","672"
"568:672:ORIGIN_MARK:galar","568","Trubbish","Estándar","Galar","ORIGIN_MARK","1","672"
"569:673:ORIGIN_MARK:sin-marca-gen-3-5","569","Garbodor","Estándar","Sin marca (Gen 3-5)","ORIGIN_MARK","1","673"
"569:673:ORIGIN_MARK:kalos","569","Garbodor","Estándar","Kalos","ORIGIN_MARK","1","673"
"569:673:ORIGIN_MARK:alola","569","Garbodor","Estándar","Alola","ORIGIN_MARK","1","673"
"569:673:ORIGIN_MARK:pokemon-go","569","Garbodor","Estándar","Pokémon GO","ORIGIN_MARK","0","673"
"569:673:ORIGIN_MARK:galar","569","Garbodor","Estándar","Galar","ORIGIN_MARK","1","673"
"570:674:ORIGIN_MARK:sin-marca-gen-3-5","570","Zorua","Estándar","Sin marca (Gen 3-5)","ORIGIN_MARK","1","674"
"570:674:ORIGIN_MARK:kalos","570","Zorua","Estándar","Kalos","ORIGIN_MARK","1","674"
"570:674:ORIGIN_MARK:alola","570","Zorua","Estándar","Alola","ORIGIN_MARK","1","674"
"570:674:ORIGIN_MARK:pokemon-go","570","Zorua","Estándar","Pokémon GO","ORIGIN_MARK","0","674"
"570:674:ORIGIN_MARK:galar","570","Zorua","Estándar","Galar","ORIGIN_MARK","1","674"
"570:674:ORIGIN_MARK:paldea","570","Zorua","Estándar","Paldea","ORIGIN_MARK","1","674"
"570:675:ORIGIN_MARK:hisui-legends-arceus","570","Zorua hisui","hisui","Hisui (Legends: Arceus)","ORIGIN_MARK","0","675"
"570:675:ORIGIN_MARK:paldea","570","Zorua hisui","hisui","Paldea","ORIGIN_MARK","1","675"
"571:676:ORIGIN_MARK:sin-marca-gen-3-5","571","Zoroark","Estándar","Sin marca (Gen 3-5)","ORIGIN_MARK","1","676"
"571:676:ORIGIN_MARK:kalos","571","Zoroark","Estándar","Kalos","ORIGIN_MARK","1","676"
"571:676:ORIGIN_MARK:alola","571","Zoroark","Estándar","Alola","ORIGIN_MARK","1","676"
"571:676:ORIGIN_MARK:pokemon-go","571","Zoroark","Estándar","Pokémon GO","ORIGIN_MARK","0","676"
"571:676:ORIGIN_MARK:galar","571","Zoroark","Estándar","Galar","ORIGIN_MARK","1","676"
"571:676:ORIGIN_MARK:paldea","571","Zoroark","Estándar","Paldea","ORIGIN_MARK","1","676"
"571:677:ORIGIN_MARK:hisui-legends-arceus","571","Zoroark hisui","hisui","Hisui (Legends: Arceus)","ORIGIN_MARK","0","677"
"571:677:ORIGIN_MARK:paldea","571","Zoroark hisui","hisui","Paldea","ORIGIN_MARK","1","677"
"572:678:ORIGIN_MARK:sin-marca-gen-3-5","572","Minccino","Estándar","Sin marca (Gen 3-5)","ORIGIN_MARK","1","678"
"572:678:ORIGIN_MARK:kalos","572","Minccino","Estándar","Kalos","ORIGIN_MARK","1","678"
"572:678:ORIGIN_MARK:alola","572","Minccino","Estándar","Alola","ORIGIN_MARK","1","678"
"572:678:ORIGIN_MARK:pokemon-go","572","Minccino","Estándar","Pokémon GO","ORIGIN_MARK","0","678"
"572:678:ORIGIN_MARK:galar","572","Minccino","Estándar","Galar","ORIGIN_MARK","1","678"
"572:678:ORIGIN_MARK:paldea","572","Minccino","Estándar","Paldea","ORIGIN_MARK","1","678"
"573:679:ORIGIN_MARK:sin-marca-gen-3-5","573","Cinccino","Estándar","Sin marca (Gen 3-5)","ORIGIN_MARK","1","679"
"573:679:ORIGIN_MARK:kalos","573","Cinccino","Estándar","Kalos","ORIGIN_MARK","1","679"
"573:679:ORIGIN_MARK:alola","573","Cinccino","Estándar","Alola","ORIGIN_MARK","1","679"
"573:679:ORIGIN_MARK:pokemon-go","573","Cinccino","Estándar","Pokémon GO","ORIGIN_MARK","0","679"
"573:679:ORIGIN_MARK:galar","573","Cinccino","Estándar","Galar","ORIGIN_MARK","1","679"
"573:679:ORIGIN_MARK:paldea","573","Cinccino","Estándar","Paldea","ORIGIN_MARK","1","679"
"574:680:ORIGIN_MARK:sin-marca-gen-3-5","574","Gothita","Estándar","Sin marca (Gen 3-5)","ORIGIN_MARK","1","680"
"574:680:ORIGIN_MARK:kalos","574","Gothita","Estándar","Kalos","ORIGIN_MARK","1","680"
"574:680:ORIGIN_MARK:alola","574","Gothita","Estándar","Alola","ORIGIN_MARK","1","680"
"574:680:ORIGIN_MARK:pokemon-go","574","Gothita","Estándar","Pokémon GO","ORIGIN_MARK","0","680"
"574:680:ORIGIN_MARK:galar","574","Gothita","Estándar","Galar","ORIGIN_MARK","1","680"
"574:680:ORIGIN_MARK:paldea","574","Gothita","Estándar","Paldea","ORIGIN_MARK","1","680"
"575:681:ORIGIN_MARK:sin-marca-gen-3-5","575","Gothorita","Estándar","Sin marca (Gen 3-5)","ORIGIN_MARK","1","681"
"575:681:ORIGIN_MARK:kalos","575","Gothorita","Estándar","Kalos","ORIGIN_MARK","1","681"
"575:681:ORIGIN_MARK:alola","575","Gothorita","Estándar","Alola","ORIGIN_MARK","1","681"
"575:681:ORIGIN_MARK:pokemon-go","575","Gothorita","Estándar","Pokémon GO","ORIGIN_MARK","0","681"
"575:681:ORIGIN_MARK:galar","575","Gothorita","Estándar","Galar","ORIGIN_MARK","1","681"
"575:681:ORIGIN_MARK:paldea","575","Gothorita","Estándar","Paldea","ORIGIN_MARK","1","681"
"575:681:ORIGIN_MARK:legends-z-a","575","Gothorita","Estándar","Legends: Z-A","ORIGIN_MARK","0","681"
"575:681:DREAM_BALL:dream-ball-v","575","Gothorita","Estándar","Dream Ball (V)","DREAM_BALL","0","681"
"576:682:ORIGIN_MARK:sin-marca-gen-3-5","576","Gothitelle","Estándar","Sin marca (Gen 3-5)","ORIGIN_MARK","1","682"
"576:682:ORIGIN_MARK:kalos","576","Gothitelle","Estándar","Kalos","ORIGIN_MARK","1","682"
"576:682:ORIGIN_MARK:alola","576","Gothitelle","Estándar","Alola","ORIGIN_MARK","1","682"
"576:682:ORIGIN_MARK:pokemon-go","576","Gothitelle","Estándar","Pokémon GO","ORIGIN_MARK","0","682"
"576:682:ORIGIN_MARK:galar","576","Gothitelle","Estándar","Galar","ORIGIN_MARK","1","682"
"576:682:ORIGIN_MARK:paldea","576","Gothitelle","Estándar","Paldea","ORIGIN_MARK","1","682"
"576:682:ORIGIN_MARK:legends-z-a","576","Gothitelle","Estándar","Legends: Z-A","ORIGIN_MARK","0","682"
"576:682:DREAM_BALL:dream-ball-v","576","Gothitelle","Estándar","Dream Ball (V)","DREAM_BALL","0","682"
"577:683:ORIGIN_MARK:sin-marca-gen-3-5","577","Solosis","Estándar","Sin marca (Gen 3-5)","ORIGIN_MARK","1","683"
"577:683:ORIGIN_MARK:kalos","577","Solosis","Estándar","Kalos","ORIGIN_MARK","1","683"
"577:683:ORIGIN_MARK:alola","577","Solosis","Estándar","Alola","ORIGIN_MARK","1","683"
"577:683:ORIGIN_MARK:pokemon-go","577","Solosis","Estándar","Pokémon GO","ORIGIN_MARK","0","683"
"577:683:ORIGIN_MARK:galar","577","Solosis","Estándar","Galar","ORIGIN_MARK","1","683"
"577:683:ORIGIN_MARK:paldea","577","Solosis","Estándar","Paldea","ORIGIN_MARK","1","683"
"578:684:ORIGIN_MARK:sin-marca-gen-3-5","578","Duosion","Estándar","Sin marca (Gen 3-5)","ORIGIN_MARK","1","684"
"578:684:ORIGIN_MARK:kalos","578","Duosion","Estándar","Kalos","ORIGIN_MARK","1","684"
"578:684:ORIGIN_MARK:alola","578","Duosion","Estándar","Alola","ORIGIN_MARK","1","684"
"578:684:ORIGIN_MARK:pokemon-go","578","Duosion","Estándar","Pokémon GO","ORIGIN_MARK","0","684"
"578:684:ORIGIN_MARK:galar","578","Duosion","Estándar","Galar","ORIGIN_MARK","1","684"
"578:684:ORIGIN_MARK:paldea","578","Duosion","Estándar","Paldea","ORIGIN_MARK","1","684"
"578:684:ORIGIN_MARK:legends-z-a","578","Duosion","Estándar","Legends: Z-A","ORIGIN_MARK","0","684"
"578:684:DREAM_BALL:dream-ball-v","578","Duosion","Estándar","Dream Ball (V)","DREAM_BALL","0","684"
"579:685:ORIGIN_MARK:sin-marca-gen-3-5","579","Reuniclus","Estándar","Sin marca (Gen 3-5)","ORIGIN_MARK","1","685"
"579:685:ORIGIN_MARK:kalos","579","Reuniclus","Estándar","Kalos","ORIGIN_MARK","1","685"
"579:685:ORIGIN_MARK:alola","579","Reuniclus","Estándar","Alola","ORIGIN_MARK","1","685"
"579:685:ORIGIN_MARK:pokemon-go","579","Reuniclus","Estándar","Pokémon GO","ORIGIN_MARK","0","685"
"579:685:ORIGIN_MARK:galar","579","Reuniclus","Estándar","Galar","ORIGIN_MARK","1","685"
"579:685:ORIGIN_MARK:paldea","579","Reuniclus","Estándar","Paldea","ORIGIN_MARK","1","685"
"579:685:ORIGIN_MARK:legends-z-a","579","Reuniclus","Estándar","Legends: Z-A","ORIGIN_MARK","0","685"
"579:685:DREAM_BALL:dream-ball-v","579","Reuniclus","Estándar","Dream Ball (V)","DREAM_BALL","0","685"
"580:686:ORIGIN_MARK:sin-marca-gen-3-5","580","Ducklett","Estándar","Sin marca (Gen 3-5)","ORIGIN_MARK","1","686"
"580:686:ORIGIN_MARK:kalos","580","Ducklett","Estándar","Kalos","ORIGIN_MARK","1","686"
"580:686:ORIGIN_MARK:alola","580","Ducklett","Estándar","Alola","ORIGIN_MARK","1","686"
"580:686:ORIGIN_MARK:pokemon-go","580","Ducklett","Estándar","Pokémon GO","ORIGIN_MARK","0","686"
"580:686:ORIGIN_MARK:paldea","580","Ducklett","Estándar","Paldea","ORIGIN_MARK","1","686"
"580:686:ORIGIN_MARK:legends-z-a","580","Ducklett","Estándar","Legends: Z-A","ORIGIN_MARK","0","686"
"580:686:DREAM_BALL:dream-ball-v","580","Ducklett","Estándar","Dream Ball (V)","DREAM_BALL","0","686"
"581:687:ORIGIN_MARK:sin-marca-gen-3-5","581","Swanna","Estándar","Sin marca (Gen 3-5)","ORIGIN_MARK","1","687"
"581:687:ORIGIN_MARK:kalos","581","Swanna","Estándar","Kalos","ORIGIN_MARK","1","687"
"581:687:ORIGIN_MARK:alola","581","Swanna","Estándar","Alola","ORIGIN_MARK","1","687"
"581:687:ORIGIN_MARK:pokemon-go","581","Swanna","Estándar","Pokémon GO","ORIGIN_MARK","0","687"
"581:687:ORIGIN_MARK:paldea","581","Swanna","Estándar","Paldea","ORIGIN_MARK","1","687"
"581:687:ORIGIN_MARK:legends-z-a","581","Swanna","Estándar","Legends: Z-A","ORIGIN_MARK","0","687"
"581:687:DREAM_BALL:dream-ball-v","581","Swanna","Estándar","Dream Ball (V)","DREAM_BALL","0","687"
"582:688:ORIGIN_MARK:sin-marca-gen-3-5","582","Vanillite","Estándar","Sin marca (Gen 3-5)","ORIGIN_MARK","1","688"
"582:688:ORIGIN_MARK:kalos","582","Vanillite","Estándar","Kalos","ORIGIN_MARK","1","688"
"582:688:ORIGIN_MARK:alola","582","Vanillite","Estándar","Alola","ORIGIN_MARK","1","688"
"582:688:ORIGIN_MARK:pokemon-go","582","Vanillite","Estándar","Pokémon GO","ORIGIN_MARK","1","688"
"582:688:ORIGIN_MARK:galar","582","Vanillite","Estándar","Galar","ORIGIN_MARK","1","688"
"583:689:ORIGIN_MARK:sin-marca-gen-3-5","583","Vanillish","Estándar","Sin marca (Gen 3-5)","ORIGIN_MARK","1","689"
"583:689:ORIGIN_MARK:kalos","583","Vanillish","Estándar","Kalos","ORIGIN_MARK","1","689"
"583:689:ORIGIN_MARK:alola","583","Vanillish","Estándar","Alola","ORIGIN_MARK","1","689"
"583:689:ORIGIN_MARK:pokemon-go","583","Vanillish","Estándar","Pokémon GO","ORIGIN_MARK","0","689"
"583:689:ORIGIN_MARK:galar","583","Vanillish","Estándar","Galar","ORIGIN_MARK","1","689"
"583:689:ORIGIN_MARK:legends-z-a","583","Vanillish","Estándar","Legends: Z-A","ORIGIN_MARK","0","689"
"583:689:DREAM_BALL:dream-ball-v","583","Vanillish","Estándar","Dream Ball (V)","DREAM_BALL","0","689"
"584:690:ORIGIN_MARK:sin-marca-gen-3-5","584","Vanilluxe","Estándar","Sin marca (Gen 3-5)","ORIGIN_MARK","1","690"
"584:690:ORIGIN_MARK:kalos","584","Vanilluxe","Estándar","Kalos","ORIGIN_MARK","1","690"
"584:690:ORIGIN_MARK:alola","584","Vanilluxe","Estándar","Alola","ORIGIN_MARK","1","690"
"584:690:ORIGIN_MARK:pokemon-go","584","Vanilluxe","Estándar","Pokémon GO","ORIGIN_MARK","0","690"
"584:690:ORIGIN_MARK:galar","584","Vanilluxe","Estándar","Galar","ORIGIN_MARK","1","690"
"584:690:ORIGIN_MARK:legends-z-a","584","Vanilluxe","Estándar","Legends: Z-A","ORIGIN_MARK","0","690"
"584:690:DREAM_BALL:dream-ball-v","584","Vanilluxe","Estándar","Dream Ball (V)","DREAM_BALL","0","690"
"585:691:ORIGIN_MARK:sin-marca-gen-3-5","585","Deerling spring","spring","Sin marca (Gen 3-5)","ORIGIN_MARK","1","691"
"585:691:ORIGIN_MARK:kalos","585","Deerling spring","spring","Kalos","ORIGIN_MARK","1","691"
"585:691:ORIGIN_MARK:alola","585","Deerling spring","spring","Alola","ORIGIN_MARK","1","691"
"585:691:ORIGIN_MARK:pokemon-go","585","Deerling spring","spring","Pokémon GO","ORIGIN_MARK","0","691"
"585:691:ORIGIN_MARK:paldea","585","Deerling spring","spring","Paldea","ORIGIN_MARK","1","691"
"585:692:ORIGIN_MARK:sin-marca-gen-3-5","585","Deerling summer","summer","Sin marca (Gen 3-5)","ORIGIN_MARK","1","692"
"585:692:ORIGIN_MARK:kalos","585","Deerling summer","summer","Kalos","ORIGIN_MARK","1","692"
"585:692:ORIGIN_MARK:alola","585","Deerling summer","summer","Alola","ORIGIN_MARK","1","692"
"585:692:ORIGIN_MARK:pokemon-go","585","Deerling summer","summer","Pokémon GO","ORIGIN_MARK","0","692"
"585:692:ORIGIN_MARK:paldea","585","Deerling summer","summer","Paldea","ORIGIN_MARK","1","692"
"585:693:ORIGIN_MARK:sin-marca-gen-3-5","585","Deerling autumn","autumn","Sin marca (Gen 3-5)","ORIGIN_MARK","1","693"
"585:693:ORIGIN_MARK:kalos","585","Deerling autumn","autumn","Kalos","ORIGIN_MARK","1","693"
"585:693:ORIGIN_MARK:alola","585","Deerling autumn","autumn","Alola","ORIGIN_MARK","1","693"
"585:693:ORIGIN_MARK:pokemon-go","585","Deerling autumn","autumn","Pokémon GO","ORIGIN_MARK","0","693"
"585:693:ORIGIN_MARK:paldea","585","Deerling autumn","autumn","Paldea","ORIGIN_MARK","1","693"
"585:694:ORIGIN_MARK:sin-marca-gen-3-5","585","Deerling winter","winter","Sin marca (Gen 3-5)","ORIGIN_MARK","1","694"
"585:694:ORIGIN_MARK:kalos","585","Deerling winter","winter","Kalos","ORIGIN_MARK","1","694"
"585:694:ORIGIN_MARK:alola","585","Deerling winter","winter","Alola","ORIGIN_MARK","1","694"
"585:694:ORIGIN_MARK:pokemon-go","585","Deerling winter","winter","Pokémon GO","ORIGIN_MARK","0","694"
"585:694:ORIGIN_MARK:paldea","585","Deerling winter","winter","Paldea","ORIGIN_MARK","1","694"
"586:695:ORIGIN_MARK:sin-marca-gen-3-5","586","Sawsbuck spring","spring","Sin marca (Gen 3-5)","ORIGIN_MARK","1","695"
"586:695:ORIGIN_MARK:kalos","586","Sawsbuck spring","spring","Kalos","ORIGIN_MARK","1","695"
"586:695:ORIGIN_MARK:alola","586","Sawsbuck spring","spring","Alola","ORIGIN_MARK","1","695"
"586:695:ORIGIN_MARK:pokemon-go","586","Sawsbuck spring","spring","Pokémon GO","ORIGIN_MARK","0","695"
"586:695:ORIGIN_MARK:paldea","586","Sawsbuck spring","spring","Paldea","ORIGIN_MARK","1","695"
"586:696:ORIGIN_MARK:sin-marca-gen-3-5","586","Sawsbuck summer","summer","Sin marca (Gen 3-5)","ORIGIN_MARK","1","696"
"586:696:ORIGIN_MARK:kalos","586","Sawsbuck summer","summer","Kalos","ORIGIN_MARK","1","696"
"586:696:ORIGIN_MARK:alola","586","Sawsbuck summer","summer","Alola","ORIGIN_MARK","1","696"
"586:696:ORIGIN_MARK:pokemon-go","586","Sawsbuck summer","summer","Pokémon GO","ORIGIN_MARK","0","696"
"586:696:ORIGIN_MARK:paldea","586","Sawsbuck summer","summer","Paldea","ORIGIN_MARK","1","696"
"586:697:ORIGIN_MARK:sin-marca-gen-3-5","586","Sawsbuck autumn","autumn","Sin marca (Gen 3-5)","ORIGIN_MARK","1","697"
"586:697:ORIGIN_MARK:kalos","586","Sawsbuck autumn","autumn","Kalos","ORIGIN_MARK","1","697"
"586:697:ORIGIN_MARK:alola","586","Sawsbuck autumn","autumn","Alola","ORIGIN_MARK","1","697"
"586:697:ORIGIN_MARK:pokemon-go","586","Sawsbuck autumn","autumn","Pokémon GO","ORIGIN_MARK","0","697"
"586:697:ORIGIN_MARK:paldea","586","Sawsbuck autumn","autumn","Paldea","ORIGIN_MARK","1","697"
"586:698:ORIGIN_MARK:sin-marca-gen-3-5","586","Sawsbuck winter","winter","Sin marca (Gen 3-5)","ORIGIN_MARK","1","698"
"586:698:ORIGIN_MARK:kalos","586","Sawsbuck winter","winter","Kalos","ORIGIN_MARK","1","698"
"586:698:ORIGIN_MARK:alola","586","Sawsbuck winter","winter","Alola","ORIGIN_MARK","1","698"
"586:698:ORIGIN_MARK:pokemon-go","586","Sawsbuck winter","winter","Pokémon GO","ORIGIN_MARK","0","698"
"586:698:ORIGIN_MARK:paldea","586","Sawsbuck winter","winter","Paldea","ORIGIN_MARK","1","698"
"587:699:ORIGIN_MARK:sin-marca-gen-3-5","587","Emolga","Estándar","Sin marca (Gen 3-5)","ORIGIN_MARK","1","699"
"587:699:ORIGIN_MARK:kalos","587","Emolga","Estándar","Kalos","ORIGIN_MARK","1","699"
"587:699:ORIGIN_MARK:alola","587","Emolga","Estándar","Alola","ORIGIN_MARK","1","699"
"587:699:ORIGIN_MARK:pokemon-go","587","Emolga","Estándar","Pokémon GO","ORIGIN_MARK","0","699"
"587:699:ORIGIN_MARK:galar","587","Emolga","Estándar","Galar","ORIGIN_MARK","1","699"
"587:699:ORIGIN_MARK:legends-z-a","587","Emolga","Estándar","Legends: Z-A","ORIGIN_MARK","0","699"
"587:699:DREAM_BALL:dream-ball-v","587","Emolga","Estándar","Dream Ball (V)","DREAM_BALL","0","699"
"588:700:ORIGIN_MARK:sin-marca-gen-3-5","588","Karrablast","Estándar","Sin marca (Gen 3-5)","ORIGIN_MARK","1","700"
"588:700:ORIGIN_MARK:kalos","588","Karrablast","Estándar","Kalos","ORIGIN_MARK","1","700"
"588:700:ORIGIN_MARK:alola","588","Karrablast","Estándar","Alola","ORIGIN_MARK","1","700"
"588:700:ORIGIN_MARK:pokemon-go","588","Karrablast","Estándar","Pokémon GO","ORIGIN_MARK","0","700"
"588:700:ORIGIN_MARK:galar","588","Karrablast","Estándar","Galar","ORIGIN_MARK","1","700"
"588:700:ORIGIN_MARK:legends-z-a","588","Karrablast","Estándar","Legends: Z-A","ORIGIN_MARK","0","700"
"588:700:DREAM_BALL:dream-ball-v","588","Karrablast","Estándar","Dream Ball (V)","DREAM_BALL","0","700"
"589:701:ORIGIN_MARK:sin-marca-gen-3-5","589","Escavalier","Estándar","Sin marca (Gen 3-5)","ORIGIN_MARK","1","701"
"589:701:ORIGIN_MARK:kalos","589","Escavalier","Estándar","Kalos","ORIGIN_MARK","1","701"
"589:701:ORIGIN_MARK:alola","589","Escavalier","Estándar","Alola","ORIGIN_MARK","1","701"
"589:701:ORIGIN_MARK:pokemon-go","589","Escavalier","Estándar","Pokémon GO","ORIGIN_MARK","0","701"
"589:701:ORIGIN_MARK:galar","589","Escavalier","Estándar","Galar","ORIGIN_MARK","1","701"
"589:701:ORIGIN_MARK:legends-z-a","589","Escavalier","Estándar","Legends: Z-A","ORIGIN_MARK","0","701"
"589:701:DREAM_BALL:dream-ball-v","589","Escavalier","Estándar","Dream Ball (V)","DREAM_BALL","0","701"
"590:702:ORIGIN_MARK:sin-marca-gen-3-5","590","Foongus","Estándar","Sin marca (Gen 3-5)","ORIGIN_MARK","1","702"
"590:702:ORIGIN_MARK:kalos","590","Foongus","Estándar","Kalos","ORIGIN_MARK","1","702"
"590:702:ORIGIN_MARK:alola","590","Foongus","Estándar","Alola","ORIGIN_MARK","1","702"
"590:702:ORIGIN_MARK:pokemon-go","590","Foongus","Estándar","Pokémon GO","ORIGIN_MARK","0","702"
"590:702:ORIGIN_MARK:galar","590","Foongus","Estándar","Galar","ORIGIN_MARK","1","702"
"590:702:ORIGIN_MARK:paldea","590","Foongus","Estándar","Paldea","ORIGIN_MARK","1","702"
"591:703:ORIGIN_MARK:sin-marca-gen-3-5","591","Amoonguss","Estándar","Sin marca (Gen 3-5)","ORIGIN_MARK","1","703"
"591:703:ORIGIN_MARK:kalos","591","Amoonguss","Estándar","Kalos","ORIGIN_MARK","1","703"
"591:703:ORIGIN_MARK:alola","591","Amoonguss","Estándar","Alola","ORIGIN_MARK","1","703"
"591:703:ORIGIN_MARK:pokemon-go","591","Amoonguss","Estándar","Pokémon GO","ORIGIN_MARK","0","703"
"591:703:ORIGIN_MARK:galar","591","Amoonguss","Estándar","Galar","ORIGIN_MARK","1","703"
"591:703:ORIGIN_MARK:paldea","591","Amoonguss","Estándar","Paldea","ORIGIN_MARK","1","703"
"592:704:ORIGIN_MARK:sin-marca-gen-3-5","592","Frillish","Estándar","Sin marca (Gen 3-5)","ORIGIN_MARK","1","704"
"592:704:ORIGIN_MARK:kalos","592","Frillish","Estándar","Kalos","ORIGIN_MARK","1","704"
"592:704:ORIGIN_MARK:alola","592","Frillish","Estándar","Alola","ORIGIN_MARK","1","704"
"592:704:ORIGIN_MARK:pokemon-go","592","Frillish","Estándar","Pokémon GO","ORIGIN_MARK","0","704"
"592:704:ORIGIN_MARK:galar","592","Frillish","Estándar","Galar","ORIGIN_MARK","1","704"
"592:705:ORIGIN_MARK:sin-marca-gen-3-5","592","Frillish female","female","Sin marca (Gen 3-5)","ORIGIN_MARK","1","705"
"592:705:ORIGIN_MARK:kalos","592","Frillish female","female","Kalos","ORIGIN_MARK","1","705"
"592:705:ORIGIN_MARK:alola","592","Frillish female","female","Alola","ORIGIN_MARK","1","705"
"592:705:ORIGIN_MARK:pokemon-go","592","Frillish female","female","Pokémon GO","ORIGIN_MARK","0","705"
"592:705:ORIGIN_MARK:galar","592","Frillish female","female","Galar","ORIGIN_MARK","1","705"
"593:706:ORIGIN_MARK:sin-marca-gen-3-5","593","Jellicent","Estándar","Sin marca (Gen 3-5)","ORIGIN_MARK","1","706"
"593:706:ORIGIN_MARK:kalos","593","Jellicent","Estándar","Kalos","ORIGIN_MARK","1","706"
"593:706:ORIGIN_MARK:alola","593","Jellicent","Estándar","Alola","ORIGIN_MARK","1","706"
"593:706:ORIGIN_MARK:pokemon-go","593","Jellicent","Estándar","Pokémon GO","ORIGIN_MARK","0","706"
"593:706:ORIGIN_MARK:galar","593","Jellicent","Estándar","Galar","ORIGIN_MARK","1","706"
"593:707:ORIGIN_MARK:sin-marca-gen-3-5","593","Jellicent female","female","Sin marca (Gen 3-5)","ORIGIN_MARK","1","707"
"593:707:ORIGIN_MARK:kalos","593","Jellicent female","female","Kalos","ORIGIN_MARK","1","707"
"593:707:ORIGIN_MARK:alola","593","Jellicent female","female","Alola","ORIGIN_MARK","1","707"
"593:707:ORIGIN_MARK:pokemon-go","593","Jellicent female","female","Pokémon GO","ORIGIN_MARK","0","707"
"593:707:ORIGIN_MARK:galar","593","Jellicent female","female","Galar","ORIGIN_MARK","1","707"
"593:707:ORIGIN_MARK:legends-z-a","593","Jellicent female","female","Legends: Z-A","ORIGIN_MARK","0","707"
"593:707:DREAM_BALL:dream-ball-v","593","Jellicent female","female","Dream Ball (V)","DREAM_BALL","0","707"
"594:708:ORIGIN_MARK:sin-marca-gen-3-5","594","Alomomola","Estándar","Sin marca (Gen 3-5)","ORIGIN_MARK","1","708"
"594:708:ORIGIN_MARK:kalos","594","Alomomola","Estándar","Kalos","ORIGIN_MARK","1","708"
"594:708:ORIGIN_MARK:alola","594","Alomomola","Estándar","Alola","ORIGIN_MARK","1","708"
"594:708:ORIGIN_MARK:pokemon-go","594","Alomomola","Estándar","Pokémon GO","ORIGIN_MARK","1","708"
"594:708:ORIGIN_MARK:paldea","594","Alomomola","Estándar","Paldea","ORIGIN_MARK","1","708"
"594:708:ORIGIN_MARK:legends-z-a","594","Alomomola","Estándar","Legends: Z-A","ORIGIN_MARK","0","708"
"594:708:DREAM_BALL:dream-ball-v","594","Alomomola","Estándar","Dream Ball (V)","DREAM_BALL","0","708"
"595:709:ORIGIN_MARK:sin-marca-gen-3-5","595","Joltik","Estándar","Sin marca (Gen 3-5)","ORIGIN_MARK","1","709"
"595:709:ORIGIN_MARK:kalos","595","Joltik","Estándar","Kalos","ORIGIN_MARK","1","709"
"595:709:ORIGIN_MARK:alola","595","Joltik","Estándar","Alola","ORIGIN_MARK","1","709"
"595:709:ORIGIN_MARK:pokemon-go","595","Joltik","Estándar","Pokémon GO","ORIGIN_MARK","0","709"
"595:709:ORIGIN_MARK:galar","595","Joltik","Estándar","Galar","ORIGIN_MARK","1","709"
"595:709:ORIGIN_MARK:paldea","595","Joltik","Estándar","Paldea","ORIGIN_MARK","1","709"
"596:710:ORIGIN_MARK:sin-marca-gen-3-5","596","Galvantula","Estándar","Sin marca (Gen 3-5)","ORIGIN_MARK","1","710"
"596:710:ORIGIN_MARK:kalos","596","Galvantula","Estándar","Kalos","ORIGIN_MARK","1","710"
"596:710:ORIGIN_MARK:alola","596","Galvantula","Estándar","Alola","ORIGIN_MARK","1","710"
"596:710:ORIGIN_MARK:pokemon-go","596","Galvantula","Estándar","Pokémon GO","ORIGIN_MARK","0","710"
"596:710:ORIGIN_MARK:galar","596","Galvantula","Estándar","Galar","ORIGIN_MARK","1","710"
"596:710:ORIGIN_MARK:paldea","596","Galvantula","Estándar","Paldea","ORIGIN_MARK","1","710"
"596:710:ORIGIN_MARK:legends-z-a","596","Galvantula","Estándar","Legends: Z-A","ORIGIN_MARK","0","710"
"596:710:DREAM_BALL:dream-ball-v","596","Galvantula","Estándar","Dream Ball (V)","DREAM_BALL","0","710"
"597:711:ORIGIN_MARK:sin-marca-gen-3-5","597","Ferroseed","Estándar","Sin marca (Gen 3-5)","ORIGIN_MARK","1","711"
"597:711:ORIGIN_MARK:kalos","597","Ferroseed","Estándar","Kalos","ORIGIN_MARK","1","711"
"597:711:ORIGIN_MARK:alola","597","Ferroseed","Estándar","Alola","ORIGIN_MARK","1","711"
"597:711:ORIGIN_MARK:pokemon-go","597","Ferroseed","Estándar","Pokémon GO","ORIGIN_MARK","0","711"
"597:711:ORIGIN_MARK:galar","597","Ferroseed","Estándar","Galar","ORIGIN_MARK","1","711"
"598:712:ORIGIN_MARK:sin-marca-gen-3-5","598","Ferrothorn","Estándar","Sin marca (Gen 3-5)","ORIGIN_MARK","1","712"
"598:712:ORIGIN_MARK:kalos","598","Ferrothorn","Estándar","Kalos","ORIGIN_MARK","1","712"
"598:712:ORIGIN_MARK:alola","598","Ferrothorn","Estándar","Alola","ORIGIN_MARK","1","712"
"598:712:ORIGIN_MARK:pokemon-go","598","Ferrothorn","Estándar","Pokémon GO","ORIGIN_MARK","0","712"
"598:712:ORIGIN_MARK:galar","598","Ferrothorn","Estándar","Galar","ORIGIN_MARK","1","712"
"599:713:ORIGIN_MARK:sin-marca-gen-3-5","599","Klink","Estándar","Sin marca (Gen 3-5)","ORIGIN_MARK","1","713"
"599:713:ORIGIN_MARK:kalos","599","Klink","Estándar","Kalos","ORIGIN_MARK","1","713"
"599:713:ORIGIN_MARK:alola","599","Klink","Estándar","Alola","ORIGIN_MARK","1","713"
"599:713:ORIGIN_MARK:pokemon-go","599","Klink","Estándar","Pokémon GO","ORIGIN_MARK","0","713"
"599:713:ORIGIN_MARK:galar","599","Klink","Estándar","Galar","ORIGIN_MARK","1","713"
"600:714:ORIGIN_MARK:sin-marca-gen-3-5","600","Klang","Estándar","Sin marca (Gen 3-5)","ORIGIN_MARK","1","714"
"600:714:ORIGIN_MARK:kalos","600","Klang","Estándar","Kalos","ORIGIN_MARK","1","714"
"600:714:ORIGIN_MARK:alola","600","Klang","Estándar","Alola","ORIGIN_MARK","1","714"
"600:714:ORIGIN_MARK:pokemon-go","600","Klang","Estándar","Pokémon GO","ORIGIN_MARK","0","714"
"600:714:ORIGIN_MARK:galar","600","Klang","Estándar","Galar","ORIGIN_MARK","1","714"
"600:714:ORIGIN_MARK:legends-z-a","600","Klang","Estándar","Legends: Z-A","ORIGIN_MARK","0","714"
"600:714:DREAM_BALL:dream-ball-v","600","Klang","Estándar","Dream Ball (V)","DREAM_BALL","0","714"
"601:715:ORIGIN_MARK:sin-marca-gen-3-5","601","Klinklang","Estándar","Sin marca (Gen 3-5)","ORIGIN_MARK","1","715"
"601:715:ORIGIN_MARK:kalos","601","Klinklang","Estándar","Kalos","ORIGIN_MARK","1","715"
"601:715:ORIGIN_MARK:alola","601","Klinklang","Estándar","Alola","ORIGIN_MARK","1","715"
"601:715:ORIGIN_MARK:pokemon-go","601","Klinklang","Estándar","Pokémon GO","ORIGIN_MARK","0","715"
"601:715:ORIGIN_MARK:galar","601","Klinklang","Estándar","Galar","ORIGIN_MARK","1","715"
"601:715:ORIGIN_MARK:legends-z-a","601","Klinklang","Estándar","Legends: Z-A","ORIGIN_MARK","0","715"
"601:715:DREAM_BALL:dream-ball-v","601","Klinklang","Estándar","Dream Ball (V)","DREAM_BALL","0","715"
"602:716:ORIGIN_MARK:sin-marca-gen-3-5","602","Tynamo","Estándar","Sin marca (Gen 3-5)","ORIGIN_MARK","1","716"
"602:716:ORIGIN_MARK:kalos","602","Tynamo","Estándar","Kalos","ORIGIN_MARK","1","716"
"602:716:ORIGIN_MARK:alola","602","Tynamo","Estándar","Alola","ORIGIN_MARK","1","716"
"602:716:ORIGIN_MARK:pokemon-go","602","Tynamo","Estándar","Pokémon GO","ORIGIN_MARK","0","716"
"602:716:ORIGIN_MARK:paldea","602","Tynamo","Estándar","Paldea","ORIGIN_MARK","1","716"
"603:717:ORIGIN_MARK:sin-marca-gen-3-5","603","Eelektrik","Estándar","Sin marca (Gen 3-5)","ORIGIN_MARK","1","717"
"603:717:ORIGIN_MARK:kalos","603","Eelektrik","Estándar","Kalos","ORIGIN_MARK","1","717"
"603:717:ORIGIN_MARK:alola","603","Eelektrik","Estándar","Alola","ORIGIN_MARK","1","717"
"603:717:ORIGIN_MARK:pokemon-go","603","Eelektrik","Estándar","Pokémon GO","ORIGIN_MARK","0","717"
"603:717:ORIGIN_MARK:paldea","603","Eelektrik","Estándar","Paldea","ORIGIN_MARK","1","717"
"604:718:ORIGIN_MARK:sin-marca-gen-3-5","604","Eelektross","Estándar","Sin marca (Gen 3-5)","ORIGIN_MARK","1","718"
"604:718:ORIGIN_MARK:kalos","604","Eelektross","Estándar","Kalos","ORIGIN_MARK","1","718"
"604:718:ORIGIN_MARK:alola","604","Eelektross","Estándar","Alola","ORIGIN_MARK","1","718"
"604:718:ORIGIN_MARK:pokemon-go","604","Eelektross","Estándar","Pokémon GO","ORIGIN_MARK","0","718"
"604:718:ORIGIN_MARK:paldea","604","Eelektross","Estándar","Paldea","ORIGIN_MARK","1","718"
"605:719:ORIGIN_MARK:sin-marca-gen-3-5","605","Elgyem","Estándar","Sin marca (Gen 3-5)","ORIGIN_MARK","1","719"
"605:719:ORIGIN_MARK:kalos","605","Elgyem","Estándar","Kalos","ORIGIN_MARK","1","719"
"605:719:ORIGIN_MARK:alola","605","Elgyem","Estándar","Alola","ORIGIN_MARK","1","719"
"605:719:ORIGIN_MARK:pokemon-go","605","Elgyem","Estándar","Pokémon GO","ORIGIN_MARK","0","719"
"605:719:ORIGIN_MARK:galar","605","Elgyem","Estándar","Galar","ORIGIN_MARK","1","719"
"605:719:ORIGIN_MARK:legends-z-a","605","Elgyem","Estándar","Legends: Z-A","ORIGIN_MARK","0","719"
"605:719:DREAM_BALL:dream-ball-v","605","Elgyem","Estándar","Dream Ball (V)","DREAM_BALL","0","719"
"606:720:ORIGIN_MARK:sin-marca-gen-3-5","606","Beheeyem","Estándar","Sin marca (Gen 3-5)","ORIGIN_MARK","1","720"
"606:720:ORIGIN_MARK:kalos","606","Beheeyem","Estándar","Kalos","ORIGIN_MARK","1","720"
"606:720:ORIGIN_MARK:alola","606","Beheeyem","Estándar","Alola","ORIGIN_MARK","1","720"
"606:720:ORIGIN_MARK:pokemon-go","606","Beheeyem","Estándar","Pokémon GO","ORIGIN_MARK","0","720"
"606:720:ORIGIN_MARK:galar","606","Beheeyem","Estándar","Galar","ORIGIN_MARK","1","720"
"606:720:ORIGIN_MARK:legends-z-a","606","Beheeyem","Estándar","Legends: Z-A","ORIGIN_MARK","0","720"
"606:720:DREAM_BALL:dream-ball-v","606","Beheeyem","Estándar","Dream Ball (V)","DREAM_BALL","0","720"
"607:721:ORIGIN_MARK:sin-marca-gen-3-5","607","Litwick","Estándar","Sin marca (Gen 3-5)","ORIGIN_MARK","1","721"
"607:721:ORIGIN_MARK:kalos","607","Litwick","Estándar","Kalos","ORIGIN_MARK","1","721"
"607:721:ORIGIN_MARK:alola","607","Litwick","Estándar","Alola","ORIGIN_MARK","1","721"
"607:721:ORIGIN_MARK:pokemon-go","607","Litwick","Estándar","Pokémon GO","ORIGIN_MARK","1","721"
"607:721:ORIGIN_MARK:galar","607","Litwick","Estándar","Galar","ORIGIN_MARK","1","721"
"607:721:ORIGIN_MARK:paldea","607","Litwick","Estándar","Paldea","ORIGIN_MARK","1","721"
"608:722:ORIGIN_MARK:sin-marca-gen-3-5","608","Lampent","Estándar","Sin marca (Gen 3-5)","ORIGIN_MARK","1","722"
"608:722:ORIGIN_MARK:kalos","608","Lampent","Estándar","Kalos","ORIGIN_MARK","1","722"
"608:722:ORIGIN_MARK:alola","608","Lampent","Estándar","Alola","ORIGIN_MARK","1","722"
"608:722:ORIGIN_MARK:pokemon-go","608","Lampent","Estándar","Pokémon GO","ORIGIN_MARK","1","722"
"608:722:ORIGIN_MARK:galar","608","Lampent","Estándar","Galar","ORIGIN_MARK","1","722"
"608:722:ORIGIN_MARK:paldea","608","Lampent","Estándar","Paldea","ORIGIN_MARK","1","722"
"609:723:ORIGIN_MARK:sin-marca-gen-3-5","609","Chandelure","Estándar","Sin marca (Gen 3-5)","ORIGIN_MARK","1","723"
"609:723:ORIGIN_MARK:kalos","609","Chandelure","Estándar","Kalos","ORIGIN_MARK","1","723"
"609:723:ORIGIN_MARK:alola","609","Chandelure","Estándar","Alola","ORIGIN_MARK","1","723"
"609:723:ORIGIN_MARK:pokemon-go","609","Chandelure","Estándar","Pokémon GO","ORIGIN_MARK","1","723"
"609:723:ORIGIN_MARK:galar","609","Chandelure","Estándar","Galar","ORIGIN_MARK","1","723"
"609:723:ORIGIN_MARK:paldea","609","Chandelure","Estándar","Paldea","ORIGIN_MARK","1","723"
"610:724:ORIGIN_MARK:sin-marca-gen-3-5","610","Axew","Estándar","Sin marca (Gen 3-5)","ORIGIN_MARK","1","724"
"610:724:ORIGIN_MARK:kalos","610","Axew","Estándar","Kalos","ORIGIN_MARK","1","724"
"610:724:ORIGIN_MARK:alola","610","Axew","Estándar","Alola","ORIGIN_MARK","1","724"
"610:724:ORIGIN_MARK:pokemon-go","610","Axew","Estándar","Pokémon GO","ORIGIN_MARK","0","724"
"610:724:ORIGIN_MARK:galar","610","Axew","Estándar","Galar","ORIGIN_MARK","1","724"
"610:724:ORIGIN_MARK:paldea","610","Axew","Estándar","Paldea","ORIGIN_MARK","1","724"
"610:724:ORIGIN_MARK:legends-z-a","610","Axew","Estándar","Legends: Z-A","ORIGIN_MARK","0","724"
"610:724:DREAM_BALL:dream-ball-v","610","Axew","Estándar","Dream Ball (V)","DREAM_BALL","0","724"
"611:725:ORIGIN_MARK:sin-marca-gen-3-5","611","Fraxure","Estándar","Sin marca (Gen 3-5)","ORIGIN_MARK","1","725"
"611:725:ORIGIN_MARK:kalos","611","Fraxure","Estándar","Kalos","ORIGIN_MARK","1","725"
"611:725:ORIGIN_MARK:alola","611","Fraxure","Estándar","Alola","ORIGIN_MARK","1","725"
"611:725:ORIGIN_MARK:pokemon-go","611","Fraxure","Estándar","Pokémon GO","ORIGIN_MARK","0","725"
"611:725:ORIGIN_MARK:galar","611","Fraxure","Estándar","Galar","ORIGIN_MARK","1","725"
"611:725:ORIGIN_MARK:paldea","611","Fraxure","Estándar","Paldea","ORIGIN_MARK","1","725"
"611:725:ORIGIN_MARK:legends-z-a","611","Fraxure","Estándar","Legends: Z-A","ORIGIN_MARK","0","725"
"611:725:DREAM_BALL:dream-ball-v","611","Fraxure","Estándar","Dream Ball (V)","DREAM_BALL","0","725"
"612:726:ORIGIN_MARK:sin-marca-gen-3-5","612","Haxorus","Estándar","Sin marca (Gen 3-5)","ORIGIN_MARK","1","726"
"612:726:ORIGIN_MARK:kalos","612","Haxorus","Estándar","Kalos","ORIGIN_MARK","1","726"
"612:726:ORIGIN_MARK:alola","612","Haxorus","Estándar","Alola","ORIGIN_MARK","1","726"
"612:726:ORIGIN_MARK:pokemon-go","612","Haxorus","Estándar","Pokémon GO","ORIGIN_MARK","0","726"
"612:726:ORIGIN_MARK:galar","612","Haxorus","Estándar","Galar","ORIGIN_MARK","1","726"
"612:726:ORIGIN_MARK:paldea","612","Haxorus","Estándar","Paldea","ORIGIN_MARK","1","726"
"612:726:ORIGIN_MARK:legends-z-a","612","Haxorus","Estándar","Legends: Z-A","ORIGIN_MARK","0","726"
"612:726:DREAM_BALL:dream-ball-v","612","Haxorus","Estándar","Dream Ball (V)","DREAM_BALL","0","726"
"613:727:ORIGIN_MARK:sin-marca-gen-3-5","613","Cubchoo","Estándar","Sin marca (Gen 3-5)","ORIGIN_MARK","1","727"
"613:727:ORIGIN_MARK:kalos","613","Cubchoo","Estándar","Kalos","ORIGIN_MARK","1","727"
"613:727:ORIGIN_MARK:alola","613","Cubchoo","Estándar","Alola","ORIGIN_MARK","1","727"
"613:727:ORIGIN_MARK:pokemon-go","613","Cubchoo","Estándar","Pokémon GO","ORIGIN_MARK","0","727"
"613:727:ORIGIN_MARK:galar","613","Cubchoo","Estándar","Galar","ORIGIN_MARK","1","727"
"613:727:ORIGIN_MARK:paldea","613","Cubchoo","Estándar","Paldea","ORIGIN_MARK","1","727"
"614:728:ORIGIN_MARK:sin-marca-gen-3-5","614","Beartic","Estándar","Sin marca (Gen 3-5)","ORIGIN_MARK","1","728"
"614:728:ORIGIN_MARK:kalos","614","Beartic","Estándar","Kalos","ORIGIN_MARK","1","728"
"614:728:ORIGIN_MARK:alola","614","Beartic","Estándar","Alola","ORIGIN_MARK","1","728"
"614:728:ORIGIN_MARK:pokemon-go","614","Beartic","Estándar","Pokémon GO","ORIGIN_MARK","0","728"
"614:728:ORIGIN_MARK:galar","614","Beartic","Estándar","Galar","ORIGIN_MARK","1","728"
"614:728:ORIGIN_MARK:paldea","614","Beartic","Estándar","Paldea","ORIGIN_MARK","1","728"
"615:729:ORIGIN_MARK:sin-marca-gen-3-5","615","Cryogonal","Estándar","Sin marca (Gen 3-5)","ORIGIN_MARK","1","729"
"615:729:ORIGIN_MARK:kalos","615","Cryogonal","Estándar","Kalos","ORIGIN_MARK","1","729"
"615:729:ORIGIN_MARK:alola","615","Cryogonal","Estándar","Alola","ORIGIN_MARK","1","729"
"615:729:ORIGIN_MARK:pokemon-go","615","Cryogonal","Estándar","Pokémon GO","ORIGIN_MARK","0","729"
"615:729:ORIGIN_MARK:galar","615","Cryogonal","Estándar","Galar","ORIGIN_MARK","1","729"
"615:729:ORIGIN_MARK:paldea","615","Cryogonal","Estándar","Paldea","ORIGIN_MARK","1","729"
"616:730:ORIGIN_MARK:sin-marca-gen-3-5","616","Shelmet","Estándar","Sin marca (Gen 3-5)","ORIGIN_MARK","1","730"
"616:730:ORIGIN_MARK:kalos","616","Shelmet","Estándar","Kalos","ORIGIN_MARK","1","730"
"616:730:ORIGIN_MARK:alola","616","Shelmet","Estándar","Alola","ORIGIN_MARK","1","730"
"616:730:ORIGIN_MARK:pokemon-go","616","Shelmet","Estándar","Pokémon GO","ORIGIN_MARK","0","730"
"616:730:ORIGIN_MARK:galar","616","Shelmet","Estándar","Galar","ORIGIN_MARK","1","730"
"616:730:ORIGIN_MARK:legends-z-a","616","Shelmet","Estándar","Legends: Z-A","ORIGIN_MARK","0","730"
"616:730:DREAM_BALL:dream-ball-v","616","Shelmet","Estándar","Dream Ball (V)","DREAM_BALL","0","730"
"617:731:ORIGIN_MARK:sin-marca-gen-3-5","617","Accelgor","Estándar","Sin marca (Gen 3-5)","ORIGIN_MARK","1","731"
"617:731:ORIGIN_MARK:kalos","617","Accelgor","Estándar","Kalos","ORIGIN_MARK","1","731"
"617:731:ORIGIN_MARK:alola","617","Accelgor","Estándar","Alola","ORIGIN_MARK","1","731"
"617:731:ORIGIN_MARK:pokemon-go","617","Accelgor","Estándar","Pokémon GO","ORIGIN_MARK","0","731"
"617:731:ORIGIN_MARK:galar","617","Accelgor","Estándar","Galar","ORIGIN_MARK","1","731"
"617:731:ORIGIN_MARK:legends-z-a","617","Accelgor","Estándar","Legends: Z-A","ORIGIN_MARK","0","731"
"617:731:DREAM_BALL:dream-ball-v","617","Accelgor","Estándar","Dream Ball (V)","DREAM_BALL","0","731"
"618:732:ORIGIN_MARK:sin-marca-gen-3-5","618","Stunfisk","Estándar","Sin marca (Gen 3-5)","ORIGIN_MARK","1","732"
"618:732:ORIGIN_MARK:kalos","618","Stunfisk","Estándar","Kalos","ORIGIN_MARK","1","732"
"618:732:ORIGIN_MARK:alola","618","Stunfisk","Estándar","Alola","ORIGIN_MARK","1","732"
"618:732:ORIGIN_MARK:pokemon-go","618","Stunfisk","Estándar","Pokémon GO","ORIGIN_MARK","0","732"
"618:732:ORIGIN_MARK:galar","618","Stunfisk","Estándar","Galar","ORIGIN_MARK","0","732"
"618:732:ORIGIN_MARK:legends-z-a","618","Stunfisk","Estándar","Legends: Z-A","ORIGIN_MARK","0","732"
"618:732:DREAM_BALL:dream-ball-v","618","Stunfisk","Estándar","Dream Ball (V)","DREAM_BALL","0","732"
"618:733:ORIGIN_MARK:pokemon-go","618","Stunfisk galar","galar","Pokémon GO","ORIGIN_MARK","0","733"
"618:733:ORIGIN_MARK:galar","618","Stunfisk galar","galar","Galar","ORIGIN_MARK","1","733"
"619:734:ORIGIN_MARK:sin-marca-gen-3-5","619","Mienfoo","Estándar","Sin marca (Gen 3-5)","ORIGIN_MARK","1","734"
"619:734:ORIGIN_MARK:kalos","619","Mienfoo","Estándar","Kalos","ORIGIN_MARK","1","734"
"619:734:ORIGIN_MARK:alola","619","Mienfoo","Estándar","Alola","ORIGIN_MARK","1","734"
"619:734:ORIGIN_MARK:pokemon-go","619","Mienfoo","Estándar","Pokémon GO","ORIGIN_MARK","0","734"
"619:734:ORIGIN_MARK:galar","619","Mienfoo","Estándar","Galar","ORIGIN_MARK","1","734"
"619:734:ORIGIN_MARK:paldea","619","Mienfoo","Estándar","Paldea","ORIGIN_MARK","1","734"
"620:735:ORIGIN_MARK:sin-marca-gen-3-5","620","Mienshao","Estándar","Sin marca (Gen 3-5)","ORIGIN_MARK","1","735"
"620:735:ORIGIN_MARK:kalos","620","Mienshao","Estándar","Kalos","ORIGIN_MARK","1","735"
"620:735:ORIGIN_MARK:alola","620","Mienshao","Estándar","Alola","ORIGIN_MARK","1","735"
"620:735:ORIGIN_MARK:pokemon-go","620","Mienshao","Estándar","Pokémon GO","ORIGIN_MARK","0","735"
"620:735:ORIGIN_MARK:galar","620","Mienshao","Estándar","Galar","ORIGIN_MARK","1","735"
"620:735:ORIGIN_MARK:paldea","620","Mienshao","Estándar","Paldea","ORIGIN_MARK","1","735"
"621:736:ORIGIN_MARK:sin-marca-gen-3-5","621","Druddigon","Estándar","Sin marca (Gen 3-5)","ORIGIN_MARK","1","736"
"621:736:ORIGIN_MARK:kalos","621","Druddigon","Estándar","Kalos","ORIGIN_MARK","1","736"
"621:736:ORIGIN_MARK:alola","621","Druddigon","Estándar","Alola","ORIGIN_MARK","1","736"
"621:736:ORIGIN_MARK:pokemon-go","621","Druddigon","Estándar","Pokémon GO","ORIGIN_MARK","0","736"
"621:736:ORIGIN_MARK:galar","621","Druddigon","Estándar","Galar","ORIGIN_MARK","1","736"
"621:736:ORIGIN_MARK:legends-z-a","621","Druddigon","Estándar","Legends: Z-A","ORIGIN_MARK","0","736"
"621:736:DREAM_BALL:dream-ball-v","621","Druddigon","Estándar","Dream Ball (V)","DREAM_BALL","0","736"
"622:737:ORIGIN_MARK:sin-marca-gen-3-5","622","Golett","Estándar","Sin marca (Gen 3-5)","ORIGIN_MARK","1","737"
"622:737:ORIGIN_MARK:kalos","622","Golett","Estándar","Kalos","ORIGIN_MARK","1","737"
"622:737:ORIGIN_MARK:alola","622","Golett","Estándar","Alola","ORIGIN_MARK","1","737"
"622:737:ORIGIN_MARK:pokemon-go","622","Golett","Estándar","Pokémon GO","ORIGIN_MARK","0","737"
"622:737:ORIGIN_MARK:galar","622","Golett","Estándar","Galar","ORIGIN_MARK","1","737"
"622:737:ORIGIN_MARK:paldea","622","Golett","Estándar","Paldea","ORIGIN_MARK","1","737"
"622:737:ORIGIN_MARK:legends-z-a","622","Golett","Estándar","Legends: Z-A","ORIGIN_MARK","0","737"
"622:737:DREAM_BALL:dream-ball-v","622","Golett","Estándar","Dream Ball (V)","DREAM_BALL","0","737"
"623:738:ORIGIN_MARK:sin-marca-gen-3-5","623","Golurk","Estándar","Sin marca (Gen 3-5)","ORIGIN_MARK","1","738"
"623:738:ORIGIN_MARK:kalos","623","Golurk","Estándar","Kalos","ORIGIN_MARK","1","738"
"623:738:ORIGIN_MARK:alola","623","Golurk","Estándar","Alola","ORIGIN_MARK","1","738"
"623:738:ORIGIN_MARK:pokemon-go","623","Golurk","Estándar","Pokémon GO","ORIGIN_MARK","0","738"
"623:738:ORIGIN_MARK:galar","623","Golurk","Estándar","Galar","ORIGIN_MARK","1","738"
"623:738:ORIGIN_MARK:paldea","623","Golurk","Estándar","Paldea","ORIGIN_MARK","1","738"
"623:738:ORIGIN_MARK:legends-z-a","623","Golurk","Estándar","Legends: Z-A","ORIGIN_MARK","0","738"
"623:738:DREAM_BALL:dream-ball-v","623","Golurk","Estándar","Dream Ball (V)","DREAM_BALL","0","738"
"624:739:ORIGIN_MARK:sin-marca-gen-3-5","624","Pawniard","Estándar","Sin marca (Gen 3-5)","ORIGIN_MARK","1","739"
"624:739:ORIGIN_MARK:kalos","624","Pawniard","Estándar","Kalos","ORIGIN_MARK","1","739"
"624:739:ORIGIN_MARK:alola","624","Pawniard","Estándar","Alola","ORIGIN_MARK","1","739"
"624:739:ORIGIN_MARK:pokemon-go","624","Pawniard","Estándar","Pokémon GO","ORIGIN_MARK","0","739"
"624:739:ORIGIN_MARK:galar","624","Pawniard","Estándar","Galar","ORIGIN_MARK","1","739"
"624:739:ORIGIN_MARK:paldea","624","Pawniard","Estándar","Paldea","ORIGIN_MARK","1","739"
"624:739:ORIGIN_MARK:legends-z-a","624","Pawniard","Estándar","Legends: Z-A","ORIGIN_MARK","0","739"
"624:739:DREAM_BALL:dream-ball-v","624","Pawniard","Estándar","Dream Ball (V)","DREAM_BALL","0","739"
"625:740:ORIGIN_MARK:sin-marca-gen-3-5","625","Bisharp","Estándar","Sin marca (Gen 3-5)","ORIGIN_MARK","1","740"
"625:740:ORIGIN_MARK:kalos","625","Bisharp","Estándar","Kalos","ORIGIN_MARK","1","740"
"625:740:ORIGIN_MARK:alola","625","Bisharp","Estándar","Alola","ORIGIN_MARK","1","740"
"625:740:ORIGIN_MARK:pokemon-go","625","Bisharp","Estándar","Pokémon GO","ORIGIN_MARK","0","740"
"625:740:ORIGIN_MARK:galar","625","Bisharp","Estándar","Galar","ORIGIN_MARK","1","740"
"625:740:ORIGIN_MARK:paldea","625","Bisharp","Estándar","Paldea","ORIGIN_MARK","1","740"
"625:740:ORIGIN_MARK:legends-z-a","625","Bisharp","Estándar","Legends: Z-A","ORIGIN_MARK","0","740"
"625:740:DREAM_BALL:dream-ball-v","625","Bisharp","Estándar","Dream Ball (V)","DREAM_BALL","0","740"
"626:741:ORIGIN_MARK:sin-marca-gen-3-5","626","Bouffalant","Estándar","Sin marca (Gen 3-5)","ORIGIN_MARK","1","741"
"626:741:ORIGIN_MARK:kalos","626","Bouffalant","Estándar","Kalos","ORIGIN_MARK","1","741"
"626:741:ORIGIN_MARK:alola","626","Bouffalant","Estándar","Alola","ORIGIN_MARK","1","741"
"626:741:ORIGIN_MARK:pokemon-go","626","Bouffalant","Estándar","Pokémon GO","ORIGIN_MARK","0","741"
"626:741:ORIGIN_MARK:galar","626","Bouffalant","Estándar","Galar","ORIGIN_MARK","1","741"
"627:742:ORIGIN_MARK:sin-marca-gen-3-5","627","Rufflet","Estándar","Sin marca (Gen 3-5)","ORIGIN_MARK","1","742"
"627:742:ORIGIN_MARK:kalos","627","Rufflet","Estándar","Kalos","ORIGIN_MARK","1","742"
"627:742:ORIGIN_MARK:alola","627","Rufflet","Estándar","Alola","ORIGIN_MARK","1","742"
"627:742:ORIGIN_MARK:pokemon-go","627","Rufflet","Estándar","Pokémon GO","ORIGIN_MARK","0","742"
"627:742:ORIGIN_MARK:galar","627","Rufflet","Estándar","Galar","ORIGIN_MARK","1","742"
"627:742:ORIGIN_MARK:hisui-legends-arceus","627","Rufflet","Estándar","Hisui (Legends: Arceus)","ORIGIN_MARK","0","742"
"627:742:ORIGIN_MARK:paldea","627","Rufflet","Estándar","Paldea","ORIGIN_MARK","1","742"
"628:743:ORIGIN_MARK:sin-marca-gen-3-5","628","Braviary","Estándar","Sin marca (Gen 3-5)","ORIGIN_MARK","1","743"
"628:743:ORIGIN_MARK:kalos","628","Braviary","Estándar","Kalos","ORIGIN_MARK","1","743"
"628:743:ORIGIN_MARK:alola","628","Braviary","Estándar","Alola","ORIGIN_MARK","1","743"
"628:743:ORIGIN_MARK:pokemon-go","628","Braviary","Estándar","Pokémon GO","ORIGIN_MARK","0","743"
"628:743:ORIGIN_MARK:galar","628","Braviary","Estándar","Galar","ORIGIN_MARK","1","743"
"628:743:ORIGIN_MARK:hisui-legends-arceus","628","Braviary","Estándar","Hisui (Legends: Arceus)","ORIGIN_MARK","0","743"
"628:743:ORIGIN_MARK:paldea","628","Braviary","Estándar","Paldea","ORIGIN_MARK","1","743"
"628:744:ORIGIN_MARK:sin-marca-gen-3-5","628","Braviary hisui","hisui","Sin marca (Gen 3-5)","ORIGIN_MARK","0","744"
"628:744:ORIGIN_MARK:kalos","628","Braviary hisui","hisui","Kalos","ORIGIN_MARK","1","744"
"628:744:ORIGIN_MARK:alola","628","Braviary hisui","hisui","Alola","ORIGIN_MARK","1","744"
"628:744:ORIGIN_MARK:pokemon-go","628","Braviary hisui","hisui","Pokémon GO","ORIGIN_MARK","0","744"
"628:744:ORIGIN_MARK:galar","628","Braviary hisui","hisui","Galar","ORIGIN_MARK","0","744"
"628:744:ORIGIN_MARK:hisui-legends-arceus","628","Braviary hisui","hisui","Hisui (Legends: Arceus)","ORIGIN_MARK","0","744"
"628:744:ORIGIN_MARK:paldea","628","Braviary hisui","hisui","Paldea","ORIGIN_MARK","1","744"
"629:745:ORIGIN_MARK:sin-marca-gen-3-5","629","Vullaby","Estándar","Sin marca (Gen 3-5)","ORIGIN_MARK","1","745"
"629:745:ORIGIN_MARK:kalos","629","Vullaby","Estándar","Kalos","ORIGIN_MARK","1","745"
"629:745:ORIGIN_MARK:alola","629","Vullaby","Estándar","Alola","ORIGIN_MARK","1","745"
"629:745:ORIGIN_MARK:pokemon-go","629","Vullaby","Estándar","Pokémon GO","ORIGIN_MARK","0","745"
"629:745:ORIGIN_MARK:galar","629","Vullaby","Estándar","Galar","ORIGIN_MARK","1","745"
"629:745:ORIGIN_MARK:paldea","629","Vullaby","Estándar","Paldea","ORIGIN_MARK","1","745"
"630:746:ORIGIN_MARK:sin-marca-gen-3-5","630","Mandibuzz","Estándar","Sin marca (Gen 3-5)","ORIGIN_MARK","1","746"
"630:746:ORIGIN_MARK:kalos","630","Mandibuzz","Estándar","Kalos","ORIGIN_MARK","1","746"
"630:746:ORIGIN_MARK:alola","630","Mandibuzz","Estándar","Alola","ORIGIN_MARK","1","746"
"630:746:ORIGIN_MARK:pokemon-go","630","Mandibuzz","Estándar","Pokémon GO","ORIGIN_MARK","0","746"
"630:746:ORIGIN_MARK:galar","630","Mandibuzz","Estándar","Galar","ORIGIN_MARK","1","746"
"630:746:ORIGIN_MARK:paldea","630","Mandibuzz","Estándar","Paldea","ORIGIN_MARK","1","746"
"631:747:ORIGIN_MARK:sin-marca-gen-3-5","631","Heatmor","Estándar","Sin marca (Gen 3-5)","ORIGIN_MARK","1","747"
"631:747:ORIGIN_MARK:kalos","631","Heatmor","Estándar","Kalos","ORIGIN_MARK","1","747"
"631:747:ORIGIN_MARK:alola","631","Heatmor","Estándar","Alola","ORIGIN_MARK","1","747"
"631:747:ORIGIN_MARK:pokemon-go","631","Heatmor","Estándar","Pokémon GO","ORIGIN_MARK","0","747"
"631:747:ORIGIN_MARK:galar","631","Heatmor","Estándar","Galar","ORIGIN_MARK","1","747"
"631:747:ORIGIN_MARK:legends-z-a","631","Heatmor","Estándar","Legends: Z-A","ORIGIN_MARK","0","747"
"631:747:DREAM_BALL:dream-ball-v","631","Heatmor","Estándar","Dream Ball (V)","DREAM_BALL","0","747"
"632:748:ORIGIN_MARK:sin-marca-gen-3-5","632","Durant","Estándar","Sin marca (Gen 3-5)","ORIGIN_MARK","1","748"
"632:748:ORIGIN_MARK:kalos","632","Durant","Estándar","Kalos","ORIGIN_MARK","1","748"
"632:748:ORIGIN_MARK:alola","632","Durant","Estándar","Alola","ORIGIN_MARK","1","748"
"632:748:ORIGIN_MARK:pokemon-go","632","Durant","Estándar","Pokémon GO","ORIGIN_MARK","0","748"
"632:748:ORIGIN_MARK:galar","632","Durant","Estándar","Galar","ORIGIN_MARK","1","748"
"632:748:ORIGIN_MARK:legends-z-a","632","Durant","Estándar","Legends: Z-A","ORIGIN_MARK","0","748"
"632:748:DREAM_BALL:dream-ball-v","632","Durant","Estándar","Dream Ball (V)","DREAM_BALL","0","748"
"633:749:ORIGIN_MARK:sin-marca-gen-3-5","633","Deino","Estándar","Sin marca (Gen 3-5)","ORIGIN_MARK","1","749"
"633:749:ORIGIN_MARK:kalos","633","Deino","Estándar","Kalos","ORIGIN_MARK","1","749"
"633:749:ORIGIN_MARK:alola","633","Deino","Estándar","Alola","ORIGIN_MARK","1","749"
"633:749:ORIGIN_MARK:pokemon-go","633","Deino","Estándar","Pokémon GO","ORIGIN_MARK","1","749"
"633:749:ORIGIN_MARK:galar","633","Deino","Estándar","Galar","ORIGIN_MARK","1","749"
"633:749:ORIGIN_MARK:paldea","633","Deino","Estándar","Paldea","ORIGIN_MARK","1","749"
"634:750:ORIGIN_MARK:sin-marca-gen-3-5","634","Zweilous","Estándar","Sin marca (Gen 3-5)","ORIGIN_MARK","1","750"
"634:750:ORIGIN_MARK:kalos","634","Zweilous","Estándar","Kalos","ORIGIN_MARK","1","750"
"634:750:ORIGIN_MARK:alola","634","Zweilous","Estándar","Alola","ORIGIN_MARK","1","750"
"634:750:ORIGIN_MARK:pokemon-go","634","Zweilous","Estándar","Pokémon GO","ORIGIN_MARK","1","750"
"634:750:ORIGIN_MARK:galar","634","Zweilous","Estándar","Galar","ORIGIN_MARK","1","750"
"634:750:ORIGIN_MARK:paldea","634","Zweilous","Estándar","Paldea","ORIGIN_MARK","1","750"
"635:751:ORIGIN_MARK:sin-marca-gen-3-5","635","Hydreigon","Estándar","Sin marca (Gen 3-5)","ORIGIN_MARK","1","751"
"635:751:ORIGIN_MARK:kalos","635","Hydreigon","Estándar","Kalos","ORIGIN_MARK","1","751"
"635:751:ORIGIN_MARK:alola","635","Hydreigon","Estándar","Alola","ORIGIN_MARK","1","751"
"635:751:ORIGIN_MARK:pokemon-go","635","Hydreigon","Estándar","Pokémon GO","ORIGIN_MARK","1","751"
"635:751:ORIGIN_MARK:galar","635","Hydreigon","Estándar","Galar","ORIGIN_MARK","1","751"
"635:751:ORIGIN_MARK:paldea","635","Hydreigon","Estándar","Paldea","ORIGIN_MARK","1","751"
"636:752:ORIGIN_MARK:sin-marca-gen-3-5","636","Larvesta","Estándar","Sin marca (Gen 3-5)","ORIGIN_MARK","1","752"
"636:752:ORIGIN_MARK:kalos","636","Larvesta","Estándar","Kalos","ORIGIN_MARK","1","752"
"636:752:ORIGIN_MARK:alola","636","Larvesta","Estándar","Alola","ORIGIN_MARK","1","752"
"636:752:ORIGIN_MARK:pokemon-go","636","Larvesta","Estándar","Pokémon GO","ORIGIN_MARK","0","752"
"636:752:ORIGIN_MARK:galar","636","Larvesta","Estándar","Galar","ORIGIN_MARK","1","752"
"636:752:ORIGIN_MARK:paldea","636","Larvesta","Estándar","Paldea","ORIGIN_MARK","1","752"
"637:753:ORIGIN_MARK:sin-marca-gen-3-5","637","Volcarona","Estándar","Sin marca (Gen 3-5)","ORIGIN_MARK","1","753"
"637:753:ORIGIN_MARK:kalos","637","Volcarona","Estándar","Kalos","ORIGIN_MARK","1","753"
"637:753:ORIGIN_MARK:alola","637","Volcarona","Estándar","Alola","ORIGIN_MARK","1","753"
"637:753:ORIGIN_MARK:pokemon-go","637","Volcarona","Estándar","Pokémon GO","ORIGIN_MARK","0","753"
"637:753:ORIGIN_MARK:galar","637","Volcarona","Estándar","Galar","ORIGIN_MARK","1","753"
"637:753:ORIGIN_MARK:paldea","637","Volcarona","Estándar","Paldea","ORIGIN_MARK","1","753"
"638:754:ORIGIN_MARK:sin-marca-gen-3-5","638","Cobalion","Estándar","Sin marca (Gen 3-5)","ORIGIN_MARK","1","754"
"638:754:ORIGIN_MARK:kalos","638","Cobalion","Estándar","Kalos","ORIGIN_MARK","1","754"
"638:754:ORIGIN_MARK:alola","638","Cobalion","Estándar","Alola","ORIGIN_MARK","1","754"
"638:754:ORIGIN_MARK:pokemon-go","638","Cobalion","Estándar","Pokémon GO","ORIGIN_MARK","0","754"
"639:755:ORIGIN_MARK:sin-marca-gen-3-5","639","Terrakion","Estándar","Sin marca (Gen 3-5)","ORIGIN_MARK","1","755"
"639:755:ORIGIN_MARK:kalos","639","Terrakion","Estándar","Kalos","ORIGIN_MARK","1","755"
"639:755:ORIGIN_MARK:alola","639","Terrakion","Estándar","Alola","ORIGIN_MARK","1","755"
"639:755:ORIGIN_MARK:pokemon-go","639","Terrakion","Estándar","Pokémon GO","ORIGIN_MARK","0","755"
"640:756:ORIGIN_MARK:sin-marca-gen-3-5","640","Virizion","Estándar","Sin marca (Gen 3-5)","ORIGIN_MARK","1","756"
"640:756:ORIGIN_MARK:kalos","640","Virizion","Estándar","Kalos","ORIGIN_MARK","1","756"
"640:756:ORIGIN_MARK:alola","640","Virizion","Estándar","Alola","ORIGIN_MARK","1","756"
"640:756:ORIGIN_MARK:pokemon-go","640","Virizion","Estándar","Pokémon GO","ORIGIN_MARK","0","756"
"641:757:ORIGIN_MARK:sin-marca-gen-3-5","641","Tornadus","Estándar","Sin marca (Gen 3-5)","ORIGIN_MARK","1","757"
"641:757:ORIGIN_MARK:kalos","641","Tornadus","Estándar","Kalos","ORIGIN_MARK","1","757"
"641:757:ORIGIN_MARK:alola","641","Tornadus","Estándar","Alola","ORIGIN_MARK","1","757"
"641:757:ORIGIN_MARK:pokemon-go","641","Tornadus","Estándar","Pokémon GO","ORIGIN_MARK","0","757"
"641:757:ORIGIN_MARK:galar","641","Tornadus","Estándar","Galar","ORIGIN_MARK","1","757"
"641:757:ORIGIN_MARK:hisui-legends-arceus","641","Tornadus","Estándar","Hisui (Legends: Arceus)","ORIGIN_MARK","0","757"
"641:757:ORIGIN_MARK:legends-z-a","641","Tornadus","Estándar","Legends: Z-A","ORIGIN_MARK","0","757"
"641:757:DREAM_BALL:dream-ball-v","641","Tornadus","Estándar","Dream Ball (V)","DREAM_BALL","0","757"
"641:758:ORIGIN_MARK:sin-marca-gen-3-5","641","Tornadus Therian","Therian","Sin marca (Gen 3-5)","ORIGIN_MARK","1","758"
"641:758:ORIGIN_MARK:kalos","641","Tornadus Therian","Therian","Kalos","ORIGIN_MARK","1","758"
"641:758:ORIGIN_MARK:alola","641","Tornadus Therian","Therian","Alola","ORIGIN_MARK","1","758"
"641:758:ORIGIN_MARK:pokemon-go","641","Tornadus Therian","Therian","Pokémon GO","ORIGIN_MARK","0","758"
"641:758:ORIGIN_MARK:galar","641","Tornadus Therian","Therian","Galar","ORIGIN_MARK","1","758"
"641:758:ORIGIN_MARK:hisui-legends-arceus","641","Tornadus Therian","Therian","Hisui (Legends: Arceus)","ORIGIN_MARK","0","758"
"641:758:ORIGIN_MARK:legends-z-a","641","Tornadus Therian","Therian","Legends: Z-A","ORIGIN_MARK","0","758"
"641:758:DREAM_BALL:dream-ball-v","641","Tornadus Therian","Therian","Dream Ball (V)","DREAM_BALL","1","758"
"642:759:ORIGIN_MARK:sin-marca-gen-3-5","642","Thundurus","Estándar","Sin marca (Gen 3-5)","ORIGIN_MARK","1","759"
"642:759:ORIGIN_MARK:kalos","642","Thundurus","Estándar","Kalos","ORIGIN_MARK","1","759"
"642:759:ORIGIN_MARK:alola","642","Thundurus","Estándar","Alola","ORIGIN_MARK","1","759"
"642:759:ORIGIN_MARK:pokemon-go","642","Thundurus","Estándar","Pokémon GO","ORIGIN_MARK","0","759"
"642:759:ORIGIN_MARK:galar","642","Thundurus","Estándar","Galar","ORIGIN_MARK","1","759"
"642:759:ORIGIN_MARK:hisui-legends-arceus","642","Thundurus","Estándar","Hisui (Legends: Arceus)","ORIGIN_MARK","0","759"
"642:759:ORIGIN_MARK:legends-z-a","642","Thundurus","Estándar","Legends: Z-A","ORIGIN_MARK","0","759"
"642:759:DREAM_BALL:dream-ball-v","642","Thundurus","Estándar","Dream Ball (V)","DREAM_BALL","0","759"
"642:760:ORIGIN_MARK:sin-marca-gen-3-5","642","Thundurus Therian","Therian","Sin marca (Gen 3-5)","ORIGIN_MARK","1","760"
"642:760:ORIGIN_MARK:kalos","642","Thundurus Therian","Therian","Kalos","ORIGIN_MARK","1","760"
"642:760:ORIGIN_MARK:alola","642","Thundurus Therian","Therian","Alola","ORIGIN_MARK","1","760"
"642:760:ORIGIN_MARK:pokemon-go","642","Thundurus Therian","Therian","Pokémon GO","ORIGIN_MARK","0","760"
"642:760:ORIGIN_MARK:galar","642","Thundurus Therian","Therian","Galar","ORIGIN_MARK","1","760"
"642:760:ORIGIN_MARK:hisui-legends-arceus","642","Thundurus Therian","Therian","Hisui (Legends: Arceus)","ORIGIN_MARK","0","760"
"642:760:ORIGIN_MARK:legends-z-a","642","Thundurus Therian","Therian","Legends: Z-A","ORIGIN_MARK","0","760"
"642:760:DREAM_BALL:dream-ball-v","642","Thundurus Therian","Therian","Dream Ball (V)","DREAM_BALL","1","760"
"643:761:ORIGIN_MARK:kalos","643","Reshiram","Estándar","Kalos","ORIGIN_MARK","1","761"
"643:761:ORIGIN_MARK:alola","643","Reshiram","Estándar","Alola","ORIGIN_MARK","1","761"
"643:761:ORIGIN_MARK:pokemon-go","643","Reshiram","Estándar","Pokémon GO","ORIGIN_MARK","0","761"
"643:761:ORIGIN_MARK:galar","643","Reshiram","Estándar","Galar","ORIGIN_MARK","1","761"
"644:762:ORIGIN_MARK:kalos","644","Zekrom","Estándar","Kalos","ORIGIN_MARK","1","762"
"644:762:ORIGIN_MARK:alola","644","Zekrom","Estándar","Alola","ORIGIN_MARK","1","762"
"644:762:ORIGIN_MARK:pokemon-go","644","Zekrom","Estándar","Pokémon GO","ORIGIN_MARK","0","762"
"644:762:ORIGIN_MARK:galar","644","Zekrom","Estándar","Galar","ORIGIN_MARK","1","762"
"645:763:ORIGIN_MARK:sin-marca-gen-3-5","645","Landorus","Estándar","Sin marca (Gen 3-5)","ORIGIN_MARK","1","763"
"645:763:ORIGIN_MARK:kalos","645","Landorus","Estándar","Kalos","ORIGIN_MARK","1","763"
"645:763:ORIGIN_MARK:alola","645","Landorus","Estándar","Alola","ORIGIN_MARK","1","763"
"645:763:ORIGIN_MARK:pokemon-go","645","Landorus","Estándar","Pokémon GO","ORIGIN_MARK","1","763"
"645:763:ORIGIN_MARK:galar","645","Landorus","Estándar","Galar","ORIGIN_MARK","1","763"
"645:763:ORIGIN_MARK:hisui-legends-arceus","645","Landorus","Estándar","Hisui (Legends: Arceus)","ORIGIN_MARK","0","763"
"645:763:ORIGIN_MARK:legends-z-a","645","Landorus","Estándar","Legends: Z-A","ORIGIN_MARK","0","763"
"645:763:DREAM_BALL:dream-ball-v","645","Landorus","Estándar","Dream Ball (V)","DREAM_BALL","0","763"
"645:764:ORIGIN_MARK:sin-marca-gen-3-5","645","Landorus Therian","Therian","Sin marca (Gen 3-5)","ORIGIN_MARK","1","764"
"645:764:ORIGIN_MARK:kalos","645","Landorus Therian","Therian","Kalos","ORIGIN_MARK","1","764"
"645:764:ORIGIN_MARK:alola","645","Landorus Therian","Therian","Alola","ORIGIN_MARK","1","764"
"645:764:ORIGIN_MARK:pokemon-go","645","Landorus Therian","Therian","Pokémon GO","ORIGIN_MARK","0","764"
"645:764:ORIGIN_MARK:galar","645","Landorus Therian","Therian","Galar","ORIGIN_MARK","1","764"
"645:764:ORIGIN_MARK:hisui-legends-arceus","645","Landorus Therian","Therian","Hisui (Legends: Arceus)","ORIGIN_MARK","0","764"
"645:764:ORIGIN_MARK:legends-z-a","645","Landorus Therian","Therian","Legends: Z-A","ORIGIN_MARK","0","764"
"645:764:DREAM_BALL:dream-ball-v","645","Landorus Therian","Therian","Dream Ball (V)","DREAM_BALL","1","764"
"646:765:ORIGIN_MARK:sin-marca-gen-3-5","646","Kyurem","Estándar","Sin marca (Gen 3-5)","ORIGIN_MARK","1","765"
"646:765:ORIGIN_MARK:kalos","646","Kyurem","Estándar","Kalos","ORIGIN_MARK","1","765"
"646:765:ORIGIN_MARK:alola","646","Kyurem","Estándar","Alola","ORIGIN_MARK","1","765"
"646:765:ORIGIN_MARK:pokemon-go","646","Kyurem","Estándar","Pokémon GO","ORIGIN_MARK","0","765"
"646:765:ORIGIN_MARK:galar","646","Kyurem","Estándar","Galar","ORIGIN_MARK","1","765"
"647:766:ORIGIN_MARK:galar","647","Keldeo","Estándar","Galar","ORIGIN_MARK","1","766"
"648:767:ORIGIN_MARK:pokemon-go","648","Meloetta","Estándar","Pokémon GO","ORIGIN_MARK","0","767"
"649:768:ORIGIN_MARK:sin-marca-gen-3-5","649","Genesect","Estándar","Sin marca (Gen 3-5)","ORIGIN_MARK","1","768"
"649:768:ORIGIN_MARK:pokemon-go","649","Genesect","Estándar","Pokémon GO","ORIGIN_MARK","0","768"
"650:769:ORIGIN_MARK:kalos","650","Chespin","Estándar","Kalos","ORIGIN_MARK","1","769"
"650:769:ORIGIN_MARK:alola","650","Chespin","Estándar","Alola","ORIGIN_MARK","1","769"
"650:769:ORIGIN_MARK:pokemon-go","650","Chespin","Estándar","Pokémon GO","ORIGIN_MARK","0","769"
"650:769:ORIGIN_MARK:paldea","650","Chespin","Estándar","Paldea","ORIGIN_MARK","1","769"
"651:770:ORIGIN_MARK:kalos","651","Quilladin","Estándar","Kalos","ORIGIN_MARK","1","770"
"651:770:ORIGIN_MARK:alola","651","Quilladin","Estándar","Alola","ORIGIN_MARK","1","770"
"651:770:ORIGIN_MARK:pokemon-go","651","Quilladin","Estándar","Pokémon GO","ORIGIN_MARK","0","770"
"651:770:ORIGIN_MARK:paldea","651","Quilladin","Estándar","Paldea","ORIGIN_MARK","1","770"
"652:771:ORIGIN_MARK:kalos","652","Chesnaught","Estándar","Kalos","ORIGIN_MARK","1","771"
"652:771:ORIGIN_MARK:alola","652","Chesnaught","Estándar","Alola","ORIGIN_MARK","1","771"
"652:771:ORIGIN_MARK:pokemon-go","652","Chesnaught","Estándar","Pokémon GO","ORIGIN_MARK","0","771"
"652:771:ORIGIN_MARK:paldea","652","Chesnaught","Estándar","Paldea","ORIGIN_MARK","1","771"
"653:772:ORIGIN_MARK:kalos","653","Fennekin","Estándar","Kalos","ORIGIN_MARK","1","772"
"653:772:ORIGIN_MARK:alola","653","Fennekin","Estándar","Alola","ORIGIN_MARK","1","772"
"653:772:ORIGIN_MARK:pokemon-go","653","Fennekin","Estándar","Pokémon GO","ORIGIN_MARK","0","772"
"653:772:ORIGIN_MARK:paldea","653","Fennekin","Estándar","Paldea","ORIGIN_MARK","1","772"
"654:773:ORIGIN_MARK:kalos","654","Braixen","Estándar","Kalos","ORIGIN_MARK","1","773"
"654:773:ORIGIN_MARK:alola","654","Braixen","Estándar","Alola","ORIGIN_MARK","1","773"
"654:773:ORIGIN_MARK:pokemon-go","654","Braixen","Estándar","Pokémon GO","ORIGIN_MARK","0","773"
"654:773:ORIGIN_MARK:paldea","654","Braixen","Estándar","Paldea","ORIGIN_MARK","1","773"
"655:774:ORIGIN_MARK:kalos","655","Delphox","Estándar","Kalos","ORIGIN_MARK","1","774"
"655:774:ORIGIN_MARK:alola","655","Delphox","Estándar","Alola","ORIGIN_MARK","1","774"
"655:774:ORIGIN_MARK:pokemon-go","655","Delphox","Estándar","Pokémon GO","ORIGIN_MARK","0","774"
"655:774:ORIGIN_MARK:paldea","655","Delphox","Estándar","Paldea","ORIGIN_MARK","1","774"
"656:775:ORIGIN_MARK:kalos","656","Froakie","Estándar","Kalos","ORIGIN_MARK","1","775"
"656:775:ORIGIN_MARK:alola","656","Froakie","Estándar","Alola","ORIGIN_MARK","1","775"
"656:775:ORIGIN_MARK:pokemon-go","656","Froakie","Estándar","Pokémon GO","ORIGIN_MARK","0","775"
"656:775:ORIGIN_MARK:paldea","656","Froakie","Estándar","Paldea","ORIGIN_MARK","1","775"
"657:776:ORIGIN_MARK:kalos","657","Frogadier","Estándar","Kalos","ORIGIN_MARK","1","776"
"657:776:ORIGIN_MARK:alola","657","Frogadier","Estándar","Alola","ORIGIN_MARK","1","776"
"657:776:ORIGIN_MARK:pokemon-go","657","Frogadier","Estándar","Pokémon GO","ORIGIN_MARK","0","776"
"657:776:ORIGIN_MARK:paldea","657","Frogadier","Estándar","Paldea","ORIGIN_MARK","1","776"
"658:777:ORIGIN_MARK:kalos","658","Greninja","Estándar","Kalos","ORIGIN_MARK","1","777"
"658:777:ORIGIN_MARK:alola","658","Greninja","Estándar","Alola","ORIGIN_MARK","1","777"
"658:777:ORIGIN_MARK:pokemon-go","658","Greninja","Estándar","Pokémon GO","ORIGIN_MARK","0","777"
"658:777:ORIGIN_MARK:paldea","658","Greninja","Estándar","Paldea","ORIGIN_MARK","1","777"
"659:778:ORIGIN_MARK:kalos","659","Bunnelby","Estándar","Kalos","ORIGIN_MARK","1","778"
"659:778:ORIGIN_MARK:alola","659","Bunnelby","Estándar","Alola","ORIGIN_MARK","1","778"
"659:778:ORIGIN_MARK:pokemon-go","659","Bunnelby","Estándar","Pokémon GO","ORIGIN_MARK","0","778"
"659:778:ORIGIN_MARK:galar","659","Bunnelby","Estándar","Galar","ORIGIN_MARK","1","778"
"660:779:ORIGIN_MARK:kalos","660","Diggersby","Estándar","Kalos","ORIGIN_MARK","1","779"
"660:779:ORIGIN_MARK:alola","660","Diggersby","Estándar","Alola","ORIGIN_MARK","1","779"
"660:779:ORIGIN_MARK:pokemon-go","660","Diggersby","Estándar","Pokémon GO","ORIGIN_MARK","0","779"
"660:779:ORIGIN_MARK:galar","660","Diggersby","Estándar","Galar","ORIGIN_MARK","1","779"
"661:780:ORIGIN_MARK:kalos","661","Fletchling","Estándar","Kalos","ORIGIN_MARK","1","780"
"661:780:ORIGIN_MARK:alola","661","Fletchling","Estándar","Alola","ORIGIN_MARK","1","780"
"661:780:ORIGIN_MARK:pokemon-go","661","Fletchling","Estándar","Pokémon GO","ORIGIN_MARK","1","780"
"661:780:ORIGIN_MARK:galar","661","Fletchling","Estándar","Galar","ORIGIN_MARK","1","780"
"661:780:ORIGIN_MARK:paldea","661","Fletchling","Estándar","Paldea","ORIGIN_MARK","1","780"
"662:781:ORIGIN_MARK:kalos","662","Fletchinder","Estándar","Kalos","ORIGIN_MARK","1","781"
"662:781:ORIGIN_MARK:alola","662","Fletchinder","Estándar","Alola","ORIGIN_MARK","1","781"
"662:781:ORIGIN_MARK:pokemon-go","662","Fletchinder","Estándar","Pokémon GO","ORIGIN_MARK","1","781"
"662:781:ORIGIN_MARK:galar","662","Fletchinder","Estándar","Galar","ORIGIN_MARK","1","781"
"662:781:ORIGIN_MARK:paldea","662","Fletchinder","Estándar","Paldea","ORIGIN_MARK","1","781"
"663:782:ORIGIN_MARK:kalos","663","Talonflame","Estándar","Kalos","ORIGIN_MARK","1","782"
"663:782:ORIGIN_MARK:alola","663","Talonflame","Estándar","Alola","ORIGIN_MARK","1","782"
"663:782:ORIGIN_MARK:pokemon-go","663","Talonflame","Estándar","Pokémon GO","ORIGIN_MARK","1","782"
"663:782:ORIGIN_MARK:galar","663","Talonflame","Estándar","Galar","ORIGIN_MARK","1","782"
"663:782:ORIGIN_MARK:paldea","663","Talonflame","Estándar","Paldea","ORIGIN_MARK","1","782"
"664:783:ORIGIN_MARK:kalos","664","Scatterbug","Estándar","Kalos","ORIGIN_MARK","1","783"
"664:783:ORIGIN_MARK:alola","664","Scatterbug","Estándar","Alola","ORIGIN_MARK","1","783"
"664:783:ORIGIN_MARK:pokemon-go","664","Scatterbug","Estándar","Pokémon GO","ORIGIN_MARK","0","783"
"664:783:ORIGIN_MARK:paldea","664","Scatterbug","Estándar","Paldea","ORIGIN_MARK","1","783"
"665:784:ORIGIN_MARK:kalos","665","Spewpa","Estándar","Kalos","ORIGIN_MARK","1","784"
"665:784:ORIGIN_MARK:alola","665","Spewpa","Estándar","Alola","ORIGIN_MARK","1","784"
"665:784:ORIGIN_MARK:pokemon-go","665","Spewpa","Estándar","Pokémon GO","ORIGIN_MARK","0","784"
"665:784:ORIGIN_MARK:paldea","665","Spewpa","Estándar","Paldea","ORIGIN_MARK","1","784"
"666:785:ORIGIN_MARK:kalos","666","Vivillon archipelago","archipelago","Kalos","ORIGIN_MARK","1","785"
"666:785:ORIGIN_MARK:alola","666","Vivillon archipelago","archipelago","Alola","ORIGIN_MARK","1","785"
"666:785:ORIGIN_MARK:pokemon-go","666","Vivillon archipelago","archipelago","Pokémon GO","ORIGIN_MARK","0","785"
"666:785:ORIGIN_MARK:paldea","666","Vivillon archipelago","archipelago","Paldea","ORIGIN_MARK","1","785"
"666:786:ORIGIN_MARK:kalos","666","Vivillon continental","continental","Kalos","ORIGIN_MARK","1","786"
"666:786:ORIGIN_MARK:alola","666","Vivillon continental","continental","Alola","ORIGIN_MARK","1","786"
"666:786:ORIGIN_MARK:pokemon-go","666","Vivillon continental","continental","Pokémon GO","ORIGIN_MARK","0","786"
"666:786:ORIGIN_MARK:paldea","666","Vivillon continental","continental","Paldea","ORIGIN_MARK","1","786"
"666:787:ORIGIN_MARK:kalos","666","Vivillon elegant","elegant","Kalos","ORIGIN_MARK","1","787"
"666:787:ORIGIN_MARK:alola","666","Vivillon elegant","elegant","Alola","ORIGIN_MARK","1","787"
"666:787:ORIGIN_MARK:pokemon-go","666","Vivillon elegant","elegant","Pokémon GO","ORIGIN_MARK","0","787"
"666:787:ORIGIN_MARK:paldea","666","Vivillon elegant","elegant","Paldea","ORIGIN_MARK","1","787"
"666:788:ORIGIN_MARK:kalos","666","Vivillon fancy","fancy","Kalos","ORIGIN_MARK","1","788"
"666:788:ORIGIN_MARK:alola","666","Vivillon fancy","fancy","Alola","ORIGIN_MARK","1","788"
"666:788:ORIGIN_MARK:paldea","666","Vivillon fancy","fancy","Paldea","ORIGIN_MARK","1","788"
"666:789:ORIGIN_MARK:kalos","666","Vivillon garden","garden","Kalos","ORIGIN_MARK","1","789"
"666:789:ORIGIN_MARK:alola","666","Vivillon garden","garden","Alola","ORIGIN_MARK","1","789"
"666:789:ORIGIN_MARK:pokemon-go","666","Vivillon garden","garden","Pokémon GO","ORIGIN_MARK","0","789"
"666:789:ORIGIN_MARK:paldea","666","Vivillon garden","garden","Paldea","ORIGIN_MARK","1","789"
"666:790:ORIGIN_MARK:kalos","666","Vivillon high plaines","high plaines","Kalos","ORIGIN_MARK","1","790"
"666:790:ORIGIN_MARK:alola","666","Vivillon high plaines","high plaines","Alola","ORIGIN_MARK","1","790"
"666:790:ORIGIN_MARK:pokemon-go","666","Vivillon high plaines","high plaines","Pokémon GO","ORIGIN_MARK","0","790"
"666:790:ORIGIN_MARK:paldea","666","Vivillon high plaines","high plaines","Paldea","ORIGIN_MARK","1","790"
"666:791:ORIGIN_MARK:kalos","666","Vivillon icy snow","icy snow","Kalos","ORIGIN_MARK","1","791"
"666:791:ORIGIN_MARK:alola","666","Vivillon icy snow","icy snow","Alola","ORIGIN_MARK","1","791"
"666:791:ORIGIN_MARK:pokemon-go","666","Vivillon icy snow","icy snow","Pokémon GO","ORIGIN_MARK","0","791"
"666:791:ORIGIN_MARK:paldea","666","Vivillon icy snow","icy snow","Paldea","ORIGIN_MARK","1","791"
"666:792:ORIGIN_MARK:kalos","666","Vivillon jungle","jungle","Kalos","ORIGIN_MARK","1","792"
"666:792:ORIGIN_MARK:alola","666","Vivillon jungle","jungle","Alola","ORIGIN_MARK","1","792"
"666:792:ORIGIN_MARK:pokemon-go","666","Vivillon jungle","jungle","Pokémon GO","ORIGIN_MARK","0","792"
"666:792:ORIGIN_MARK:paldea","666","Vivillon jungle","jungle","Paldea","ORIGIN_MARK","1","792"
"666:793:ORIGIN_MARK:kalos","666","Vivillon marine","marine","Kalos","ORIGIN_MARK","1","793"
"666:793:ORIGIN_MARK:alola","666","Vivillon marine","marine","Alola","ORIGIN_MARK","1","793"
"666:793:ORIGIN_MARK:pokemon-go","666","Vivillon marine","marine","Pokémon GO","ORIGIN_MARK","0","793"
"666:793:ORIGIN_MARK:paldea","666","Vivillon marine","marine","Paldea","ORIGIN_MARK","1","793"
"666:794:ORIGIN_MARK:kalos","666","Vivillon meadow","meadow","Kalos","ORIGIN_MARK","1","794"
"666:794:ORIGIN_MARK:alola","666","Vivillon meadow","meadow","Alola","ORIGIN_MARK","1","794"
"666:794:ORIGIN_MARK:pokemon-go","666","Vivillon meadow","meadow","Pokémon GO","ORIGIN_MARK","0","794"
"666:794:ORIGIN_MARK:paldea","666","Vivillon meadow","meadow","Paldea","ORIGIN_MARK","1","794"
"666:795:ORIGIN_MARK:kalos","666","Vivillon modern","modern","Kalos","ORIGIN_MARK","1","795"
"666:795:ORIGIN_MARK:alola","666","Vivillon modern","modern","Alola","ORIGIN_MARK","1","795"
"666:795:ORIGIN_MARK:pokemon-go","666","Vivillon modern","modern","Pokémon GO","ORIGIN_MARK","0","795"
"666:795:ORIGIN_MARK:paldea","666","Vivillon modern","modern","Paldea","ORIGIN_MARK","1","795"
"666:796:ORIGIN_MARK:kalos","666","Vivillon monsoon","monsoon","Kalos","ORIGIN_MARK","1","796"
"666:796:ORIGIN_MARK:alola","666","Vivillon monsoon","monsoon","Alola","ORIGIN_MARK","1","796"
"666:796:ORIGIN_MARK:pokemon-go","666","Vivillon monsoon","monsoon","Pokémon GO","ORIGIN_MARK","0","796"
"666:796:ORIGIN_MARK:paldea","666","Vivillon monsoon","monsoon","Paldea","ORIGIN_MARK","1","796"
"666:797:ORIGIN_MARK:kalos","666","Vivillon ocean","ocean","Kalos","ORIGIN_MARK","1","797"
"666:797:ORIGIN_MARK:alola","666","Vivillon ocean","ocean","Alola","ORIGIN_MARK","1","797"
"666:797:ORIGIN_MARK:pokemon-go","666","Vivillon ocean","ocean","Pokémon GO","ORIGIN_MARK","0","797"
"666:797:ORIGIN_MARK:paldea","666","Vivillon ocean","ocean","Paldea","ORIGIN_MARK","1","797"
"666:799:ORIGIN_MARK:kalos","666","Vivillon polar","polar","Kalos","ORIGIN_MARK","1","799"
"666:799:ORIGIN_MARK:alola","666","Vivillon polar","polar","Alola","ORIGIN_MARK","1","799"
"666:799:ORIGIN_MARK:pokemon-go","666","Vivillon polar","polar","Pokémon GO","ORIGIN_MARK","0","799"
"666:799:ORIGIN_MARK:paldea","666","Vivillon polar","polar","Paldea","ORIGIN_MARK","1","799"
"666:800:ORIGIN_MARK:kalos","666","Vivillon river","river","Kalos","ORIGIN_MARK","1","800"
"666:800:ORIGIN_MARK:alola","666","Vivillon river","river","Alola","ORIGIN_MARK","1","800"
"666:800:ORIGIN_MARK:pokemon-go","666","Vivillon river","river","Pokémon GO","ORIGIN_MARK","0","800"
"666:800:ORIGIN_MARK:paldea","666","Vivillon river","river","Paldea","ORIGIN_MARK","1","800"
"666:801:ORIGIN_MARK:kalos","666","Vivillon sandstorm","sandstorm","Kalos","ORIGIN_MARK","1","801"
"666:801:ORIGIN_MARK:alola","666","Vivillon sandstorm","sandstorm","Alola","ORIGIN_MARK","1","801"
"666:801:ORIGIN_MARK:pokemon-go","666","Vivillon sandstorm","sandstorm","Pokémon GO","ORIGIN_MARK","0","801"
"666:801:ORIGIN_MARK:paldea","666","Vivillon sandstorm","sandstorm","Paldea","ORIGIN_MARK","1","801"
"666:802:ORIGIN_MARK:kalos","666","Vivillon savanna","savanna","Kalos","ORIGIN_MARK","1","802"
"666:802:ORIGIN_MARK:alola","666","Vivillon savanna","savanna","Alola","ORIGIN_MARK","1","802"
"666:802:ORIGIN_MARK:pokemon-go","666","Vivillon savanna","savanna","Pokémon GO","ORIGIN_MARK","0","802"
"666:802:ORIGIN_MARK:paldea","666","Vivillon savanna","savanna","Paldea","ORIGIN_MARK","1","802"
"666:803:ORIGIN_MARK:kalos","666","Vivillon sun","sun","Kalos","ORIGIN_MARK","1","803"
"666:803:ORIGIN_MARK:alola","666","Vivillon sun","sun","Alola","ORIGIN_MARK","1","803"
"666:803:ORIGIN_MARK:pokemon-go","666","Vivillon sun","sun","Pokémon GO","ORIGIN_MARK","0","803"
"666:803:ORIGIN_MARK:paldea","666","Vivillon sun","sun","Paldea","ORIGIN_MARK","1","803"
"666:804:ORIGIN_MARK:kalos","666","Vivillon tundra","tundra","Kalos","ORIGIN_MARK","1","804"
"666:804:ORIGIN_MARK:alola","666","Vivillon tundra","tundra","Alola","ORIGIN_MARK","1","804"
"666:804:ORIGIN_MARK:pokemon-go","666","Vivillon tundra","tundra","Pokémon GO","ORIGIN_MARK","0","804"
"666:804:ORIGIN_MARK:paldea","666","Vivillon tundra","tundra","Paldea","ORIGIN_MARK","1","804"
"667:805:ORIGIN_MARK:kalos","667","Litleo","Estándar","Kalos","ORIGIN_MARK","1","805"
"667:805:ORIGIN_MARK:alola","667","Litleo","Estándar","Alola","ORIGIN_MARK","1","805"
"667:805:ORIGIN_MARK:pokemon-go","667","Litleo","Estándar","Pokémon GO","ORIGIN_MARK","1","805"
"667:805:ORIGIN_MARK:paldea","667","Litleo","Estándar","Paldea","ORIGIN_MARK","1","805"
"668:806:ORIGIN_MARK:kalos","668","Pyroar","Estándar","Kalos","ORIGIN_MARK","1","806"
"668:806:ORIGIN_MARK:alola","668","Pyroar","Estándar","Alola","ORIGIN_MARK","1","806"
"668:806:ORIGIN_MARK:pokemon-go","668","Pyroar","Estándar","Pokémon GO","ORIGIN_MARK","0","806"
"668:806:ORIGIN_MARK:paldea","668","Pyroar","Estándar","Paldea","ORIGIN_MARK","1","806"
"668:807:ORIGIN_MARK:kalos","668","Pyroar female","female","Kalos","ORIGIN_MARK","1","807"
"668:807:ORIGIN_MARK:alola","668","Pyroar female","female","Alola","ORIGIN_MARK","1","807"
"668:807:ORIGIN_MARK:pokemon-go","668","Pyroar female","female","Pokémon GO","ORIGIN_MARK","0","807"
"668:807:ORIGIN_MARK:paldea","668","Pyroar female","female","Paldea","ORIGIN_MARK","1","807"
"669:808:ORIGIN_MARK:kalos","669","Flabébé red","red","Kalos","ORIGIN_MARK","1","808"
"669:808:ORIGIN_MARK:alola","669","Flabébé red","red","Alola","ORIGIN_MARK","1","808"
"669:808:ORIGIN_MARK:pokemon-go","669","Flabébé red","red","Pokémon GO","ORIGIN_MARK","0","808"
"669:808:ORIGIN_MARK:galar","669","Flabébé red","red","Galar","ORIGIN_MARK","0","808"
"669:808:ORIGIN_MARK:paldea","669","Flabébé red","red","Paldea","ORIGIN_MARK","1","808"
"669:809:ORIGIN_MARK:kalos","669","Flabébé yellow","yellow","Kalos","ORIGIN_MARK","1","809"
"669:809:ORIGIN_MARK:alola","669","Flabébé yellow","yellow","Alola","ORIGIN_MARK","1","809"
"669:809:ORIGIN_MARK:pokemon-go","669","Flabébé yellow","yellow","Pokémon GO","ORIGIN_MARK","0","809"
"669:809:ORIGIN_MARK:galar","669","Flabébé yellow","yellow","Galar","ORIGIN_MARK","0","809"
"669:809:ORIGIN_MARK:paldea","669","Flabébé yellow","yellow","Paldea","ORIGIN_MARK","1","809"
"669:810:ORIGIN_MARK:kalos","669","Flabébé orange","orange","Kalos","ORIGIN_MARK","1","810"
"669:810:ORIGIN_MARK:alola","669","Flabébé orange","orange","Alola","ORIGIN_MARK","1","810"
"669:810:ORIGIN_MARK:pokemon-go","669","Flabébé orange","orange","Pokémon GO","ORIGIN_MARK","0","810"
"669:810:ORIGIN_MARK:galar","669","Flabébé orange","orange","Galar","ORIGIN_MARK","0","810"
"669:810:ORIGIN_MARK:paldea","669","Flabébé orange","orange","Paldea","ORIGIN_MARK","1","810"
"669:811:ORIGIN_MARK:kalos","669","Flabébé blue","blue","Kalos","ORIGIN_MARK","1","811"
"669:811:ORIGIN_MARK:alola","669","Flabébé blue","blue","Alola","ORIGIN_MARK","1","811"
"669:811:ORIGIN_MARK:pokemon-go","669","Flabébé blue","blue","Pokémon GO","ORIGIN_MARK","0","811"
"669:811:ORIGIN_MARK:galar","669","Flabébé blue","blue","Galar","ORIGIN_MARK","0","811"
"669:811:ORIGIN_MARK:paldea","669","Flabébé blue","blue","Paldea","ORIGIN_MARK","1","811"
"669:812:ORIGIN_MARK:kalos","669","Flabébé white","white","Kalos","ORIGIN_MARK","1","812"
"669:812:ORIGIN_MARK:alola","669","Flabébé white","white","Alola","ORIGIN_MARK","1","812"
"669:812:ORIGIN_MARK:pokemon-go","669","Flabébé white","white","Pokémon GO","ORIGIN_MARK","0","812"
"669:812:ORIGIN_MARK:galar","669","Flabébé white","white","Galar","ORIGIN_MARK","0","812"
"669:812:ORIGIN_MARK:paldea","669","Flabébé white","white","Paldea","ORIGIN_MARK","1","812"
"670:813:ORIGIN_MARK:kalos","670","Floette red","red","Kalos","ORIGIN_MARK","1","813"
"670:813:ORIGIN_MARK:alola","670","Floette red","red","Alola","ORIGIN_MARK","1","813"
"670:813:ORIGIN_MARK:pokemon-go","670","Floette red","red","Pokémon GO","ORIGIN_MARK","0","813"
"670:813:ORIGIN_MARK:galar","670","Floette red","red","Galar","ORIGIN_MARK","0","813"
"670:813:ORIGIN_MARK:paldea","670","Floette red","red","Paldea","ORIGIN_MARK","1","813"
"670:814:ORIGIN_MARK:kalos","670","Floette yellow","yellow","Kalos","ORIGIN_MARK","1","814"
"670:814:ORIGIN_MARK:alola","670","Floette yellow","yellow","Alola","ORIGIN_MARK","1","814"
"670:814:ORIGIN_MARK:pokemon-go","670","Floette yellow","yellow","Pokémon GO","ORIGIN_MARK","0","814"
"670:814:ORIGIN_MARK:galar","670","Floette yellow","yellow","Galar","ORIGIN_MARK","0","814"
"670:814:ORIGIN_MARK:paldea","670","Floette yellow","yellow","Paldea","ORIGIN_MARK","1","814"
"670:815:ORIGIN_MARK:kalos","670","Floette orange","orange","Kalos","ORIGIN_MARK","1","815"
"670:815:ORIGIN_MARK:alola","670","Floette orange","orange","Alola","ORIGIN_MARK","1","815"
"670:815:ORIGIN_MARK:pokemon-go","670","Floette orange","orange","Pokémon GO","ORIGIN_MARK","0","815"
"670:815:ORIGIN_MARK:galar","670","Floette orange","orange","Galar","ORIGIN_MARK","0","815"
"670:815:ORIGIN_MARK:paldea","670","Floette orange","orange","Paldea","ORIGIN_MARK","1","815"
"670:816:ORIGIN_MARK:kalos","670","Floette blue","blue","Kalos","ORIGIN_MARK","1","816"
"670:816:ORIGIN_MARK:alola","670","Floette blue","blue","Alola","ORIGIN_MARK","1","816"
"670:816:ORIGIN_MARK:pokemon-go","670","Floette blue","blue","Pokémon GO","ORIGIN_MARK","0","816"
"670:816:ORIGIN_MARK:galar","670","Floette blue","blue","Galar","ORIGIN_MARK","0","816"
"670:816:ORIGIN_MARK:paldea","670","Floette blue","blue","Paldea","ORIGIN_MARK","1","816"
"670:817:ORIGIN_MARK:kalos","670","Floette white","white","Kalos","ORIGIN_MARK","1","817"
"670:817:ORIGIN_MARK:alola","670","Floette white","white","Alola","ORIGIN_MARK","1","817"
"670:817:ORIGIN_MARK:pokemon-go","670","Floette white","white","Pokémon GO","ORIGIN_MARK","0","817"
"670:817:ORIGIN_MARK:galar","670","Floette white","white","Galar","ORIGIN_MARK","0","817"
"670:817:ORIGIN_MARK:paldea","670","Floette white","white","Paldea","ORIGIN_MARK","1","817"
"671:818:ORIGIN_MARK:kalos","671","Florges red","red","Kalos","ORIGIN_MARK","1","818"
"671:818:ORIGIN_MARK:alola","671","Florges red","red","Alola","ORIGIN_MARK","1","818"
"671:818:ORIGIN_MARK:pokemon-go","671","Florges red","red","Pokémon GO","ORIGIN_MARK","0","818"
"671:818:ORIGIN_MARK:galar","671","Florges red","red","Galar","ORIGIN_MARK","0","818"
"671:818:ORIGIN_MARK:paldea","671","Florges red","red","Paldea","ORIGIN_MARK","1","818"
"671:819:ORIGIN_MARK:kalos","671","Florges yellow","yellow","Kalos","ORIGIN_MARK","1","819"
"671:819:ORIGIN_MARK:alola","671","Florges yellow","yellow","Alola","ORIGIN_MARK","1","819"
"671:819:ORIGIN_MARK:pokemon-go","671","Florges yellow","yellow","Pokémon GO","ORIGIN_MARK","0","819"
"671:819:ORIGIN_MARK:galar","671","Florges yellow","yellow","Galar","ORIGIN_MARK","0","819"
"671:819:ORIGIN_MARK:paldea","671","Florges yellow","yellow","Paldea","ORIGIN_MARK","1","819"
"671:820:ORIGIN_MARK:kalos","671","Florges orange","orange","Kalos","ORIGIN_MARK","1","820"
"671:820:ORIGIN_MARK:alola","671","Florges orange","orange","Alola","ORIGIN_MARK","1","820"
"671:820:ORIGIN_MARK:pokemon-go","671","Florges orange","orange","Pokémon GO","ORIGIN_MARK","0","820"
"671:820:ORIGIN_MARK:galar","671","Florges orange","orange","Galar","ORIGIN_MARK","0","820"
"671:820:ORIGIN_MARK:paldea","671","Florges orange","orange","Paldea","ORIGIN_MARK","1","820"
"671:821:ORIGIN_MARK:kalos","671","Florges blue","blue","Kalos","ORIGIN_MARK","1","821"
"671:821:ORIGIN_MARK:alola","671","Florges blue","blue","Alola","ORIGIN_MARK","1","821"
"671:821:ORIGIN_MARK:pokemon-go","671","Florges blue","blue","Pokémon GO","ORIGIN_MARK","0","821"
"671:821:ORIGIN_MARK:galar","671","Florges blue","blue","Galar","ORIGIN_MARK","0","821"
"671:821:ORIGIN_MARK:paldea","671","Florges blue","blue","Paldea","ORIGIN_MARK","1","821"
"671:822:ORIGIN_MARK:kalos","671","Florges white","white","Kalos","ORIGIN_MARK","1","822"
"671:822:ORIGIN_MARK:alola","671","Florges white","white","Alola","ORIGIN_MARK","1","822"
"671:822:ORIGIN_MARK:pokemon-go","671","Florges white","white","Pokémon GO","ORIGIN_MARK","0","822"
"671:822:ORIGIN_MARK:galar","671","Florges white","white","Galar","ORIGIN_MARK","0","822"
"671:822:ORIGIN_MARK:paldea","671","Florges white","white","Paldea","ORIGIN_MARK","1","822"
"672:823:ORIGIN_MARK:kalos","672","Skiddo","Estándar","Kalos","ORIGIN_MARK","1","823"
"672:823:ORIGIN_MARK:alola","672","Skiddo","Estándar","Alola","ORIGIN_MARK","1","823"
"672:823:ORIGIN_MARK:paldea","672","Skiddo","Estándar","Paldea","ORIGIN_MARK","1","823"
"673:824:ORIGIN_MARK:kalos","673","Gogoat","Estándar","Kalos","ORIGIN_MARK","1","824"
"673:824:ORIGIN_MARK:alola","673","Gogoat","Estándar","Alola","ORIGIN_MARK","1","824"
"673:824:ORIGIN_MARK:paldea","673","Gogoat","Estándar","Paldea","ORIGIN_MARK","1","824"
"674:825:ORIGIN_MARK:kalos","674","Pancham","Estándar","Kalos","ORIGIN_MARK","1","825"
"674:825:ORIGIN_MARK:alola","674","Pancham","Estándar","Alola","ORIGIN_MARK","1","825"
"674:825:ORIGIN_MARK:pokemon-go","674","Pancham","Estándar","Pokémon GO","ORIGIN_MARK","0","825"
"674:825:ORIGIN_MARK:galar","674","Pancham","Estándar","Galar","ORIGIN_MARK","0","825"
"675:826:ORIGIN_MARK:kalos","675","Pangoro","Estándar","Kalos","ORIGIN_MARK","1","826"
"675:826:ORIGIN_MARK:alola","675","Pangoro","Estándar","Alola","ORIGIN_MARK","1","826"
"675:826:ORIGIN_MARK:pokemon-go","675","Pangoro","Estándar","Pokémon GO","ORIGIN_MARK","0","826"
"675:826:ORIGIN_MARK:galar","675","Pangoro","Estándar","Galar","ORIGIN_MARK","0","826"
"676:827:ORIGIN_MARK:kalos","676","Furfrou","Estándar","Kalos","ORIGIN_MARK","1","827"
"676:827:ORIGIN_MARK:alola","676","Furfrou","Estándar","Alola","ORIGIN_MARK","1","827"
"676:827:ORIGIN_MARK:pokemon-go","676","Furfrou","Estándar","Pokémon GO","ORIGIN_MARK","0","827"
"676:828:ORIGIN_MARK:pokemon-go","676","Furfrou Dandy","Dandy","Pokémon GO","ORIGIN_MARK","0","828"
"676:829:ORIGIN_MARK:pokemon-go","676","Furfrou Debutante","Debutante","Pokémon GO","ORIGIN_MARK","0","829"
"676:830:ORIGIN_MARK:pokemon-go","676","Furfrou Diamond","Diamond","Pokémon GO","ORIGIN_MARK","0","830"
"676:831:ORIGIN_MARK:pokemon-go","676","Furfrou Pharoah","Pharoah","Pokémon GO","ORIGIN_MARK","0","831"
"676:832:ORIGIN_MARK:pokemon-go","676","Furfrou Heart","Heart","Pokémon GO","ORIGIN_MARK","0","832"
"676:833:ORIGIN_MARK:pokemon-go","676","Furfrou Kabuki","Kabuki","Pokémon GO","ORIGIN_MARK","0","833"
"676:834:ORIGIN_MARK:pokemon-go","676","Furfrou La Reine","La Reine","Pokémon GO","ORIGIN_MARK","0","834"
"676:835:ORIGIN_MARK:pokemon-go","676","Furfrou Matron","Matron","Pokémon GO","ORIGIN_MARK","0","835"
"676:836:ORIGIN_MARK:pokemon-go","676","Furfrou Star","Star","Pokémon GO","ORIGIN_MARK","0","836"
"677:837:ORIGIN_MARK:kalos","677","Espurr","Estándar","Kalos","ORIGIN_MARK","1","837"
"677:837:ORIGIN_MARK:alola","677","Espurr","Estándar","Alola","ORIGIN_MARK","1","837"
"677:837:ORIGIN_MARK:pokemon-go","677","Espurr","Estándar","Pokémon GO","ORIGIN_MARK","0","837"
"677:837:ORIGIN_MARK:galar","677","Espurr","Estándar","Galar","ORIGIN_MARK","1","837"
"677:837:ORIGIN_MARK:paldea","677","Espurr","Estándar","Paldea","ORIGIN_MARK","1","837"
"678:838:ORIGIN_MARK:kalos","678","Meowstic","Estándar","Kalos","ORIGIN_MARK","1","838"
"678:838:ORIGIN_MARK:alola","678","Meowstic","Estándar","Alola","ORIGIN_MARK","1","838"
"678:838:ORIGIN_MARK:pokemon-go","678","Meowstic","Estándar","Pokémon GO","ORIGIN_MARK","0","838"
"678:838:ORIGIN_MARK:galar","678","Meowstic","Estándar","Galar","ORIGIN_MARK","1","838"
"678:838:ORIGIN_MARK:paldea","678","Meowstic","Estándar","Paldea","ORIGIN_MARK","1","838"
"678:839:ORIGIN_MARK:kalos","678","Meowstic female","female","Kalos","ORIGIN_MARK","1","839"
"678:839:ORIGIN_MARK:alola","678","Meowstic female","female","Alola","ORIGIN_MARK","1","839"
"678:839:ORIGIN_MARK:pokemon-go","678","Meowstic female","female","Pokémon GO","ORIGIN_MARK","0","839"
"678:839:ORIGIN_MARK:galar","678","Meowstic female","female","Galar","ORIGIN_MARK","1","839"
"678:839:ORIGIN_MARK:paldea","678","Meowstic female","female","Paldea","ORIGIN_MARK","1","839"
"679:840:ORIGIN_MARK:kalos","679","Honedge","Estándar","Kalos","ORIGIN_MARK","1","840"
"679:840:ORIGIN_MARK:alola","679","Honedge","Estándar","Alola","ORIGIN_MARK","1","840"
"679:840:ORIGIN_MARK:galar","679","Honedge","Estándar","Galar","ORIGIN_MARK","1","840"
"680:841:ORIGIN_MARK:kalos","680","Doublade","Estándar","Kalos","ORIGIN_MARK","1","841"
"680:841:ORIGIN_MARK:alola","680","Doublade","Estándar","Alola","ORIGIN_MARK","1","841"
"680:841:ORIGIN_MARK:galar","680","Doublade","Estándar","Galar","ORIGIN_MARK","1","841"
"681:842:ORIGIN_MARK:kalos","681","Aegislash","Estándar","Kalos","ORIGIN_MARK","1","842"
"681:842:ORIGIN_MARK:alola","681","Aegislash","Estándar","Alola","ORIGIN_MARK","1","842"
"681:842:ORIGIN_MARK:galar","681","Aegislash","Estándar","Galar","ORIGIN_MARK","1","842"
"682:843:ORIGIN_MARK:kalos","682","Spritzee","Estándar","Kalos","ORIGIN_MARK","1","843"
"682:843:ORIGIN_MARK:alola","682","Spritzee","Estándar","Alola","ORIGIN_MARK","1","843"
"682:843:ORIGIN_MARK:pokemon-go","682","Spritzee","Estándar","Pokémon GO","ORIGIN_MARK","0","843"
"682:843:ORIGIN_MARK:galar","682","Spritzee","Estándar","Galar","ORIGIN_MARK","1","843"
"683:844:ORIGIN_MARK:kalos","683","Aromatisse","Estándar","Kalos","ORIGIN_MARK","1","844"
"683:844:ORIGIN_MARK:alola","683","Aromatisse","Estándar","Alola","ORIGIN_MARK","1","844"
"683:844:ORIGIN_MARK:pokemon-go","683","Aromatisse","Estándar","Pokémon GO","ORIGIN_MARK","0","844"
"683:844:ORIGIN_MARK:galar","683","Aromatisse","Estándar","Galar","ORIGIN_MARK","1","844"
"684:845:ORIGIN_MARK:kalos","684","Swirlix","Estándar","Kalos","ORIGIN_MARK","1","845"
"684:845:ORIGIN_MARK:alola","684","Swirlix","Estándar","Alola","ORIGIN_MARK","1","845"
"684:845:ORIGIN_MARK:pokemon-go","684","Swirlix","Estándar","Pokémon GO","ORIGIN_MARK","0","845"
"684:845:ORIGIN_MARK:galar","684","Swirlix","Estándar","Galar","ORIGIN_MARK","1","845"
"685:846:ORIGIN_MARK:kalos","685","Slurpuff","Estándar","Kalos","ORIGIN_MARK","1","846"
"685:846:ORIGIN_MARK:alola","685","Slurpuff","Estándar","Alola","ORIGIN_MARK","1","846"
"685:846:ORIGIN_MARK:pokemon-go","685","Slurpuff","Estándar","Pokémon GO","ORIGIN_MARK","0","846"
"685:846:ORIGIN_MARK:galar","685","Slurpuff","Estándar","Galar","ORIGIN_MARK","1","846"
"686:847:ORIGIN_MARK:kalos","686","Inkay","Estándar","Kalos","ORIGIN_MARK","1","847"
"686:847:ORIGIN_MARK:alola","686","Inkay","Estándar","Alola","ORIGIN_MARK","1","847"
"686:847:ORIGIN_MARK:pokemon-go","686","Inkay","Estándar","Pokémon GO","ORIGIN_MARK","0","847"
"686:847:ORIGIN_MARK:galar","686","Inkay","Estándar","Galar","ORIGIN_MARK","1","847"
"686:847:ORIGIN_MARK:paldea","686","Inkay","Estándar","Paldea","ORIGIN_MARK","1","847"
"687:848:ORIGIN_MARK:kalos","687","Malamar","Estándar","Kalos","ORIGIN_MARK","1","848"
"687:848:ORIGIN_MARK:alola","687","Malamar","Estándar","Alola","ORIGIN_MARK","1","848"
"687:848:ORIGIN_MARK:pokemon-go","687","Malamar","Estándar","Pokémon GO","ORIGIN_MARK","0","848"
"687:848:ORIGIN_MARK:galar","687","Malamar","Estándar","Galar","ORIGIN_MARK","1","848"
"687:848:ORIGIN_MARK:paldea","687","Malamar","Estándar","Paldea","ORIGIN_MARK","1","848"
"688:849:ORIGIN_MARK:kalos","688","Binacle","Estándar","Kalos","ORIGIN_MARK","1","849"
"688:849:ORIGIN_MARK:alola","688","Binacle","Estándar","Alola","ORIGIN_MARK","1","849"
"688:849:ORIGIN_MARK:pokemon-go","688","Binacle","Estándar","Pokémon GO","ORIGIN_MARK","0","849"
"688:849:ORIGIN_MARK:galar","688","Binacle","Estándar","Galar","ORIGIN_MARK","1","849"
"689:850:ORIGIN_MARK:kalos","689","Barbaracle","Estándar","Kalos","ORIGIN_MARK","1","850"
"689:850:ORIGIN_MARK:alola","689","Barbaracle","Estándar","Alola","ORIGIN_MARK","1","850"
"689:850:ORIGIN_MARK:pokemon-go","689","Barbaracle","Estándar","Pokémon GO","ORIGIN_MARK","0","850"
"689:850:ORIGIN_MARK:galar","689","Barbaracle","Estándar","Galar","ORIGIN_MARK","1","850"
"690:851:ORIGIN_MARK:kalos","690","Skrelp","Estándar","Kalos","ORIGIN_MARK","1","851"
"690:851:ORIGIN_MARK:alola","690","Skrelp","Estándar","Alola","ORIGIN_MARK","1","851"
"690:851:ORIGIN_MARK:pokemon-go","690","Skrelp","Estándar","Pokémon GO","ORIGIN_MARK","0","851"
"690:851:ORIGIN_MARK:galar","690","Skrelp","Estándar","Galar","ORIGIN_MARK","1","851"
"690:851:ORIGIN_MARK:paldea","690","Skrelp","Estándar","Paldea","ORIGIN_MARK","1","851"
"691:852:ORIGIN_MARK:kalos","691","Dragalge","Estándar","Kalos","ORIGIN_MARK","1","852"
"691:852:ORIGIN_MARK:alola","691","Dragalge","Estándar","Alola","ORIGIN_MARK","1","852"
"691:852:ORIGIN_MARK:pokemon-go","691","Dragalge","Estándar","Pokémon GO","ORIGIN_MARK","0","852"
"691:852:ORIGIN_MARK:galar","691","Dragalge","Estándar","Galar","ORIGIN_MARK","1","852"
"691:852:ORIGIN_MARK:paldea","691","Dragalge","Estándar","Paldea","ORIGIN_MARK","1","852"
"692:853:ORIGIN_MARK:kalos","692","Clauncher","Estándar","Kalos","ORIGIN_MARK","1","853"
"692:853:ORIGIN_MARK:alola","692","Clauncher","Estándar","Alola","ORIGIN_MARK","1","853"
"692:853:ORIGIN_MARK:pokemon-go","692","Clauncher","Estándar","Pokémon GO","ORIGIN_MARK","1","853"
"692:853:ORIGIN_MARK:galar","692","Clauncher","Estándar","Galar","ORIGIN_MARK","1","853"
"692:853:ORIGIN_MARK:paldea","692","Clauncher","Estándar","Paldea","ORIGIN_MARK","1","853"
"693:854:ORIGIN_MARK:kalos","693","Clawitzer","Estándar","Kalos","ORIGIN_MARK","1","854"
"693:854:ORIGIN_MARK:alola","693","Clawitzer","Estándar","Alola","ORIGIN_MARK","1","854"
"693:854:ORIGIN_MARK:pokemon-go","693","Clawitzer","Estándar","Pokémon GO","ORIGIN_MARK","0","854"
"693:854:ORIGIN_MARK:galar","693","Clawitzer","Estándar","Galar","ORIGIN_MARK","1","854"
"693:854:ORIGIN_MARK:paldea","693","Clawitzer","Estándar","Paldea","ORIGIN_MARK","1","854"
"694:855:ORIGIN_MARK:kalos","694","Helioptile","Estándar","Kalos","ORIGIN_MARK","1","855"
"694:855:ORIGIN_MARK:alola","694","Helioptile","Estándar","Alola","ORIGIN_MARK","1","855"
"694:855:ORIGIN_MARK:pokemon-go","694","Helioptile","Estándar","Pokémon GO","ORIGIN_MARK","0","855"
"694:855:ORIGIN_MARK:galar","694","Helioptile","Estándar","Galar","ORIGIN_MARK","1","855"
"695:856:ORIGIN_MARK:kalos","695","Heliolisk","Estándar","Kalos","ORIGIN_MARK","1","856"
"695:856:ORIGIN_MARK:alola","695","Heliolisk","Estándar","Alola","ORIGIN_MARK","1","856"
"695:856:ORIGIN_MARK:pokemon-go","695","Heliolisk","Estándar","Pokémon GO","ORIGIN_MARK","0","856"
"695:856:ORIGIN_MARK:galar","695","Heliolisk","Estándar","Galar","ORIGIN_MARK","1","856"
"696:857:ORIGIN_MARK:kalos","696","Tyrunt","Estándar","Kalos","ORIGIN_MARK","1","857"
"696:857:ORIGIN_MARK:alola","696","Tyrunt","Estándar","Alola","ORIGIN_MARK","1","857"
"696:857:ORIGIN_MARK:pokemon-go","696","Tyrunt","Estándar","Pokémon GO","ORIGIN_MARK","0","857"
"696:857:ORIGIN_MARK:galar","696","Tyrunt","Estándar","Galar","ORIGIN_MARK","1","857"
"697:858:ORIGIN_MARK:kalos","697","Tyrantrum","Estándar","Kalos","ORIGIN_MARK","1","858"
"697:858:ORIGIN_MARK:alola","697","Tyrantrum","Estándar","Alola","ORIGIN_MARK","1","858"
"697:858:ORIGIN_MARK:pokemon-go","697","Tyrantrum","Estándar","Pokémon GO","ORIGIN_MARK","0","858"
"697:858:ORIGIN_MARK:galar","697","Tyrantrum","Estándar","Galar","ORIGIN_MARK","1","858"
"698:859:ORIGIN_MARK:kalos","698","Amaura","Estándar","Kalos","ORIGIN_MARK","1","859"
"698:859:ORIGIN_MARK:alola","698","Amaura","Estándar","Alola","ORIGIN_MARK","1","859"
"698:859:ORIGIN_MARK:pokemon-go","698","Amaura","Estándar","Pokémon GO","ORIGIN_MARK","0","859"
"698:859:ORIGIN_MARK:galar","698","Amaura","Estándar","Galar","ORIGIN_MARK","1","859"
"699:860:ORIGIN_MARK:kalos","699","Aurorus","Estándar","Kalos","ORIGIN_MARK","1","860"
"699:860:ORIGIN_MARK:alola","699","Aurorus","Estándar","Alola","ORIGIN_MARK","1","860"
"699:860:ORIGIN_MARK:pokemon-go","699","Aurorus","Estándar","Pokémon GO","ORIGIN_MARK","0","860"
"699:860:ORIGIN_MARK:galar","699","Aurorus","Estándar","Galar","ORIGIN_MARK","1","860"
"700:861:ORIGIN_MARK:consola-virtual","700","Sylveon","Estándar","Consola Virtual","ORIGIN_MARK","1","861"
"700:861:ORIGIN_MARK:sin-marca-gen-3-5","700","Sylveon","Estándar","Sin marca (Gen 3-5)","ORIGIN_MARK","1","861"
"700:861:ORIGIN_MARK:kalos","700","Sylveon","Estándar","Kalos","ORIGIN_MARK","1","861"
"700:861:ORIGIN_MARK:alola","700","Sylveon","Estándar","Alola","ORIGIN_MARK","1","861"
"700:861:ORIGIN_MARK:pokemon-go","700","Sylveon","Estándar","Pokémon GO","ORIGIN_MARK","0","861"
"700:861:ORIGIN_MARK:let-s-go","700","Sylveon","Estándar","Let's Go","ORIGIN_MARK","0","861"
"700:861:ORIGIN_MARK:galar","700","Sylveon","Estándar","Galar","ORIGIN_MARK","1","861"
"700:861:ORIGIN_MARK:sinnoh-bdsp","700","Sylveon","Estándar","Sinnoh (BDSP)","ORIGIN_MARK","0","861"
"700:861:ORIGIN_MARK:hisui-legends-arceus","700","Sylveon","Estándar","Hisui (Legends: Arceus)","ORIGIN_MARK","0","861"
"700:861:ORIGIN_MARK:paldea","700","Sylveon","Estándar","Paldea","ORIGIN_MARK","1","861"
"700:861:ORIGIN_MARK:legends-z-a","700","Sylveon","Estándar","Legends: Z-A","ORIGIN_MARK","0","861"
"700:861:DREAM_BALL:dream-ball-v","700","Sylveon","Estándar","Dream Ball (V)","DREAM_BALL","1","861"
"701:862:ORIGIN_MARK:kalos","701","Hawlucha","Estándar","Kalos","ORIGIN_MARK","1","862"
"701:862:ORIGIN_MARK:alola","701","Hawlucha","Estándar","Alola","ORIGIN_MARK","1","862"
"701:862:ORIGIN_MARK:pokemon-go","701","Hawlucha","Estándar","Pokémon GO","ORIGIN_MARK","0","862"
"701:862:ORIGIN_MARK:galar","701","Hawlucha","Estándar","Galar","ORIGIN_MARK","1","862"
"701:862:ORIGIN_MARK:paldea","701","Hawlucha","Estándar","Paldea","ORIGIN_MARK","1","862"
"702:863:ORIGIN_MARK:kalos","702","Dedenne","Estándar","Kalos","ORIGIN_MARK","1","863"
"702:863:ORIGIN_MARK:alola","702","Dedenne","Estándar","Alola","ORIGIN_MARK","1","863"
"702:863:ORIGIN_MARK:pokemon-go","702","Dedenne","Estándar","Pokémon GO","ORIGIN_MARK","0","863"
"702:863:ORIGIN_MARK:galar","702","Dedenne","Estándar","Galar","ORIGIN_MARK","1","863"
"702:863:ORIGIN_MARK:paldea","702","Dedenne","Estándar","Paldea","ORIGIN_MARK","1","863"
"703:864:ORIGIN_MARK:kalos","703","Carbink","Estándar","Kalos","ORIGIN_MARK","1","864"
"703:864:ORIGIN_MARK:alola","703","Carbink","Estándar","Alola","ORIGIN_MARK","1","864"
"703:864:ORIGIN_MARK:pokemon-go","703","Carbink","Estándar","Pokémon GO","ORIGIN_MARK","0","864"
"703:864:ORIGIN_MARK:galar","703","Carbink","Estándar","Galar","ORIGIN_MARK","0","864"
"703:864:ORIGIN_MARK:paldea","703","Carbink","Estándar","Paldea","ORIGIN_MARK","1","864"
"704:865:ORIGIN_MARK:kalos","704","Goomy","Estándar","Kalos","ORIGIN_MARK","1","865"
"704:865:ORIGIN_MARK:alola","704","Goomy","Estándar","Alola","ORIGIN_MARK","1","865"
"704:865:ORIGIN_MARK:pokemon-go","704","Goomy","Estándar","Pokémon GO","ORIGIN_MARK","1","865"
"704:865:ORIGIN_MARK:galar","704","Goomy","Estándar","Galar","ORIGIN_MARK","0","865"
"704:865:ORIGIN_MARK:hisui-legends-arceus","704","Goomy","Estándar","Hisui (Legends: Arceus)","ORIGIN_MARK","0","865"
"704:865:ORIGIN_MARK:paldea","704","Goomy","Estándar","Paldea","ORIGIN_MARK","1","865"
"705:866:ORIGIN_MARK:kalos","705","Sliggoo","Estándar","Kalos","ORIGIN_MARK","1","866"
"705:866:ORIGIN_MARK:alola","705","Sliggoo","Estándar","Alola","ORIGIN_MARK","1","866"
"705:866:ORIGIN_MARK:pokemon-go","705","Sliggoo","Estándar","Pokémon GO","ORIGIN_MARK","1","866"
"705:866:ORIGIN_MARK:galar","705","Sliggoo","Estándar","Galar","ORIGIN_MARK","0","866"
"705:866:ORIGIN_MARK:hisui-legends-arceus","705","Sliggoo","Estándar","Hisui (Legends: Arceus)","ORIGIN_MARK","0","866"
"705:866:ORIGIN_MARK:paldea","705","Sliggoo","Estándar","Paldea","ORIGIN_MARK","1","866"
"705:867:ORIGIN_MARK:kalos","705","Sliggoo hisui","hisui","Kalos","ORIGIN_MARK","0","867"
"705:867:ORIGIN_MARK:alola","705","Sliggoo hisui","hisui","Alola","ORIGIN_MARK","1","867"
"705:867:ORIGIN_MARK:pokemon-go","705","Sliggoo hisui","hisui","Pokémon GO","ORIGIN_MARK","0","867"
"705:867:ORIGIN_MARK:galar","705","Sliggoo hisui","hisui","Galar","ORIGIN_MARK","0","867"
"705:867:ORIGIN_MARK:hisui-legends-arceus","705","Sliggoo hisui","hisui","Hisui (Legends: Arceus)","ORIGIN_MARK","0","867"
"705:867:ORIGIN_MARK:paldea","705","Sliggoo hisui","hisui","Paldea","ORIGIN_MARK","1","867"
"706:868:ORIGIN_MARK:kalos","706","Goodra","Estándar","Kalos","ORIGIN_MARK","1","868"
"706:868:ORIGIN_MARK:alola","706","Goodra","Estándar","Alola","ORIGIN_MARK","1","868"
"706:868:ORIGIN_MARK:pokemon-go","706","Goodra","Estándar","Pokémon GO","ORIGIN_MARK","1","868"
"706:868:ORIGIN_MARK:galar","706","Goodra","Estándar","Galar","ORIGIN_MARK","0","868"
"706:868:ORIGIN_MARK:hisui-legends-arceus","706","Goodra","Estándar","Hisui (Legends: Arceus)","ORIGIN_MARK","0","868"
"706:868:ORIGIN_MARK:paldea","706","Goodra","Estándar","Paldea","ORIGIN_MARK","1","868"
"706:869:ORIGIN_MARK:kalos","706","Goodra hisui","hisui","Kalos","ORIGIN_MARK","0","869"
"706:869:ORIGIN_MARK:alola","706","Goodra hisui","hisui","Alola","ORIGIN_MARK","1","869"
"706:869:ORIGIN_MARK:pokemon-go","706","Goodra hisui","hisui","Pokémon GO","ORIGIN_MARK","0","869"
"706:869:ORIGIN_MARK:galar","706","Goodra hisui","hisui","Galar","ORIGIN_MARK","0","869"
"706:869:ORIGIN_MARK:hisui-legends-arceus","706","Goodra hisui","hisui","Hisui (Legends: Arceus)","ORIGIN_MARK","0","869"
"706:869:ORIGIN_MARK:paldea","706","Goodra hisui","hisui","Paldea","ORIGIN_MARK","1","869"
"707:870:ORIGIN_MARK:kalos","707","Klefki","Estándar","Kalos","ORIGIN_MARK","1","870"
"707:870:ORIGIN_MARK:alola","707","Klefki","Estándar","Alola","ORIGIN_MARK","1","870"
"707:870:ORIGIN_MARK:pokemon-go","707","Klefki","Estándar","Pokémon GO","ORIGIN_MARK","0","870"
"707:870:ORIGIN_MARK:galar","707","Klefki","Estándar","Galar","ORIGIN_MARK","1","870"
"707:870:ORIGIN_MARK:paldea","707","Klefki","Estándar","Paldea","ORIGIN_MARK","1","870"
"708:871:ORIGIN_MARK:kalos","708","Phantump","Estándar","Kalos","ORIGIN_MARK","1","871"
"708:871:ORIGIN_MARK:alola","708","Phantump","Estándar","Alola","ORIGIN_MARK","1","871"
"708:871:ORIGIN_MARK:pokemon-go","708","Phantump","Estándar","Pokémon GO","ORIGIN_MARK","0","871"
"708:871:ORIGIN_MARK:galar","708","Phantump","Estándar","Galar","ORIGIN_MARK","1","871"
"708:871:ORIGIN_MARK:paldea","708","Phantump","Estándar","Paldea","ORIGIN_MARK","1","871"
"709:872:ORIGIN_MARK:kalos","709","Trevenant","Estándar","Kalos","ORIGIN_MARK","1","872"
"709:872:ORIGIN_MARK:alola","709","Trevenant","Estándar","Alola","ORIGIN_MARK","1","872"
"709:872:ORIGIN_MARK:pokemon-go","709","Trevenant","Estándar","Pokémon GO","ORIGIN_MARK","0","872"
"709:872:ORIGIN_MARK:galar","709","Trevenant","Estándar","Galar","ORIGIN_MARK","0","872"
"709:872:ORIGIN_MARK:paldea","709","Trevenant","Estándar","Paldea","ORIGIN_MARK","1","872"
"710:873:ORIGIN_MARK:kalos","710","Pumpkaboo","Estándar","Kalos","ORIGIN_MARK","1","873"
"710:873:ORIGIN_MARK:alola","710","Pumpkaboo","Estándar","Alola","ORIGIN_MARK","1","873"
"710:873:ORIGIN_MARK:pokemon-go","710","Pumpkaboo","Estándar","Pokémon GO","ORIGIN_MARK","0","873"
"710:873:ORIGIN_MARK:galar","710","Pumpkaboo","Estándar","Galar","ORIGIN_MARK","0","873"
"710:874:ORIGIN_MARK:kalos","710","Pumpkaboo","Estándar","Kalos","ORIGIN_MARK","1","874"
"710:874:ORIGIN_MARK:alola","710","Pumpkaboo","Estándar","Alola","ORIGIN_MARK","1","874"
"710:874:ORIGIN_MARK:pokemon-go","710","Pumpkaboo","Estándar","Pokémon GO","ORIGIN_MARK","0","874"
"710:874:ORIGIN_MARK:galar","710","Pumpkaboo","Estándar","Galar","ORIGIN_MARK","0","874"
"710:875:ORIGIN_MARK:kalos","710","Pumpkaboo","Estándar","Kalos","ORIGIN_MARK","1","875"
"710:875:ORIGIN_MARK:alola","710","Pumpkaboo","Estándar","Alola","ORIGIN_MARK","1","875"
"710:875:ORIGIN_MARK:pokemon-go","710","Pumpkaboo","Estándar","Pokémon GO","ORIGIN_MARK","0","875"
"710:875:ORIGIN_MARK:galar","710","Pumpkaboo","Estándar","Galar","ORIGIN_MARK","0","875"
"710:876:ORIGIN_MARK:kalos","710","Pumpkaboo","Estándar","Kalos","ORIGIN_MARK","1","876"
"710:876:ORIGIN_MARK:alola","710","Pumpkaboo","Estándar","Alola","ORIGIN_MARK","1","876"
"710:876:ORIGIN_MARK:pokemon-go","710","Pumpkaboo","Estándar","Pokémon GO","ORIGIN_MARK","0","876"
"710:876:ORIGIN_MARK:galar","710","Pumpkaboo","Estándar","Galar","ORIGIN_MARK","0","876"
"711:877:ORIGIN_MARK:kalos","711","Gourgeist","Estándar","Kalos","ORIGIN_MARK","1","877"
"711:877:ORIGIN_MARK:alola","711","Gourgeist","Estándar","Alola","ORIGIN_MARK","1","877"
"711:877:ORIGIN_MARK:pokemon-go","711","Gourgeist","Estándar","Pokémon GO","ORIGIN_MARK","0","877"
"711:877:ORIGIN_MARK:galar","711","Gourgeist","Estándar","Galar","ORIGIN_MARK","0","877"
"711:878:ORIGIN_MARK:kalos","711","Gourgeist","Estándar","Kalos","ORIGIN_MARK","1","878"
"711:878:ORIGIN_MARK:alola","711","Gourgeist","Estándar","Alola","ORIGIN_MARK","1","878"
"711:878:ORIGIN_MARK:pokemon-go","711","Gourgeist","Estándar","Pokémon GO","ORIGIN_MARK","0","878"
"711:878:ORIGIN_MARK:galar","711","Gourgeist","Estándar","Galar","ORIGIN_MARK","0","878"
"711:879:ORIGIN_MARK:kalos","711","Gourgeist","Estándar","Kalos","ORIGIN_MARK","1","879"
"711:879:ORIGIN_MARK:alola","711","Gourgeist","Estándar","Alola","ORIGIN_MARK","1","879"
"711:879:ORIGIN_MARK:pokemon-go","711","Gourgeist","Estándar","Pokémon GO","ORIGIN_MARK","0","879"
"711:879:ORIGIN_MARK:galar","711","Gourgeist","Estándar","Galar","ORIGIN_MARK","0","879"
"711:880:ORIGIN_MARK:kalos","711","Gourgeist","Estándar","Kalos","ORIGIN_MARK","1","880"
"711:880:ORIGIN_MARK:alola","711","Gourgeist","Estándar","Alola","ORIGIN_MARK","1","880"
"711:880:ORIGIN_MARK:pokemon-go","711","Gourgeist","Estándar","Pokémon GO","ORIGIN_MARK","0","880"
"711:880:ORIGIN_MARK:galar","711","Gourgeist","Estándar","Galar","ORIGIN_MARK","0","880"
"712:881:ORIGIN_MARK:kalos","712","Bergmite","Estándar","Kalos","ORIGIN_MARK","1","881"
"712:881:ORIGIN_MARK:alola","712","Bergmite","Estándar","Alola","ORIGIN_MARK","1","881"
"712:881:ORIGIN_MARK:pokemon-go","712","Bergmite","Estándar","Pokémon GO","ORIGIN_MARK","0","881"
"712:881:ORIGIN_MARK:galar","712","Bergmite","Estándar","Galar","ORIGIN_MARK","1","881"
"712:881:ORIGIN_MARK:hisui-legends-arceus","712","Bergmite","Estándar","Hisui (Legends: Arceus)","ORIGIN_MARK","0","881"
"712:881:ORIGIN_MARK:paldea","712","Bergmite","Estándar","Paldea","ORIGIN_MARK","1","881"
"713:882:ORIGIN_MARK:kalos","713","Avalugg","Estándar","Kalos","ORIGIN_MARK","1","882"
"713:882:ORIGIN_MARK:alola","713","Avalugg","Estándar","Alola","ORIGIN_MARK","1","882"
"713:882:ORIGIN_MARK:pokemon-go","713","Avalugg","Estándar","Pokémon GO","ORIGIN_MARK","0","882"
"713:882:ORIGIN_MARK:galar","713","Avalugg","Estándar","Galar","ORIGIN_MARK","1","882"
"713:882:ORIGIN_MARK:hisui-legends-arceus","713","Avalugg","Estándar","Hisui (Legends: Arceus)","ORIGIN_MARK","0","882"
"713:882:ORIGIN_MARK:paldea","713","Avalugg","Estándar","Paldea","ORIGIN_MARK","1","882"
"713:883:ORIGIN_MARK:kalos","713","Avalugg hisui","hisui","Kalos","ORIGIN_MARK","1","883"
"713:883:ORIGIN_MARK:alola","713","Avalugg hisui","hisui","Alola","ORIGIN_MARK","0","883"
"713:883:ORIGIN_MARK:pokemon-go","713","Avalugg hisui","hisui","Pokémon GO","ORIGIN_MARK","0","883"
"713:883:ORIGIN_MARK:galar","713","Avalugg hisui","hisui","Galar","ORIGIN_MARK","0","883"
"713:883:ORIGIN_MARK:hisui-legends-arceus","713","Avalugg hisui","hisui","Hisui (Legends: Arceus)","ORIGIN_MARK","0","883"
"713:883:ORIGIN_MARK:paldea","713","Avalugg hisui","hisui","Paldea","ORIGIN_MARK","1","883"
"714:884:ORIGIN_MARK:kalos","714","Noibat","Estándar","Kalos","ORIGIN_MARK","1","884"
"714:884:ORIGIN_MARK:alola","714","Noibat","Estándar","Alola","ORIGIN_MARK","1","884"
"714:884:ORIGIN_MARK:pokemon-go","714","Noibat","Estándar","Pokémon GO","ORIGIN_MARK","0","884"
"714:884:ORIGIN_MARK:galar","714","Noibat","Estándar","Galar","ORIGIN_MARK","1","884"
"714:884:ORIGIN_MARK:paldea","714","Noibat","Estándar","Paldea","ORIGIN_MARK","1","884"
"715:885:ORIGIN_MARK:kalos","715","Noivern","Estándar","Kalos","ORIGIN_MARK","1","885"
"715:885:ORIGIN_MARK:alola","715","Noivern","Estándar","Alola","ORIGIN_MARK","1","885"
"715:885:ORIGIN_MARK:pokemon-go","715","Noivern","Estándar","Pokémon GO","ORIGIN_MARK","0","885"
"715:885:ORIGIN_MARK:galar","715","Noivern","Estándar","Galar","ORIGIN_MARK","1","885"
"715:885:ORIGIN_MARK:paldea","715","Noivern","Estándar","Paldea","ORIGIN_MARK","1","885"
"716:886:ORIGIN_MARK:kalos","716","Xerneas","Estándar","Kalos","ORIGIN_MARK","1","886"
"716:886:ORIGIN_MARK:alola","716","Xerneas","Estándar","Alola","ORIGIN_MARK","1","886"
"716:886:ORIGIN_MARK:pokemon-go","716","Xerneas","Estándar","Pokémon GO","ORIGIN_MARK","1","886"
"716:886:ORIGIN_MARK:galar","716","Xerneas","Estándar","Galar","ORIGIN_MARK","1","886"
"717:887:ORIGIN_MARK:kalos","717","Yveltal","Estándar","Kalos","ORIGIN_MARK","1","887"
"717:887:ORIGIN_MARK:alola","717","Yveltal","Estándar","Alola","ORIGIN_MARK","1","887"
"717:887:ORIGIN_MARK:pokemon-go","717","Yveltal","Estándar","Pokémon GO","ORIGIN_MARK","1","887"
"717:887:ORIGIN_MARK:galar","717","Yveltal","Estándar","Galar","ORIGIN_MARK","1","887"
"718:888:ORIGIN_MARK:alola","718","Zygarde","Estándar","Alola","ORIGIN_MARK","1","888"
"718:888:ORIGIN_MARK:pokemon-go","718","Zygarde","Estándar","Pokémon GO","ORIGIN_MARK","0","888"
"718:888:ORIGIN_MARK:galar","718","Zygarde","Estándar","Galar","ORIGIN_MARK","1","888"
"719:889:ORIGIN_MARK:kalos","719","Diancie","Estándar","Kalos","ORIGIN_MARK","1","889"
"719:889:ORIGIN_MARK:pokemon-go","719","Diancie","Estándar","Pokémon GO","ORIGIN_MARK","0","889"
"720:890:ORIGIN_MARK:pokemon-go","720","Hoopa","Estándar","Pokémon GO","ORIGIN_MARK","0","890"
"722:892:ORIGIN_MARK:alola","722","Rowlet","Estándar","Alola","ORIGIN_MARK","1","892"
"722:892:ORIGIN_MARK:pokemon-go","722","Rowlet","Estándar","Pokémon GO","ORIGIN_MARK","1","892"
"722:892:ORIGIN_MARK:galar","722","Rowlet","Estándar","Galar","ORIGIN_MARK","1","892"
"722:892:ORIGIN_MARK:hisui-legends-arceus","722","Rowlet","Estándar","Hisui (Legends: Arceus)","ORIGIN_MARK","0","892"
"722:892:ORIGIN_MARK:paldea","722","Rowlet","Estándar","Paldea","ORIGIN_MARK","1","892"
"723:893:ORIGIN_MARK:alola","723","Dartrix","Estándar","Alola","ORIGIN_MARK","1","893"
"723:893:ORIGIN_MARK:pokemon-go","723","Dartrix","Estándar","Pokémon GO","ORIGIN_MARK","1","893"
"723:893:ORIGIN_MARK:galar","723","Dartrix","Estándar","Galar","ORIGIN_MARK","1","893"
"723:893:ORIGIN_MARK:hisui-legends-arceus","723","Dartrix","Estándar","Hisui (Legends: Arceus)","ORIGIN_MARK","0","893"
"723:893:ORIGIN_MARK:paldea","723","Dartrix","Estándar","Paldea","ORIGIN_MARK","1","893"
"724:894:ORIGIN_MARK:alola","724","Decidueye","Estándar","Alola","ORIGIN_MARK","1","894"
"724:894:ORIGIN_MARK:pokemon-go","724","Decidueye","Estándar","Pokémon GO","ORIGIN_MARK","1","894"
"724:894:ORIGIN_MARK:galar","724","Decidueye","Estándar","Galar","ORIGIN_MARK","1","894"
"724:894:ORIGIN_MARK:hisui-legends-arceus","724","Decidueye","Estándar","Hisui (Legends: Arceus)","ORIGIN_MARK","0","894"
"724:894:ORIGIN_MARK:paldea","724","Decidueye","Estándar","Paldea","ORIGIN_MARK","1","894"
"724:895:ORIGIN_MARK:alola","724","Decidueye hisui","hisui","Alola","ORIGIN_MARK","1","895"
"724:895:ORIGIN_MARK:pokemon-go","724","Decidueye hisui","hisui","Pokémon GO","ORIGIN_MARK","0","895"
"724:895:ORIGIN_MARK:galar","724","Decidueye hisui","hisui","Galar","ORIGIN_MARK","0","895"
"724:895:ORIGIN_MARK:hisui-legends-arceus","724","Decidueye hisui","hisui","Hisui (Legends: Arceus)","ORIGIN_MARK","0","895"
"724:895:ORIGIN_MARK:paldea","724","Decidueye hisui","hisui","Paldea","ORIGIN_MARK","1","895"
"725:896:ORIGIN_MARK:alola","725","Litten","Estándar","Alola","ORIGIN_MARK","1","896"
"725:896:ORIGIN_MARK:pokemon-go","725","Litten","Estándar","Pokémon GO","ORIGIN_MARK","1","896"
"725:896:ORIGIN_MARK:galar","725","Litten","Estándar","Galar","ORIGIN_MARK","1","896"
"725:896:ORIGIN_MARK:paldea","725","Litten","Estándar","Paldea","ORIGIN_MARK","1","896"
"726:897:ORIGIN_MARK:alola","726","Torracat","Estándar","Alola","ORIGIN_MARK","1","897"
"726:897:ORIGIN_MARK:pokemon-go","726","Torracat","Estándar","Pokémon GO","ORIGIN_MARK","1","897"
"726:897:ORIGIN_MARK:galar","726","Torracat","Estándar","Galar","ORIGIN_MARK","1","897"
"726:897:ORIGIN_MARK:paldea","726","Torracat","Estándar","Paldea","ORIGIN_MARK","1","897"
"727:898:ORIGIN_MARK:alola","727","Incineroar","Estándar","Alola","ORIGIN_MARK","1","898"
"727:898:ORIGIN_MARK:pokemon-go","727","Incineroar","Estándar","Pokémon GO","ORIGIN_MARK","0","898"
"727:898:ORIGIN_MARK:galar","727","Incineroar","Estándar","Galar","ORIGIN_MARK","1","898"
"727:898:ORIGIN_MARK:paldea","727","Incineroar","Estándar","Paldea","ORIGIN_MARK","1","898"
"728:899:ORIGIN_MARK:alola","728","Popplio","Estándar","Alola","ORIGIN_MARK","1","899"
"728:899:ORIGIN_MARK:pokemon-go","728","Popplio","Estándar","Pokémon GO","ORIGIN_MARK","0","899"
"728:899:ORIGIN_MARK:galar","728","Popplio","Estándar","Galar","ORIGIN_MARK","1","899"
"728:899:ORIGIN_MARK:paldea","728","Popplio","Estándar","Paldea","ORIGIN_MARK","1","899"
"729:900:ORIGIN_MARK:alola","729","Brionne","Estándar","Alola","ORIGIN_MARK","1","900"
"729:900:ORIGIN_MARK:pokemon-go","729","Brionne","Estándar","Pokémon GO","ORIGIN_MARK","0","900"
"729:900:ORIGIN_MARK:galar","729","Brionne","Estándar","Galar","ORIGIN_MARK","1","900"
"729:900:ORIGIN_MARK:paldea","729","Brionne","Estándar","Paldea","ORIGIN_MARK","1","900"
"730:901:ORIGIN_MARK:alola","730","Primarina","Estándar","Alola","ORIGIN_MARK","1","901"
"730:901:ORIGIN_MARK:pokemon-go","730","Primarina","Estándar","Pokémon GO","ORIGIN_MARK","0","901"
"730:901:ORIGIN_MARK:galar","730","Primarina","Estándar","Galar","ORIGIN_MARK","1","901"
"730:901:ORIGIN_MARK:paldea","730","Primarina","Estándar","Paldea","ORIGIN_MARK","1","901"
"731:902:ORIGIN_MARK:alola","731","Pikipek","Estándar","Alola","ORIGIN_MARK","1","902"
"731:902:ORIGIN_MARK:pokemon-go","731","Pikipek","Estándar","Pokémon GO","ORIGIN_MARK","0","902"
"731:902:ORIGIN_MARK:paldea","731","Pikipek","Estándar","Paldea","ORIGIN_MARK","1","902"
"732:903:ORIGIN_MARK:alola","732","Trumbeak","Estándar","Alola","ORIGIN_MARK","1","903"
"732:903:ORIGIN_MARK:pokemon-go","732","Trumbeak","Estándar","Pokémon GO","ORIGIN_MARK","0","903"
"732:903:ORIGIN_MARK:paldea","732","Trumbeak","Estándar","Paldea","ORIGIN_MARK","1","903"
"733:904:ORIGIN_MARK:alola","733","Toucannon","Estándar","Alola","ORIGIN_MARK","1","904"
"733:904:ORIGIN_MARK:pokemon-go","733","Toucannon","Estándar","Pokémon GO","ORIGIN_MARK","0","904"
"733:904:ORIGIN_MARK:paldea","733","Toucannon","Estándar","Paldea","ORIGIN_MARK","1","904"
"734:905:ORIGIN_MARK:alola","734","Yungoos","Estándar","Alola","ORIGIN_MARK","1","905"
"734:905:ORIGIN_MARK:pokemon-go","734","Yungoos","Estándar","Pokémon GO","ORIGIN_MARK","0","905"
"734:905:ORIGIN_MARK:paldea","734","Yungoos","Estándar","Paldea","ORIGIN_MARK","1","905"
"735:906:ORIGIN_MARK:alola","735","Gumshoos","Estándar","Alola","ORIGIN_MARK","1","906"
"735:906:ORIGIN_MARK:pokemon-go","735","Gumshoos","Estándar","Pokémon GO","ORIGIN_MARK","0","906"
"735:906:ORIGIN_MARK:paldea","735","Gumshoos","Estándar","Paldea","ORIGIN_MARK","1","906"
"736:907:ORIGIN_MARK:alola","736","Grubbin","Estándar","Alola","ORIGIN_MARK","1","907"
"736:907:ORIGIN_MARK:pokemon-go","736","Grubbin","Estándar","Pokémon GO","ORIGIN_MARK","0","907"
"736:907:ORIGIN_MARK:galar","736","Grubbin","Estándar","Galar","ORIGIN_MARK","1","907"
"736:907:ORIGIN_MARK:paldea","736","Grubbin","Estándar","Paldea","ORIGIN_MARK","1","907"
"737:908:ORIGIN_MARK:alola","737","Charjabug","Estándar","Alola","ORIGIN_MARK","1","908"
"737:908:ORIGIN_MARK:pokemon-go","737","Charjabug","Estándar","Pokémon GO","ORIGIN_MARK","0","908"
"737:908:ORIGIN_MARK:galar","737","Charjabug","Estándar","Galar","ORIGIN_MARK","1","908"
"737:908:ORIGIN_MARK:paldea","737","Charjabug","Estándar","Paldea","ORIGIN_MARK","1","908"
"738:909:ORIGIN_MARK:alola","738","Vikavolt","Estándar","Alola","ORIGIN_MARK","1","909"
"738:909:ORIGIN_MARK:pokemon-go","738","Vikavolt","Estándar","Pokémon GO","ORIGIN_MARK","0","909"
"738:909:ORIGIN_MARK:galar","738","Vikavolt","Estándar","Galar","ORIGIN_MARK","1","909"
"738:909:ORIGIN_MARK:paldea","738","Vikavolt","Estándar","Paldea","ORIGIN_MARK","1","909"
"739:910:ORIGIN_MARK:alola","739","Crabrawler","Estándar","Alola","ORIGIN_MARK","1","910"
"739:910:ORIGIN_MARK:pokemon-go","739","Crabrawler","Estándar","Pokémon GO","ORIGIN_MARK","0","910"
"739:910:ORIGIN_MARK:paldea","739","Crabrawler","Estándar","Paldea","ORIGIN_MARK","1","910"
"740:911:ORIGIN_MARK:alola","740","Crabominable","Estándar","Alola","ORIGIN_MARK","1","911"
"740:911:ORIGIN_MARK:pokemon-go","740","Crabominable","Estándar","Pokémon GO","ORIGIN_MARK","0","911"
"740:911:ORIGIN_MARK:paldea","740","Crabominable","Estándar","Paldea","ORIGIN_MARK","1","911"
"741:912:ORIGIN_MARK:alola","741","Oricorio pompom","pompom","Alola","ORIGIN_MARK","1","912"
"741:912:ORIGIN_MARK:pokemon-go","741","Oricorio pompom","pompom","Pokémon GO","ORIGIN_MARK","0","912"
"741:912:ORIGIN_MARK:paldea","741","Oricorio pompom","pompom","Paldea","ORIGIN_MARK","1","912"
"741:913:ORIGIN_MARK:alola","741","Oricorio baile","baile","Alola","ORIGIN_MARK","1","913"
"741:913:ORIGIN_MARK:pokemon-go","741","Oricorio baile","baile","Pokémon GO","ORIGIN_MARK","0","913"
"741:913:ORIGIN_MARK:paldea","741","Oricorio baile","baile","Paldea","ORIGIN_MARK","1","913"
"741:914:ORIGIN_MARK:alola","741","Oricorio pa'u","pa'u","Alola","ORIGIN_MARK","1","914"
"741:914:ORIGIN_MARK:pokemon-go","741","Oricorio pa'u","pa'u","Pokémon GO","ORIGIN_MARK","0","914"
"741:914:ORIGIN_MARK:paldea","741","Oricorio pa'u","pa'u","Paldea","ORIGIN_MARK","1","914"
"741:915:ORIGIN_MARK:alola","741","Oricorio sensu","sensu","Alola","ORIGIN_MARK","1","915"
"741:915:ORIGIN_MARK:pokemon-go","741","Oricorio sensu","sensu","Pokémon GO","ORIGIN_MARK","0","915"
"741:915:ORIGIN_MARK:paldea","741","Oricorio sensu","sensu","Paldea","ORIGIN_MARK","1","915"
"742:916:ORIGIN_MARK:alola","742","Cutiefly","Estándar","Alola","ORIGIN_MARK","1","916"
"742:916:ORIGIN_MARK:pokemon-go","742","Cutiefly","Estándar","Pokémon GO","ORIGIN_MARK","0","916"
"742:916:ORIGIN_MARK:galar","742","Cutiefly","Estándar","Galar","ORIGIN_MARK","1","916"
"742:916:ORIGIN_MARK:paldea","742","Cutiefly","Estándar","Paldea","ORIGIN_MARK","1","916"
"743:917:ORIGIN_MARK:alola","743","Ribombee","Estándar","Alola","ORIGIN_MARK","1","917"
"743:917:ORIGIN_MARK:pokemon-go","743","Ribombee","Estándar","Pokémon GO","ORIGIN_MARK","0","917"
"743:917:ORIGIN_MARK:galar","743","Ribombee","Estándar","Galar","ORIGIN_MARK","1","917"
"743:917:ORIGIN_MARK:paldea","743","Ribombee","Estándar","Paldea","ORIGIN_MARK","1","917"
"744:918:ORIGIN_MARK:alola","744","Rockruff","Estándar","Alola","ORIGIN_MARK","1","918"
"744:918:ORIGIN_MARK:pokemon-go","744","Rockruff","Estándar","Pokémon GO","ORIGIN_MARK","0","918"
"744:918:ORIGIN_MARK:galar","744","Rockruff","Estándar","Galar","ORIGIN_MARK","1","918"
"744:918:ORIGIN_MARK:paldea","744","Rockruff","Estándar","Paldea","ORIGIN_MARK","1","918"
"745:919:ORIGIN_MARK:alola","745","Lycanroc midday","midday","Alola","ORIGIN_MARK","1","919"
"745:919:ORIGIN_MARK:pokemon-go","745","Lycanroc midday","midday","Pokémon GO","ORIGIN_MARK","0","919"
"745:919:ORIGIN_MARK:galar","745","Lycanroc midday","midday","Galar","ORIGIN_MARK","1","919"
"745:919:ORIGIN_MARK:paldea","745","Lycanroc midday","midday","Paldea","ORIGIN_MARK","1","919"
"745:920:ORIGIN_MARK:alola","745","Lycanroc midnight","midnight","Alola","ORIGIN_MARK","1","920"
"745:920:ORIGIN_MARK:pokemon-go","745","Lycanroc midnight","midnight","Pokémon GO","ORIGIN_MARK","0","920"
"745:920:ORIGIN_MARK:galar","745","Lycanroc midnight","midnight","Galar","ORIGIN_MARK","1","920"
"745:920:ORIGIN_MARK:paldea","745","Lycanroc midnight","midnight","Paldea","ORIGIN_MARK","1","920"
"745:921:ORIGIN_MARK:alola","745","Lycanroc dusk","dusk","Alola","ORIGIN_MARK","1","921"
"745:921:ORIGIN_MARK:pokemon-go","745","Lycanroc dusk","dusk","Pokémon GO","ORIGIN_MARK","0","921"
"745:921:ORIGIN_MARK:galar","745","Lycanroc dusk","dusk","Galar","ORIGIN_MARK","1","921"
"745:921:ORIGIN_MARK:paldea","745","Lycanroc dusk","dusk","Paldea","ORIGIN_MARK","1","921"
"746:922:ORIGIN_MARK:alola","746","Wishiwashi","Estándar","Alola","ORIGIN_MARK","1","922"
"746:922:ORIGIN_MARK:galar","746","Wishiwashi","Estándar","Galar","ORIGIN_MARK","1","922"
"747:923:ORIGIN_MARK:alola","747","Mareanie","Estándar","Alola","ORIGIN_MARK","1","923"
"747:923:ORIGIN_MARK:pokemon-go","747","Mareanie","Estándar","Pokémon GO","ORIGIN_MARK","0","923"
"747:923:ORIGIN_MARK:galar","747","Mareanie","Estándar","Galar","ORIGIN_MARK","1","923"
"747:923:ORIGIN_MARK:paldea","747","Mareanie","Estándar","Paldea","ORIGIN_MARK","1","923"
"748:924:ORIGIN_MARK:alola","748","Toxapex","Estándar","Alola","ORIGIN_MARK","1","924"
"748:924:ORIGIN_MARK:pokemon-go","748","Toxapex","Estándar","Pokémon GO","ORIGIN_MARK","0","924"
"748:924:ORIGIN_MARK:galar","748","Toxapex","Estándar","Galar","ORIGIN_MARK","1","924"
"748:924:ORIGIN_MARK:paldea","748","Toxapex","Estándar","Paldea","ORIGIN_MARK","1","924"
"749:925:ORIGIN_MARK:alola","749","Mudbray","Estándar","Alola","ORIGIN_MARK","1","925"
"749:925:ORIGIN_MARK:pokemon-go","749","Mudbray","Estándar","Pokémon GO","ORIGIN_MARK","1","925"
"749:925:ORIGIN_MARK:galar","749","Mudbray","Estándar","Galar","ORIGIN_MARK","1","925"
"749:925:ORIGIN_MARK:paldea","749","Mudbray","Estándar","Paldea","ORIGIN_MARK","1","925"
"750:926:ORIGIN_MARK:alola","750","Mudsdale","Estándar","Alola","ORIGIN_MARK","1","926"
"750:926:ORIGIN_MARK:pokemon-go","750","Mudsdale","Estándar","Pokémon GO","ORIGIN_MARK","1","926"
"750:926:ORIGIN_MARK:galar","750","Mudsdale","Estándar","Galar","ORIGIN_MARK","1","926"
"750:926:ORIGIN_MARK:paldea","750","Mudsdale","Estándar","Paldea","ORIGIN_MARK","1","926"
"751:927:ORIGIN_MARK:alola","751","Dewpider","Estándar","Alola","ORIGIN_MARK","1","927"
"751:927:ORIGIN_MARK:pokemon-go","751","Dewpider","Estándar","Pokémon GO","ORIGIN_MARK","0","927"
"751:927:ORIGIN_MARK:galar","751","Dewpider","Estándar","Galar","ORIGIN_MARK","1","927"
"751:927:ORIGIN_MARK:paldea","751","Dewpider","Estándar","Paldea","ORIGIN_MARK","1","927"
"752:928:ORIGIN_MARK:alola","752","Araquanid","Estándar","Alola","ORIGIN_MARK","1","928"
"752:928:ORIGIN_MARK:pokemon-go","752","Araquanid","Estándar","Pokémon GO","ORIGIN_MARK","0","928"
"752:928:ORIGIN_MARK:galar","752","Araquanid","Estándar","Galar","ORIGIN_MARK","1","928"
"752:928:ORIGIN_MARK:paldea","752","Araquanid","Estándar","Paldea","ORIGIN_MARK","1","928"
"753:929:ORIGIN_MARK:alola","753","Fomantis","Estándar","Alola","ORIGIN_MARK","1","929"
"753:929:ORIGIN_MARK:pokemon-go","753","Fomantis","Estándar","Pokémon GO","ORIGIN_MARK","0","929"
"753:929:ORIGIN_MARK:galar","753","Fomantis","Estándar","Galar","ORIGIN_MARK","1","929"
"753:929:ORIGIN_MARK:paldea","753","Fomantis","Estándar","Paldea","ORIGIN_MARK","1","929"
"754:930:ORIGIN_MARK:alola","754","Lurantis","Estándar","Alola","ORIGIN_MARK","1","930"
"754:930:ORIGIN_MARK:pokemon-go","754","Lurantis","Estándar","Pokémon GO","ORIGIN_MARK","0","930"
"754:930:ORIGIN_MARK:galar","754","Lurantis","Estándar","Galar","ORIGIN_MARK","1","930"
"754:930:ORIGIN_MARK:paldea","754","Lurantis","Estándar","Paldea","ORIGIN_MARK","1","930"
"755:931:ORIGIN_MARK:alola","755","Morelull","Estándar","Alola","ORIGIN_MARK","1","931"
"755:931:ORIGIN_MARK:pokemon-go","755","Morelull","Estándar","Pokémon GO","ORIGIN_MARK","0","931"
"755:931:ORIGIN_MARK:galar","755","Morelull","Estándar","Galar","ORIGIN_MARK","1","931"
"756:932:ORIGIN_MARK:alola","756","Shiinotic","Estándar","Alola","ORIGIN_MARK","1","932"
"756:932:ORIGIN_MARK:pokemon-go","756","Shiinotic","Estándar","Pokémon GO","ORIGIN_MARK","0","932"
"756:932:ORIGIN_MARK:galar","756","Shiinotic","Estándar","Galar","ORIGIN_MARK","1","932"
"757:933:ORIGIN_MARK:alola","757","Salandit","Estándar","Alola","ORIGIN_MARK","1","933"
"757:933:ORIGIN_MARK:pokemon-go","757","Salandit","Estándar","Pokémon GO","ORIGIN_MARK","0","933"
"757:933:ORIGIN_MARK:galar","757","Salandit","Estándar","Galar","ORIGIN_MARK","1","933"
"757:933:ORIGIN_MARK:paldea","757","Salandit","Estándar","Paldea","ORIGIN_MARK","1","933"
"758:934:ORIGIN_MARK:alola","758","Salazzle","Estándar","Alola","ORIGIN_MARK","1","934"
"758:934:ORIGIN_MARK:pokemon-go","758","Salazzle","Estándar","Pokémon GO","ORIGIN_MARK","0","934"
"758:934:ORIGIN_MARK:galar","758","Salazzle","Estándar","Galar","ORIGIN_MARK","1","934"
"758:934:ORIGIN_MARK:paldea","758","Salazzle","Estándar","Paldea","ORIGIN_MARK","1","934"
"759:935:ORIGIN_MARK:alola","759","Stufful","Estándar","Alola","ORIGIN_MARK","1","935"
"759:935:ORIGIN_MARK:pokemon-go","759","Stufful","Estándar","Pokémon GO","ORIGIN_MARK","1","935"
"759:935:ORIGIN_MARK:galar","759","Stufful","Estándar","Galar","ORIGIN_MARK","1","935"
"760:936:ORIGIN_MARK:alola","760","Bewear","Estándar","Alola","ORIGIN_MARK","1","936"
"760:936:ORIGIN_MARK:pokemon-go","760","Bewear","Estándar","Pokémon GO","ORIGIN_MARK","0","936"
"760:936:ORIGIN_MARK:galar","760","Bewear","Estándar","Galar","ORIGIN_MARK","1","936"
"761:937:ORIGIN_MARK:alola","761","Bounsweet","Estándar","Alola","ORIGIN_MARK","1","937"
"761:937:ORIGIN_MARK:pokemon-go","761","Bounsweet","Estándar","Pokémon GO","ORIGIN_MARK","0","937"
"761:937:ORIGIN_MARK:galar","761","Bounsweet","Estándar","Galar","ORIGIN_MARK","1","937"
"761:937:ORIGIN_MARK:paldea","761","Bounsweet","Estándar","Paldea","ORIGIN_MARK","1","937"
"762:938:ORIGIN_MARK:alola","762","Steenee","Estándar","Alola","ORIGIN_MARK","1","938"
"762:938:ORIGIN_MARK:pokemon-go","762","Steenee","Estándar","Pokémon GO","ORIGIN_MARK","1","938"
"762:938:ORIGIN_MARK:galar","762","Steenee","Estándar","Galar","ORIGIN_MARK","1","938"
"762:938:ORIGIN_MARK:paldea","762","Steenee","Estándar","Paldea","ORIGIN_MARK","1","938"
"763:939:ORIGIN_MARK:alola","763","Tsareena","Estándar","Alola","ORIGIN_MARK","1","939"
"763:939:ORIGIN_MARK:pokemon-go","763","Tsareena","Estándar","Pokémon GO","ORIGIN_MARK","0","939"
"763:939:ORIGIN_MARK:galar","763","Tsareena","Estándar","Galar","ORIGIN_MARK","1","939"
"763:939:ORIGIN_MARK:paldea","763","Tsareena","Estándar","Paldea","ORIGIN_MARK","1","939"
"764:940:ORIGIN_MARK:alola","764","Comfey","Estándar","Alola","ORIGIN_MARK","1","940"
"764:940:ORIGIN_MARK:pokemon-go","764","Comfey","Estándar","Pokémon GO","ORIGIN_MARK","0","940"
"764:940:ORIGIN_MARK:galar","764","Comfey","Estándar","Galar","ORIGIN_MARK","1","940"
"764:940:ORIGIN_MARK:paldea","764","Comfey","Estándar","Paldea","ORIGIN_MARK","1","940"
"765:941:ORIGIN_MARK:alola","765","Oranguru","Estándar","Alola","ORIGIN_MARK","1","941"
"765:941:ORIGIN_MARK:pokemon-go","765","Oranguru","Estándar","Pokémon GO","ORIGIN_MARK","0","941"
"765:941:ORIGIN_MARK:galar","765","Oranguru","Estándar","Galar","ORIGIN_MARK","1","941"
"765:941:ORIGIN_MARK:paldea","765","Oranguru","Estándar","Paldea","ORIGIN_MARK","1","941"
"766:942:ORIGIN_MARK:alola","766","Passimian","Estándar","Alola","ORIGIN_MARK","1","942"
"766:942:ORIGIN_MARK:pokemon-go","766","Passimian","Estándar","Pokémon GO","ORIGIN_MARK","0","942"
"766:942:ORIGIN_MARK:galar","766","Passimian","Estándar","Galar","ORIGIN_MARK","1","942"
"766:942:ORIGIN_MARK:paldea","766","Passimian","Estándar","Paldea","ORIGIN_MARK","1","942"
"767:943:ORIGIN_MARK:alola","767","Wimpod","Estándar","Alola","ORIGIN_MARK","1","943"
"767:943:ORIGIN_MARK:pokemon-go","767","Wimpod","Estándar","Pokémon GO","ORIGIN_MARK","0","943"
"767:943:ORIGIN_MARK:galar","767","Wimpod","Estándar","Galar","ORIGIN_MARK","1","943"
"768:944:ORIGIN_MARK:alola","768","Golisopod","Estándar","Alola","ORIGIN_MARK","1","944"
"768:944:ORIGIN_MARK:pokemon-go","768","Golisopod","Estándar","Pokémon GO","ORIGIN_MARK","0","944"
"768:944:ORIGIN_MARK:galar","768","Golisopod","Estándar","Galar","ORIGIN_MARK","1","944"
"769:945:ORIGIN_MARK:alola","769","Sandygast","Estándar","Alola","ORIGIN_MARK","1","945"
"769:945:ORIGIN_MARK:pokemon-go","769","Sandygast","Estándar","Pokémon GO","ORIGIN_MARK","0","945"
"769:945:ORIGIN_MARK:galar","769","Sandygast","Estándar","Galar","ORIGIN_MARK","1","945"
"769:945:ORIGIN_MARK:paldea","769","Sandygast","Estándar","Paldea","ORIGIN_MARK","1","945"
"770:946:ORIGIN_MARK:alola","770","Palossand","Estándar","Alola","ORIGIN_MARK","1","946"
"770:946:ORIGIN_MARK:pokemon-go","770","Palossand","Estándar","Pokémon GO","ORIGIN_MARK","0","946"
"770:946:ORIGIN_MARK:galar","770","Palossand","Estándar","Galar","ORIGIN_MARK","1","946"
"770:946:ORIGIN_MARK:paldea","770","Palossand","Estándar","Paldea","ORIGIN_MARK","1","946"
"771:947:ORIGIN_MARK:alola","771","Pyukumuku","Estándar","Alola","ORIGIN_MARK","1","947"
"771:947:ORIGIN_MARK:galar","771","Pyukumuku","Estándar","Galar","ORIGIN_MARK","1","947"
"772:948:ORIGIN_MARK:alola","772","Type: Null","Estándar","Alola","ORIGIN_MARK","1","948"
"773:949:ORIGIN_MARK:alola","773","Silvally","Estándar","Alola","ORIGIN_MARK","1","949"
"774:950:ORIGIN_MARK:alola","774","Minior Red","Red","Alola","ORIGIN_MARK","0","950"
"774:950:ORIGIN_MARK:galar","774","Minior Red","Red","Galar","ORIGIN_MARK","0","950"
"774:950:ORIGIN_MARK:paldea","774","Minior Red","Red","Paldea","ORIGIN_MARK","1","950"
"774:951:ORIGIN_MARK:alola","774","Minior Orange","Orange","Alola","ORIGIN_MARK","0","951"
"774:951:ORIGIN_MARK:galar","774","Minior Orange","Orange","Galar","ORIGIN_MARK","0","951"
"774:951:ORIGIN_MARK:paldea","774","Minior Orange","Orange","Paldea","ORIGIN_MARK","1","951"
"774:952:ORIGIN_MARK:alola","774","Minior Yellow","Yellow","Alola","ORIGIN_MARK","0","952"
"774:952:ORIGIN_MARK:galar","774","Minior Yellow","Yellow","Galar","ORIGIN_MARK","0","952"
"774:952:ORIGIN_MARK:paldea","774","Minior Yellow","Yellow","Paldea","ORIGIN_MARK","1","952"
"774:953:ORIGIN_MARK:alola","774","Minior Green","Green","Alola","ORIGIN_MARK","0","953"
"774:953:ORIGIN_MARK:galar","774","Minior Green","Green","Galar","ORIGIN_MARK","0","953"
"774:953:ORIGIN_MARK:paldea","774","Minior Green","Green","Paldea","ORIGIN_MARK","1","953"
"774:954:ORIGIN_MARK:alola","774","Minior Blue","Blue","Alola","ORIGIN_MARK","0","954"
"774:954:ORIGIN_MARK:galar","774","Minior Blue","Blue","Galar","ORIGIN_MARK","0","954"
"774:954:ORIGIN_MARK:paldea","774","Minior Blue","Blue","Paldea","ORIGIN_MARK","1","954"
"774:955:ORIGIN_MARK:alola","774","Minior Indigo","Indigo","Alola","ORIGIN_MARK","0","955"
"774:955:ORIGIN_MARK:galar","774","Minior Indigo","Indigo","Galar","ORIGIN_MARK","0","955"
"774:955:ORIGIN_MARK:paldea","774","Minior Indigo","Indigo","Paldea","ORIGIN_MARK","1","955"
"774:956:ORIGIN_MARK:alola","774","Minior Violet","Violet","Alola","ORIGIN_MARK","0","956"
"774:956:ORIGIN_MARK:galar","774","Minior Violet","Violet","Galar","ORIGIN_MARK","0","956"
"774:956:ORIGIN_MARK:paldea","774","Minior Violet","Violet","Paldea","ORIGIN_MARK","1","956"
"775:957:ORIGIN_MARK:alola","775","Komala","Estándar","Alola","ORIGIN_MARK","1","957"
"775:957:ORIGIN_MARK:pokemon-go","775","Komala","Estándar","Pokémon GO","ORIGIN_MARK","0","957"
"775:957:ORIGIN_MARK:paldea","775","Komala","Estándar","Paldea","ORIGIN_MARK","1","957"
"776:958:ORIGIN_MARK:alola","776","Turtonator","Estándar","Alola","ORIGIN_MARK","1","958"
"776:958:ORIGIN_MARK:pokemon-go","776","Turtonator","Estándar","Pokémon GO","ORIGIN_MARK","0","958"
"776:958:ORIGIN_MARK:galar","776","Turtonator","Estándar","Galar","ORIGIN_MARK","1","958"
"777:959:ORIGIN_MARK:alola","777","Togedemaru","Estándar","Alola","ORIGIN_MARK","1","959"
"777:959:ORIGIN_MARK:pokemon-go","777","Togedemaru","Estándar","Pokémon GO","ORIGIN_MARK","0","959"
"777:959:ORIGIN_MARK:galar","777","Togedemaru","Estándar","Galar","ORIGIN_MARK","1","959"
"778:960:ORIGIN_MARK:alola","778","Mimikyu","Estándar","Alola","ORIGIN_MARK","1","960"
"778:960:ORIGIN_MARK:galar","778","Mimikyu","Estándar","Galar","ORIGIN_MARK","1","960"
"778:960:ORIGIN_MARK:paldea","778","Mimikyu","Estándar","Paldea","ORIGIN_MARK","1","960"
"779:961:ORIGIN_MARK:alola","779","Bruxish","Estándar","Alola","ORIGIN_MARK","1","961"
"779:961:ORIGIN_MARK:pokemon-go","779","Bruxish","Estándar","Pokémon GO","ORIGIN_MARK","0","961"
"779:961:ORIGIN_MARK:paldea","779","Bruxish","Estándar","Paldea","ORIGIN_MARK","1","961"
"780:962:ORIGIN_MARK:alola","780","Drampa","Estándar","Alola","ORIGIN_MARK","1","962"
"780:962:ORIGIN_MARK:pokemon-go","780","Drampa","Estándar","Pokémon GO","ORIGIN_MARK","0","962"
"780:962:ORIGIN_MARK:galar","780","Drampa","Estándar","Galar","ORIGIN_MARK","1","962"
"781:963:ORIGIN_MARK:alola","781","Dhelmise","Estándar","Alola","ORIGIN_MARK","1","963"
"781:963:ORIGIN_MARK:pokemon-go","781","Dhelmise","Estándar","Pokémon GO","ORIGIN_MARK","0","963"
"781:963:ORIGIN_MARK:galar","781","Dhelmise","Estándar","Galar","ORIGIN_MARK","1","963"
"782:964:ORIGIN_MARK:alola","782","Jangmo-o","Estándar","Alola","ORIGIN_MARK","1","964"
"782:964:ORIGIN_MARK:pokemon-go","782","Jangmo-o","Estándar","Pokémon GO","ORIGIN_MARK","0","964"
"782:964:ORIGIN_MARK:galar","782","Jangmo-o","Estándar","Galar","ORIGIN_MARK","1","964"
"782:964:ORIGIN_MARK:paldea","782","Jangmo-o","Estándar","Paldea","ORIGIN_MARK","1","964"
"783:965:ORIGIN_MARK:alola","783","Hakamo-o","Estándar","Alola","ORIGIN_MARK","1","965"
"783:965:ORIGIN_MARK:pokemon-go","783","Hakamo-o","Estándar","Pokémon GO","ORIGIN_MARK","0","965"
"783:965:ORIGIN_MARK:galar","783","Hakamo-o","Estándar","Galar","ORIGIN_MARK","1","965"
"783:965:ORIGIN_MARK:paldea","783","Hakamo-o","Estándar","Paldea","ORIGIN_MARK","1","965"
"784:966:ORIGIN_MARK:alola","784","Kommo-o","Estándar","Alola","ORIGIN_MARK","1","966"
"784:966:ORIGIN_MARK:pokemon-go","784","Kommo-o","Estándar","Pokémon GO","ORIGIN_MARK","0","966"
"784:966:ORIGIN_MARK:galar","784","Kommo-o","Estándar","Galar","ORIGIN_MARK","1","966"
"784:966:ORIGIN_MARK:paldea","784","Kommo-o","Estándar","Paldea","ORIGIN_MARK","1","966"
"785:967:ORIGIN_MARK:alola","785","Tapu Koko","Estándar","Alola","ORIGIN_MARK","1","967"
"785:967:ORIGIN_MARK:pokemon-go","785","Tapu Koko","Estándar","Pokémon GO","ORIGIN_MARK","0","967"
"785:967:ORIGIN_MARK:galar","785","Tapu Koko","Estándar","Galar","ORIGIN_MARK","1","967"
"786:968:ORIGIN_MARK:alola","786","Tapu Lele","Estándar","Alola","ORIGIN_MARK","1","968"
"786:968:ORIGIN_MARK:pokemon-go","786","Tapu Lele","Estándar","Pokémon GO","ORIGIN_MARK","1","968"
"786:968:ORIGIN_MARK:galar","786","Tapu Lele","Estándar","Galar","ORIGIN_MARK","1","968"
"787:969:ORIGIN_MARK:alola","787","Tapu Bulu","Estándar","Alola","ORIGIN_MARK","1","969"
"787:969:ORIGIN_MARK:pokemon-go","787","Tapu Bulu","Estándar","Pokémon GO","ORIGIN_MARK","1","969"
"787:969:ORIGIN_MARK:galar","787","Tapu Bulu","Estándar","Galar","ORIGIN_MARK","1","969"
"788:970:ORIGIN_MARK:alola","788","Tapu Fini","Estándar","Alola","ORIGIN_MARK","1","970"
"788:970:ORIGIN_MARK:pokemon-go","788","Tapu Fini","Estándar","Pokémon GO","ORIGIN_MARK","1","970"
"788:970:ORIGIN_MARK:galar","788","Tapu Fini","Estándar","Galar","ORIGIN_MARK","1","970"
"789:971:ORIGIN_MARK:pokemon-go","789","Cosmog","Estándar","Pokémon GO","ORIGIN_MARK","0","971"
"790:972:ORIGIN_MARK:pokemon-go","790","Cosmoem","Estándar","Pokémon GO","ORIGIN_MARK","0","972"
"791:973:ORIGIN_MARK:alola","791","Solgaleo","Estándar","Alola","ORIGIN_MARK","1","973"
"791:973:ORIGIN_MARK:pokemon-go","791","Solgaleo","Estándar","Pokémon GO","ORIGIN_MARK","0","973"
"791:973:ORIGIN_MARK:galar","791","Solgaleo","Estándar","Galar","ORIGIN_MARK","1","973"
"792:974:ORIGIN_MARK:alola","792","Lunala","Estándar","Alola","ORIGIN_MARK","1","974"
"792:974:ORIGIN_MARK:pokemon-go","792","Lunala","Estándar","Pokémon GO","ORIGIN_MARK","0","974"
"792:974:ORIGIN_MARK:galar","792","Lunala","Estándar","Galar","ORIGIN_MARK","1","974"
"793:975:ORIGIN_MARK:alola","793","Nihilego","Estándar","Alola","ORIGIN_MARK","1","975"
"793:975:ORIGIN_MARK:pokemon-go","793","Nihilego","Estándar","Pokémon GO","ORIGIN_MARK","0","975"
"793:975:ORIGIN_MARK:galar","793","Nihilego","Estándar","Galar","ORIGIN_MARK","1","975"
"794:976:ORIGIN_MARK:alola","794","Buzzwole","Estándar","Alola","ORIGIN_MARK","1","976"
"794:976:ORIGIN_MARK:pokemon-go","794","Buzzwole","Estándar","Pokémon GO","ORIGIN_MARK","0","976"
"794:976:ORIGIN_MARK:galar","794","Buzzwole","Estándar","Galar","ORIGIN_MARK","1","976"
"795:977:ORIGIN_MARK:alola","795","Pheromosa","Estándar","Alola","ORIGIN_MARK","1","977"
"795:977:ORIGIN_MARK:pokemon-go","795","Pheromosa","Estándar","Pokémon GO","ORIGIN_MARK","0","977"
"795:977:ORIGIN_MARK:galar","795","Pheromosa","Estándar","Galar","ORIGIN_MARK","1","977"
"796:978:ORIGIN_MARK:alola","796","Xurkitree","Estándar","Alola","ORIGIN_MARK","1","978"
"796:978:ORIGIN_MARK:pokemon-go","796","Xurkitree","Estándar","Pokémon GO","ORIGIN_MARK","0","978"
"796:978:ORIGIN_MARK:galar","796","Xurkitree","Estándar","Galar","ORIGIN_MARK","1","978"
"797:979:ORIGIN_MARK:alola","797","Celesteela","Estándar","Alola","ORIGIN_MARK","1","979"
"797:979:ORIGIN_MARK:pokemon-go","797","Celesteela","Estándar","Pokémon GO","ORIGIN_MARK","0","979"
"797:979:ORIGIN_MARK:galar","797","Celesteela","Estándar","Galar","ORIGIN_MARK","1","979"
"798:980:ORIGIN_MARK:alola","798","Kartana","Estándar","Alola","ORIGIN_MARK","1","980"
"798:980:ORIGIN_MARK:pokemon-go","798","Kartana","Estándar","Pokémon GO","ORIGIN_MARK","0","980"
"798:980:ORIGIN_MARK:galar","798","Kartana","Estándar","Galar","ORIGIN_MARK","1","980"
"799:981:ORIGIN_MARK:alola","799","Guzzlord","Estándar","Alola","ORIGIN_MARK","1","981"
"799:981:ORIGIN_MARK:pokemon-go","799","Guzzlord","Estándar","Pokémon GO","ORIGIN_MARK","0","981"
"799:981:ORIGIN_MARK:galar","799","Guzzlord","Estándar","Galar","ORIGIN_MARK","1","981"
"800:982:ORIGIN_MARK:alola","800","Necrozma","Estándar","Alola","ORIGIN_MARK","1","982"
"800:982:ORIGIN_MARK:pokemon-go","800","Necrozma","Estándar","Pokémon GO","ORIGIN_MARK","0","982"
"800:982:ORIGIN_MARK:galar","800","Necrozma","Estándar","Galar","ORIGIN_MARK","1","982"
"802:985:ORIGIN_MARK:pokemon-go","802","Marshadow","Estándar","Pokémon GO","ORIGIN_MARK","0","985"
"803:986:ORIGIN_MARK:alola","803","Poipole","Estándar","Alola","ORIGIN_MARK","1","986"
"803:986:ORIGIN_MARK:pokemon-go","803","Poipole","Estándar","Pokémon GO","ORIGIN_MARK","0","986"
"804:987:ORIGIN_MARK:alola","804","Naganadel","Estándar","Alola","ORIGIN_MARK","1","987"
"804:987:ORIGIN_MARK:pokemon-go","804","Naganadel","Estándar","Pokémon GO","ORIGIN_MARK","0","987"
"805:988:ORIGIN_MARK:alola","805","Stakataka","Estándar","Alola","ORIGIN_MARK","1","988"
"805:988:ORIGIN_MARK:pokemon-go","805","Stakataka","Estándar","Pokémon GO","ORIGIN_MARK","0","988"
"805:988:ORIGIN_MARK:galar","805","Stakataka","Estándar","Galar","ORIGIN_MARK","1","988"
"806:989:ORIGIN_MARK:alola","806","Blacephalon","Estándar","Alola","ORIGIN_MARK","1","989"
"806:989:ORIGIN_MARK:pokemon-go","806","Blacephalon","Estándar","Pokémon GO","ORIGIN_MARK","1","989"
"806:989:ORIGIN_MARK:galar","806","Blacephalon","Estándar","Galar","ORIGIN_MARK","1","989"
"807:990:ORIGIN_MARK:galar","807","Zeraora","Estándar","Galar","ORIGIN_MARK","1","990"
"808:991:ORIGIN_MARK:pokemon-go","808","Meltan","Estándar","Pokémon GO","ORIGIN_MARK","1","991"
"809:992:ORIGIN_MARK:pokemon-go","809","Melmetal","Estándar","Pokémon GO","ORIGIN_MARK","1","992"
"810:993:ORIGIN_MARK:pokemon-go","810","Grookey","Estándar","Pokémon GO","ORIGIN_MARK","0","993"
"810:993:ORIGIN_MARK:galar","810","Grookey","Estándar","Galar","ORIGIN_MARK","1","993"
"810:993:ORIGIN_MARK:paldea","810","Grookey","Estándar","Paldea","ORIGIN_MARK","1","993"
"811:994:ORIGIN_MARK:pokemon-go","811","Thwackey","Estándar","Pokémon GO","ORIGIN_MARK","0","994"
"811:994:ORIGIN_MARK:galar","811","Thwackey","Estándar","Galar","ORIGIN_MARK","1","994"
"811:994:ORIGIN_MARK:paldea","811","Thwackey","Estándar","Paldea","ORIGIN_MARK","1","994"
"812:995:ORIGIN_MARK:pokemon-go","812","Rillaboom","Estándar","Pokémon GO","ORIGIN_MARK","0","995"
"812:995:ORIGIN_MARK:galar","812","Rillaboom","Estándar","Galar","ORIGIN_MARK","1","995"
"812:995:ORIGIN_MARK:paldea","812","Rillaboom","Estándar","Paldea","ORIGIN_MARK","1","995"
"813:996:ORIGIN_MARK:pokemon-go","813","Scorbunny","Estándar","Pokémon GO","ORIGIN_MARK","0","996"
"813:996:ORIGIN_MARK:galar","813","Scorbunny","Estándar","Galar","ORIGIN_MARK","1","996"
"813:996:ORIGIN_MARK:paldea","813","Scorbunny","Estándar","Paldea","ORIGIN_MARK","1","996"
"814:997:ORIGIN_MARK:pokemon-go","814","Raboot","Estándar","Pokémon GO","ORIGIN_MARK","0","997"
"814:997:ORIGIN_MARK:galar","814","Raboot","Estándar","Galar","ORIGIN_MARK","1","997"
"814:997:ORIGIN_MARK:paldea","814","Raboot","Estándar","Paldea","ORIGIN_MARK","1","997"
"815:998:ORIGIN_MARK:pokemon-go","815","Cinderace","Estándar","Pokémon GO","ORIGIN_MARK","0","998"
"815:998:ORIGIN_MARK:galar","815","Cinderace","Estándar","Galar","ORIGIN_MARK","1","998"
"815:998:ORIGIN_MARK:paldea","815","Cinderace","Estándar","Paldea","ORIGIN_MARK","1","998"
"816:999:ORIGIN_MARK:pokemon-go","816","Sobble","Estándar","Pokémon GO","ORIGIN_MARK","0","999"
"816:999:ORIGIN_MARK:galar","816","Sobble","Estándar","Galar","ORIGIN_MARK","1","999"
"816:999:ORIGIN_MARK:paldea","816","Sobble","Estándar","Paldea","ORIGIN_MARK","1","999"
"817:1000:ORIGIN_MARK:pokemon-go","817","Drizzile","Estándar","Pokémon GO","ORIGIN_MARK","0","1000"
"817:1000:ORIGIN_MARK:galar","817","Drizzile","Estándar","Galar","ORIGIN_MARK","1","1000"
"817:1000:ORIGIN_MARK:paldea","817","Drizzile","Estándar","Paldea","ORIGIN_MARK","1","1000"
"818:1001:ORIGIN_MARK:pokemon-go","818","Inteleon","Estándar","Pokémon GO","ORIGIN_MARK","0","1001"
"818:1001:ORIGIN_MARK:galar","818","Inteleon","Estándar","Galar","ORIGIN_MARK","1","1001"
"818:1001:ORIGIN_MARK:paldea","818","Inteleon","Estándar","Paldea","ORIGIN_MARK","1","1001"
"819:1002:ORIGIN_MARK:pokemon-go","819","Skwovet","Estándar","Pokémon GO","ORIGIN_MARK","0","1002"
"819:1002:ORIGIN_MARK:galar","819","Skwovet","Estándar","Galar","ORIGIN_MARK","1","1002"
"819:1002:ORIGIN_MARK:paldea","819","Skwovet","Estándar","Paldea","ORIGIN_MARK","1","1002"
"820:1003:ORIGIN_MARK:pokemon-go","820","Greedent","Estándar","Pokémon GO","ORIGIN_MARK","0","1003"
"820:1003:ORIGIN_MARK:galar","820","Greedent","Estándar","Galar","ORIGIN_MARK","1","1003"
"820:1003:ORIGIN_MARK:paldea","820","Greedent","Estándar","Paldea","ORIGIN_MARK","1","1003"
"821:1004:ORIGIN_MARK:pokemon-go","821","Rookidee","Estándar","Pokémon GO","ORIGIN_MARK","0","1004"
"821:1004:ORIGIN_MARK:galar","821","Rookidee","Estándar","Galar","ORIGIN_MARK","1","1004"
"821:1004:ORIGIN_MARK:paldea","821","Rookidee","Estándar","Paldea","ORIGIN_MARK","1","1004"
"822:1005:ORIGIN_MARK:pokemon-go","822","Corvisquire","Estándar","Pokémon GO","ORIGIN_MARK","0","1005"
"822:1005:ORIGIN_MARK:galar","822","Corvisquire","Estándar","Galar","ORIGIN_MARK","1","1005"
"822:1005:ORIGIN_MARK:paldea","822","Corvisquire","Estándar","Paldea","ORIGIN_MARK","1","1005"
"823:1006:ORIGIN_MARK:pokemon-go","823","Corviknight","Estándar","Pokémon GO","ORIGIN_MARK","0","1006"
"823:1006:ORIGIN_MARK:galar","823","Corviknight","Estándar","Galar","ORIGIN_MARK","1","1006"
"823:1006:ORIGIN_MARK:paldea","823","Corviknight","Estándar","Paldea","ORIGIN_MARK","1","1006"
"824:1007:ORIGIN_MARK:galar","824","Blipbug","Estándar","Galar","ORIGIN_MARK","1","1007"
"825:1008:ORIGIN_MARK:galar","825","Dottler","Estándar","Galar","ORIGIN_MARK","1","1008"
"826:1009:ORIGIN_MARK:galar","826","Orbeetle","Estándar","Galar","ORIGIN_MARK","1","1009"
"827:1010:ORIGIN_MARK:galar","827","Nickit","Estándar","Galar","ORIGIN_MARK","1","1010"
"828:1011:ORIGIN_MARK:galar","828","Thievul","Estándar","Galar","ORIGIN_MARK","1","1011"
"829:1012:ORIGIN_MARK:galar","829","Gossifleur","Estándar","Galar","ORIGIN_MARK","1","1012"
"830:1013:ORIGIN_MARK:galar","830","Eldegoss","Estándar","Galar","ORIGIN_MARK","1","1013"
"831:1014:ORIGIN_MARK:pokemon-go","831","Wooloo","Estándar","Pokémon GO","ORIGIN_MARK","0","1014"
"831:1014:ORIGIN_MARK:galar","831","Wooloo","Estándar","Galar","ORIGIN_MARK","1","1014"
"832:1015:ORIGIN_MARK:pokemon-go","832","Dubwool","Estándar","Pokémon GO","ORIGIN_MARK","0","1015"
"832:1015:ORIGIN_MARK:galar","832","Dubwool","Estándar","Galar","ORIGIN_MARK","1","1015"
"833:1016:ORIGIN_MARK:galar","833","Chewtle","Estándar","Galar","ORIGIN_MARK","1","1016"
"833:1016:ORIGIN_MARK:paldea","833","Chewtle","Estándar","Paldea","ORIGIN_MARK","1","1016"
"834:1017:ORIGIN_MARK:galar","834","Drednaw","Estándar","Galar","ORIGIN_MARK","1","1017"
"834:1017:ORIGIN_MARK:paldea","834","Drednaw","Estándar","Paldea","ORIGIN_MARK","1","1017"
"835:1018:ORIGIN_MARK:galar","835","Yamper","Estándar","Galar","ORIGIN_MARK","1","1018"
"836:1019:ORIGIN_MARK:galar","836","Boltund","Estándar","Galar","ORIGIN_MARK","1","1019"
"837:1020:ORIGIN_MARK:galar","837","Rolycoly","Estándar","Galar","ORIGIN_MARK","1","1020"
"837:1020:ORIGIN_MARK:paldea","837","Rolycoly","Estándar","Paldea","ORIGIN_MARK","1","1020"
"838:1021:ORIGIN_MARK:galar","838","Carkol","Estándar","Galar","ORIGIN_MARK","1","1021"
"838:1021:ORIGIN_MARK:paldea","838","Carkol","Estándar","Paldea","ORIGIN_MARK","1","1021"
"839:1022:ORIGIN_MARK:galar","839","Coalossal","Estándar","Galar","ORIGIN_MARK","1","1022"
"839:1022:ORIGIN_MARK:paldea","839","Coalossal","Estándar","Paldea","ORIGIN_MARK","1","1022"
"840:1023:ORIGIN_MARK:galar","840","Applin","Estándar","Galar","ORIGIN_MARK","1","1023"
"840:1023:ORIGIN_MARK:paldea","840","Applin","Estándar","Paldea","ORIGIN_MARK","1","1023"
"841:1024:ORIGIN_MARK:galar","841","Flapple","Estándar","Galar","ORIGIN_MARK","1","1024"
"841:1024:ORIGIN_MARK:paldea","841","Flapple","Estándar","Paldea","ORIGIN_MARK","1","1024"
"842:1025:ORIGIN_MARK:galar","842","Appletun","Estándar","Galar","ORIGIN_MARK","1","1025"
"842:1025:ORIGIN_MARK:paldea","842","Appletun","Estándar","Paldea","ORIGIN_MARK","1","1025"
"843:1026:ORIGIN_MARK:galar","843","Silicobra","Estándar","Galar","ORIGIN_MARK","1","1026"
"843:1026:ORIGIN_MARK:paldea","843","Silicobra","Estándar","Paldea","ORIGIN_MARK","1","1026"
"844:1027:ORIGIN_MARK:galar","844","Sandaconda","Estándar","Galar","ORIGIN_MARK","1","1027"
"844:1027:ORIGIN_MARK:paldea","844","Sandaconda","Estándar","Paldea","ORIGIN_MARK","1","1027"
"845:1028:ORIGIN_MARK:galar","845","Cramorant","Estándar","Galar","ORIGIN_MARK","1","1028"
"845:1028:ORIGIN_MARK:paldea","845","Cramorant","Estándar","Paldea","ORIGIN_MARK","1","1028"
"846:1029:ORIGIN_MARK:galar","846","Arrokuda","Estándar","Galar","ORIGIN_MARK","1","1029"
"846:1029:ORIGIN_MARK:paldea","846","Arrokuda","Estándar","Paldea","ORIGIN_MARK","1","1029"
"847:1030:ORIGIN_MARK:galar","847","Barraskewda","Estándar","Galar","ORIGIN_MARK","1","1030"
"847:1030:ORIGIN_MARK:paldea","847","Barraskewda","Estándar","Paldea","ORIGIN_MARK","1","1030"
"848:1031:ORIGIN_MARK:pokemon-go","848","Toxel","Estándar","Pokémon GO","ORIGIN_MARK","0","1031"
"848:1031:ORIGIN_MARK:galar","848","Toxel","Estándar","Galar","ORIGIN_MARK","1","1031"
"848:1031:ORIGIN_MARK:paldea","848","Toxel","Estándar","Paldea","ORIGIN_MARK","1","1031"
"849:1032:ORIGIN_MARK:pokemon-go","849","Toxtricity Yellow","Yellow","Pokémon GO","ORIGIN_MARK","0","1032"
"849:1032:ORIGIN_MARK:galar","849","Toxtricity Yellow","Yellow","Galar","ORIGIN_MARK","1","1032"
"849:1032:ORIGIN_MARK:paldea","849","Toxtricity Yellow","Yellow","Paldea","ORIGIN_MARK","1","1032"
"849:1033:ORIGIN_MARK:pokemon-go","849","Toxtricity Purple","Purple","Pokémon GO","ORIGIN_MARK","0","1033"
"849:1033:ORIGIN_MARK:galar","849","Toxtricity Purple","Purple","Galar","ORIGIN_MARK","1","1033"
"849:1033:ORIGIN_MARK:paldea","849","Toxtricity Purple","Purple","Paldea","ORIGIN_MARK","1","1033"
"850:1034:ORIGIN_MARK:galar","850","Sizzlipede","Estándar","Galar","ORIGIN_MARK","1","1034"
"851:1035:ORIGIN_MARK:galar","851","Centiskorch","Estándar","Galar","ORIGIN_MARK","1","1035"
"852:1036:ORIGIN_MARK:galar","852","Clobbopus","Estándar","Galar","ORIGIN_MARK","1","1036"
"853:1037:ORIGIN_MARK:galar","853","Grapploct","Estándar","Galar","ORIGIN_MARK","1","1037"
"854:1038:ORIGIN_MARK:pokemon-go","854","Sinistea","Estándar","Pokémon GO","ORIGIN_MARK","0","1038"
"854:1038:ORIGIN_MARK:galar","854","Sinistea","Estándar","Galar","ORIGIN_MARK","1","1038"
"854:1038:ORIGIN_MARK:paldea","854","Sinistea","Estándar","Paldea","ORIGIN_MARK","1","1038"
"854:1039:ORIGIN_MARK:pokemon-go","854","Sinistea marked","marked","Pokémon GO","ORIGIN_MARK","0","1039"
"854:1039:ORIGIN_MARK:galar","854","Sinistea marked","marked","Galar","ORIGIN_MARK","1","1039"
"854:1039:ORIGIN_MARK:paldea","854","Sinistea marked","marked","Paldea","ORIGIN_MARK","1","1039"
"855:1040:ORIGIN_MARK:pokemon-go","855","Polteageist","Estándar","Pokémon GO","ORIGIN_MARK","0","1040"
"855:1040:ORIGIN_MARK:galar","855","Polteageist","Estándar","Galar","ORIGIN_MARK","1","1040"
"855:1040:ORIGIN_MARK:paldea","855","Polteageist","Estándar","Paldea","ORIGIN_MARK","1","1040"
"856:1041:ORIGIN_MARK:pokemon-go","856","Hatenna","Estándar","Pokémon GO","ORIGIN_MARK","0","1041"
"856:1041:ORIGIN_MARK:galar","856","Hatenna","Estándar","Galar","ORIGIN_MARK","1","1041"
"856:1041:ORIGIN_MARK:paldea","856","Hatenna","Estándar","Paldea","ORIGIN_MARK","1","1041"
"857:1042:ORIGIN_MARK:pokemon-go","857","Hattrem","Estándar","Pokémon GO","ORIGIN_MARK","0","1042"
"857:1042:ORIGIN_MARK:galar","857","Hattrem","Estándar","Galar","ORIGIN_MARK","1","1042"
"857:1042:ORIGIN_MARK:paldea","857","Hattrem","Estándar","Paldea","ORIGIN_MARK","1","1042"
"858:1043:ORIGIN_MARK:pokemon-go","858","Hatterene","Estándar","Pokémon GO","ORIGIN_MARK","0","1043"
"858:1043:ORIGIN_MARK:galar","858","Hatterene","Estándar","Galar","ORIGIN_MARK","1","1043"
"858:1043:ORIGIN_MARK:paldea","858","Hatterene","Estándar","Paldea","ORIGIN_MARK","1","1043"
"859:1044:ORIGIN_MARK:galar","859","Impidimp","Estándar","Galar","ORIGIN_MARK","1","1044"
"859:1044:ORIGIN_MARK:paldea","859","Impidimp","Estándar","Paldea","ORIGIN_MARK","1","1044"
"860:1045:ORIGIN_MARK:galar","860","Morgrem","Estándar","Galar","ORIGIN_MARK","1","1045"
"860:1045:ORIGIN_MARK:paldea","860","Morgrem","Estándar","Paldea","ORIGIN_MARK","1","1045"
"861:1046:ORIGIN_MARK:galar","861","Grimmsnarl","Estándar","Galar","ORIGIN_MARK","1","1046"
"861:1046:ORIGIN_MARK:paldea","861","Grimmsnarl","Estándar","Paldea","ORIGIN_MARK","1","1046"
"862:1047:ORIGIN_MARK:pokemon-go","862","Obstagoon","Estándar","Pokémon GO","ORIGIN_MARK","0","1047"
"862:1047:ORIGIN_MARK:galar","862","Obstagoon","Estándar","Galar","ORIGIN_MARK","1","1047"
"863:1048:ORIGIN_MARK:pokemon-go","863","Perrserker","Estándar","Pokémon GO","ORIGIN_MARK","0","1048"
"863:1048:ORIGIN_MARK:galar","863","Perrserker","Estándar","Galar","ORIGIN_MARK","1","1048"
"863:1048:ORIGIN_MARK:paldea","863","Perrserker","Estándar","Paldea","ORIGIN_MARK","1","1048"
"864:1049:ORIGIN_MARK:pokemon-go","864","Cursola","Estándar","Pokémon GO","ORIGIN_MARK","0","1049"
"864:1049:ORIGIN_MARK:galar","864","Cursola","Estándar","Galar","ORIGIN_MARK","1","1049"
"865:1050:ORIGIN_MARK:pokemon-go","865","Sirfetch'd","Estándar","Pokémon GO","ORIGIN_MARK","0","1050"
"865:1050:ORIGIN_MARK:galar","865","Sirfetch'd","Estándar","Galar","ORIGIN_MARK","1","1050"
"866:1051:ORIGIN_MARK:sin-marca-gen-3-5","866","Mr. Rime","Estándar","Sin marca (Gen 3-5)","ORIGIN_MARK","1","1051"
"866:1051:ORIGIN_MARK:kalos","866","Mr. Rime","Estándar","Kalos","ORIGIN_MARK","1","1051"
"866:1051:ORIGIN_MARK:alola","866","Mr. Rime","Estándar","Alola","ORIGIN_MARK","1","1051"
"866:1051:ORIGIN_MARK:pokemon-go","866","Mr. Rime","Estándar","Pokémon GO","ORIGIN_MARK","0","1051"
"866:1051:ORIGIN_MARK:galar","866","Mr. Rime","Estándar","Galar","ORIGIN_MARK","1","1051"
"866:1051:ORIGIN_MARK:sinnoh-bdsp","866","Mr. Rime","Estándar","Sinnoh (BDSP)","ORIGIN_MARK","0","1051"
"866:1051:ORIGIN_MARK:hisui-legends-arceus","866","Mr. Rime","Estándar","Hisui (Legends: Arceus)","ORIGIN_MARK","0","1051"
"866:1051:ORIGIN_MARK:legends-z-a","866","Mr. Rime","Estándar","Legends: Z-A","ORIGIN_MARK","0","1051"
"866:1051:DREAM_BALL:dream-ball-v","866","Mr. Rime","Estándar","Dream Ball (V)","DREAM_BALL","0","1051"
"867:1052:ORIGIN_MARK:pokemon-go","867","Runerigus","Estándar","Pokémon GO","ORIGIN_MARK","0","1052"
"867:1052:ORIGIN_MARK:galar","867","Runerigus","Estándar","Galar","ORIGIN_MARK","1","1052"
"868:1053:ORIGIN_MARK:galar","868","Milcery","Estándar","Galar","ORIGIN_MARK","1","1053"
"868:1053:ORIGIN_MARK:paldea","868","Milcery","Estándar","Paldea","ORIGIN_MARK","1","1053"
"869:1054:ORIGIN_MARK:galar","869","Alcremie","Estándar","Galar","ORIGIN_MARK","1","1054"
"869:1054:ORIGIN_MARK:paldea","869","Alcremie","Estándar","Paldea","ORIGIN_MARK","0","1054"
"869:1055:ORIGIN_MARK:galar","869","Alcremie","Estándar","Galar","ORIGIN_MARK","1","1055"
"869:1055:ORIGIN_MARK:paldea","869","Alcremie","Estándar","Paldea","ORIGIN_MARK","0","1055"
"869:1056:ORIGIN_MARK:galar","869","Alcremie","Estándar","Galar","ORIGIN_MARK","1","1056"
"869:1056:ORIGIN_MARK:paldea","869","Alcremie","Estándar","Paldea","ORIGIN_MARK","0","1056"
"869:1057:ORIGIN_MARK:galar","869","Alcremie","Estándar","Galar","ORIGIN_MARK","1","1057"
"869:1057:ORIGIN_MARK:paldea","869","Alcremie","Estándar","Paldea","ORIGIN_MARK","0","1057"
"869:1058:ORIGIN_MARK:galar","869","Alcremie","Estándar","Galar","ORIGIN_MARK","1","1058"
"869:1058:ORIGIN_MARK:paldea","869","Alcremie","Estándar","Paldea","ORIGIN_MARK","0","1058"
"869:1059:ORIGIN_MARK:galar","869","Alcremie","Estándar","Galar","ORIGIN_MARK","1","1059"
"869:1059:ORIGIN_MARK:paldea","869","Alcremie","Estándar","Paldea","ORIGIN_MARK","0","1059"
"869:1060:ORIGIN_MARK:galar","869","Alcremie","Estándar","Galar","ORIGIN_MARK","1","1060"
"869:1060:ORIGIN_MARK:paldea","869","Alcremie","Estándar","Paldea","ORIGIN_MARK","0","1060"
"869:1061:ORIGIN_MARK:galar","869","Alcremie","Estándar","Galar","ORIGIN_MARK","1","1061"
"869:1061:ORIGIN_MARK:paldea","869","Alcremie","Estándar","Paldea","ORIGIN_MARK","0","1061"
"869:1062:ORIGIN_MARK:galar","869","Alcremie","Estándar","Galar","ORIGIN_MARK","1","1062"
"869:1062:ORIGIN_MARK:paldea","869","Alcremie","Estándar","Paldea","ORIGIN_MARK","0","1062"
"869:1063:ORIGIN_MARK:galar","869","Alcremie","Estándar","Galar","ORIGIN_MARK","1","1063"
"869:1063:ORIGIN_MARK:paldea","869","Alcremie","Estándar","Paldea","ORIGIN_MARK","0","1063"
"869:1064:ORIGIN_MARK:galar","869","Alcremie","Estándar","Galar","ORIGIN_MARK","1","1064"
"869:1064:ORIGIN_MARK:paldea","869","Alcremie","Estándar","Paldea","ORIGIN_MARK","0","1064"
"869:1065:ORIGIN_MARK:galar","869","Alcremie","Estándar","Galar","ORIGIN_MARK","1","1065"
"869:1065:ORIGIN_MARK:paldea","869","Alcremie","Estándar","Paldea","ORIGIN_MARK","0","1065"
"869:1066:ORIGIN_MARK:galar","869","Alcremie","Estándar","Galar","ORIGIN_MARK","1","1066"
"869:1066:ORIGIN_MARK:paldea","869","Alcremie","Estándar","Paldea","ORIGIN_MARK","0","1066"
"869:1067:ORIGIN_MARK:galar","869","Alcremie","Estándar","Galar","ORIGIN_MARK","1","1067"
"869:1067:ORIGIN_MARK:paldea","869","Alcremie","Estándar","Paldea","ORIGIN_MARK","0","1067"
"869:1068:ORIGIN_MARK:galar","869","Alcremie","Estándar","Galar","ORIGIN_MARK","1","1068"
"869:1068:ORIGIN_MARK:paldea","869","Alcremie","Estándar","Paldea","ORIGIN_MARK","0","1068"
"869:1069:ORIGIN_MARK:galar","869","Alcremie","Estándar","Galar","ORIGIN_MARK","1","1069"
"869:1069:ORIGIN_MARK:paldea","869","Alcremie","Estándar","Paldea","ORIGIN_MARK","0","1069"
"869:1070:ORIGIN_MARK:galar","869","Alcremie","Estándar","Galar","ORIGIN_MARK","1","1070"
"869:1070:ORIGIN_MARK:paldea","869","Alcremie","Estándar","Paldea","ORIGIN_MARK","0","1070"
"869:1071:ORIGIN_MARK:galar","869","Alcremie","Estándar","Galar","ORIGIN_MARK","1","1071"
"869:1071:ORIGIN_MARK:paldea","869","Alcremie","Estándar","Paldea","ORIGIN_MARK","0","1071"
"869:1072:ORIGIN_MARK:galar","869","Alcremie","Estándar","Galar","ORIGIN_MARK","1","1072"
"869:1072:ORIGIN_MARK:paldea","869","Alcremie","Estándar","Paldea","ORIGIN_MARK","0","1072"
"869:1073:ORIGIN_MARK:galar","869","Alcremie","Estándar","Galar","ORIGIN_MARK","1","1073"
"869:1073:ORIGIN_MARK:paldea","869","Alcremie","Estándar","Paldea","ORIGIN_MARK","0","1073"
"869:1074:ORIGIN_MARK:galar","869","Alcremie","Estándar","Galar","ORIGIN_MARK","1","1074"
"869:1074:ORIGIN_MARK:paldea","869","Alcremie","Estándar","Paldea","ORIGIN_MARK","0","1074"
"869:1075:ORIGIN_MARK:galar","869","Alcremie","Estándar","Galar","ORIGIN_MARK","1","1075"
"869:1075:ORIGIN_MARK:paldea","869","Alcremie","Estándar","Paldea","ORIGIN_MARK","0","1075"
"869:1076:ORIGIN_MARK:galar","869","Alcremie","Estándar","Galar","ORIGIN_MARK","1","1076"
"869:1076:ORIGIN_MARK:paldea","869","Alcremie","Estándar","Paldea","ORIGIN_MARK","0","1076"
"869:1077:ORIGIN_MARK:galar","869","Alcremie","Estándar","Galar","ORIGIN_MARK","1","1077"
"869:1077:ORIGIN_MARK:paldea","869","Alcremie","Estándar","Paldea","ORIGIN_MARK","0","1077"
"869:1078:ORIGIN_MARK:galar","869","Alcremie","Estándar","Galar","ORIGIN_MARK","1","1078"
"869:1078:ORIGIN_MARK:paldea","869","Alcremie","Estándar","Paldea","ORIGIN_MARK","0","1078"
"869:1079:ORIGIN_MARK:galar","869","Alcremie","Estándar","Galar","ORIGIN_MARK","1","1079"
"869:1079:ORIGIN_MARK:paldea","869","Alcremie","Estándar","Paldea","ORIGIN_MARK","0","1079"
"869:1080:ORIGIN_MARK:galar","869","Alcremie","Estándar","Galar","ORIGIN_MARK","1","1080"
"869:1080:ORIGIN_MARK:paldea","869","Alcremie","Estándar","Paldea","ORIGIN_MARK","0","1080"
"869:1081:ORIGIN_MARK:galar","869","Alcremie","Estándar","Galar","ORIGIN_MARK","1","1081"
"869:1081:ORIGIN_MARK:paldea","869","Alcremie","Estándar","Paldea","ORIGIN_MARK","0","1081"
"869:1082:ORIGIN_MARK:galar","869","Alcremie","Estándar","Galar","ORIGIN_MARK","1","1082"
"869:1082:ORIGIN_MARK:paldea","869","Alcremie","Estándar","Paldea","ORIGIN_MARK","0","1082"
"869:1083:ORIGIN_MARK:galar","869","Alcremie","Estándar","Galar","ORIGIN_MARK","1","1083"
"869:1083:ORIGIN_MARK:paldea","869","Alcremie","Estándar","Paldea","ORIGIN_MARK","0","1083"
"869:1084:ORIGIN_MARK:galar","869","Alcremie","Estándar","Galar","ORIGIN_MARK","1","1084"
"869:1084:ORIGIN_MARK:paldea","869","Alcremie","Estándar","Paldea","ORIGIN_MARK","0","1084"
"869:1085:ORIGIN_MARK:galar","869","Alcremie","Estándar","Galar","ORIGIN_MARK","1","1085"
"869:1085:ORIGIN_MARK:paldea","869","Alcremie","Estándar","Paldea","ORIGIN_MARK","0","1085"
"869:1086:ORIGIN_MARK:galar","869","Alcremie","Estándar","Galar","ORIGIN_MARK","1","1086"
"869:1086:ORIGIN_MARK:paldea","869","Alcremie","Estándar","Paldea","ORIGIN_MARK","0","1086"
"869:1087:ORIGIN_MARK:galar","869","Alcremie","Estándar","Galar","ORIGIN_MARK","1","1087"
"869:1087:ORIGIN_MARK:paldea","869","Alcremie","Estándar","Paldea","ORIGIN_MARK","0","1087"
"869:1088:ORIGIN_MARK:galar","869","Alcremie","Estándar","Galar","ORIGIN_MARK","1","1088"
"869:1088:ORIGIN_MARK:paldea","869","Alcremie","Estándar","Paldea","ORIGIN_MARK","0","1088"
"869:1089:ORIGIN_MARK:galar","869","Alcremie","Estándar","Galar","ORIGIN_MARK","1","1089"
"869:1089:ORIGIN_MARK:paldea","869","Alcremie","Estándar","Paldea","ORIGIN_MARK","0","1089"
"869:1090:ORIGIN_MARK:galar","869","Alcremie","Estándar","Galar","ORIGIN_MARK","1","1090"
"869:1090:ORIGIN_MARK:paldea","869","Alcremie","Estándar","Paldea","ORIGIN_MARK","0","1090"
"869:1091:ORIGIN_MARK:galar","869","Alcremie","Estándar","Galar","ORIGIN_MARK","1","1091"
"869:1091:ORIGIN_MARK:paldea","869","Alcremie","Estándar","Paldea","ORIGIN_MARK","0","1091"
"869:1092:ORIGIN_MARK:galar","869","Alcremie","Estándar","Galar","ORIGIN_MARK","1","1092"
"869:1092:ORIGIN_MARK:paldea","869","Alcremie","Estándar","Paldea","ORIGIN_MARK","0","1092"
"869:1093:ORIGIN_MARK:galar","869","Alcremie","Estándar","Galar","ORIGIN_MARK","1","1093"
"869:1093:ORIGIN_MARK:paldea","869","Alcremie","Estándar","Paldea","ORIGIN_MARK","0","1093"
"869:1094:ORIGIN_MARK:galar","869","Alcremie","Estándar","Galar","ORIGIN_MARK","1","1094"
"869:1094:ORIGIN_MARK:paldea","869","Alcremie","Estándar","Paldea","ORIGIN_MARK","0","1094"
"869:1095:ORIGIN_MARK:galar","869","Alcremie","Estándar","Galar","ORIGIN_MARK","1","1095"
"869:1095:ORIGIN_MARK:paldea","869","Alcremie","Estándar","Paldea","ORIGIN_MARK","0","1095"
"869:1096:ORIGIN_MARK:galar","869","Alcremie","Estándar","Galar","ORIGIN_MARK","1","1096"
"869:1096:ORIGIN_MARK:paldea","869","Alcremie","Estándar","Paldea","ORIGIN_MARK","0","1096"
"869:1097:ORIGIN_MARK:galar","869","Alcremie","Estándar","Galar","ORIGIN_MARK","1","1097"
"869:1097:ORIGIN_MARK:paldea","869","Alcremie","Estándar","Paldea","ORIGIN_MARK","0","1097"
"869:1098:ORIGIN_MARK:galar","869","Alcremie","Estándar","Galar","ORIGIN_MARK","1","1098"
"869:1098:ORIGIN_MARK:paldea","869","Alcremie","Estándar","Paldea","ORIGIN_MARK","0","1098"
"869:1099:ORIGIN_MARK:galar","869","Alcremie","Estándar","Galar","ORIGIN_MARK","1","1099"
"869:1099:ORIGIN_MARK:paldea","869","Alcremie","Estándar","Paldea","ORIGIN_MARK","0","1099"
"869:1100:ORIGIN_MARK:galar","869","Alcremie","Estándar","Galar","ORIGIN_MARK","1","1100"
"869:1100:ORIGIN_MARK:paldea","869","Alcremie","Estándar","Paldea","ORIGIN_MARK","0","1100"
"869:1101:ORIGIN_MARK:galar","869","Alcremie","Estándar","Galar","ORIGIN_MARK","1","1101"
"869:1101:ORIGIN_MARK:paldea","869","Alcremie","Estándar","Paldea","ORIGIN_MARK","0","1101"
"869:1102:ORIGIN_MARK:galar","869","Alcremie","Estándar","Galar","ORIGIN_MARK","1","1102"
"869:1102:ORIGIN_MARK:paldea","869","Alcremie","Estándar","Paldea","ORIGIN_MARK","0","1102"
"869:1103:ORIGIN_MARK:galar","869","Alcremie","Estándar","Galar","ORIGIN_MARK","1","1103"
"869:1103:ORIGIN_MARK:paldea","869","Alcremie","Estándar","Paldea","ORIGIN_MARK","0","1103"
"869:1104:ORIGIN_MARK:galar","869","Alcremie","Estándar","Galar","ORIGIN_MARK","1","1104"
"869:1104:ORIGIN_MARK:paldea","869","Alcremie","Estándar","Paldea","ORIGIN_MARK","0","1104"
"869:1105:ORIGIN_MARK:galar","869","Alcremie","Estándar","Galar","ORIGIN_MARK","1","1105"
"869:1105:ORIGIN_MARK:paldea","869","Alcremie","Estándar","Paldea","ORIGIN_MARK","0","1105"
"869:1106:ORIGIN_MARK:galar","869","Alcremie","Estándar","Galar","ORIGIN_MARK","1","1106"
"869:1106:ORIGIN_MARK:paldea","869","Alcremie","Estándar","Paldea","ORIGIN_MARK","0","1106"
"869:1107:ORIGIN_MARK:galar","869","Alcremie","Estándar","Galar","ORIGIN_MARK","1","1107"
"869:1107:ORIGIN_MARK:paldea","869","Alcremie","Estándar","Paldea","ORIGIN_MARK","0","1107"
"869:1108:ORIGIN_MARK:galar","869","Alcremie","Estándar","Galar","ORIGIN_MARK","1","1108"
"869:1108:ORIGIN_MARK:paldea","869","Alcremie","Estándar","Paldea","ORIGIN_MARK","0","1108"
"869:1109:ORIGIN_MARK:galar","869","Alcremie","Estándar","Galar","ORIGIN_MARK","1","1109"
"869:1109:ORIGIN_MARK:paldea","869","Alcremie","Estándar","Paldea","ORIGIN_MARK","0","1109"
"869:1110:ORIGIN_MARK:galar","869","Alcremie","Estándar","Galar","ORIGIN_MARK","1","1110"
"869:1110:ORIGIN_MARK:paldea","869","Alcremie","Estándar","Paldea","ORIGIN_MARK","0","1110"
"869:1111:ORIGIN_MARK:galar","869","Alcremie","Estándar","Galar","ORIGIN_MARK","1","1111"
"869:1111:ORIGIN_MARK:paldea","869","Alcremie","Estándar","Paldea","ORIGIN_MARK","0","1111"
"869:1112:ORIGIN_MARK:galar","869","Alcremie","Estándar","Galar","ORIGIN_MARK","1","1112"
"869:1112:ORIGIN_MARK:paldea","869","Alcremie","Estándar","Paldea","ORIGIN_MARK","0","1112"
"869:1113:ORIGIN_MARK:galar","869","Alcremie","Estándar","Galar","ORIGIN_MARK","1","1113"
"869:1113:ORIGIN_MARK:paldea","869","Alcremie","Estándar","Paldea","ORIGIN_MARK","0","1113"
"869:1114:ORIGIN_MARK:galar","869","Alcremie","Estándar","Galar","ORIGIN_MARK","1","1114"
"869:1114:ORIGIN_MARK:paldea","869","Alcremie","Estándar","Paldea","ORIGIN_MARK","0","1114"
"869:1115:ORIGIN_MARK:galar","869","Alcremie","Estándar","Galar","ORIGIN_MARK","1","1115"
"869:1115:ORIGIN_MARK:paldea","869","Alcremie","Estándar","Paldea","ORIGIN_MARK","0","1115"
"869:1116:ORIGIN_MARK:galar","869","Alcremie","Estándar","Galar","ORIGIN_MARK","1","1116"
"869:1116:ORIGIN_MARK:paldea","869","Alcremie","Estándar","Paldea","ORIGIN_MARK","0","1116"
"870:1117:ORIGIN_MARK:pokemon-go","870","Falinks","Estándar","Pokémon GO","ORIGIN_MARK","0","1117"
"870:1117:ORIGIN_MARK:galar","870","Falinks","Estándar","Galar","ORIGIN_MARK","1","1117"
"870:1117:ORIGIN_MARK:paldea","870","Falinks","Estándar","Paldea","ORIGIN_MARK","1","1117"
"871:1118:ORIGIN_MARK:galar","871","Pincurchin","Estándar","Galar","ORIGIN_MARK","1","1118"
"871:1118:ORIGIN_MARK:paldea","871","Pincurchin","Estándar","Paldea","ORIGIN_MARK","1","1118"
"872:1119:ORIGIN_MARK:galar","872","Snom","Estándar","Galar","ORIGIN_MARK","1","1119"
"872:1119:ORIGIN_MARK:paldea","872","Snom","Estándar","Paldea","ORIGIN_MARK","1","1119"
"873:1120:ORIGIN_MARK:galar","873","Frosmoth","Estándar","Galar","ORIGIN_MARK","1","1120"
"873:1120:ORIGIN_MARK:paldea","873","Frosmoth","Estándar","Paldea","ORIGIN_MARK","1","1120"
"874:1121:ORIGIN_MARK:galar","874","Stonjourner","Estándar","Galar","ORIGIN_MARK","1","1121"
"874:1121:ORIGIN_MARK:paldea","874","Stonjourner","Estándar","Paldea","ORIGIN_MARK","1","1121"
"875:1122:ORIGIN_MARK:galar","875","Eiscue","Estándar","Galar","ORIGIN_MARK","1","1122"
"875:1122:ORIGIN_MARK:paldea","875","Eiscue","Estándar","Paldea","ORIGIN_MARK","1","1122"
"876:1123:ORIGIN_MARK:galar","876","Indeedee","Estándar","Galar","ORIGIN_MARK","1","1123"
"876:1123:ORIGIN_MARK:paldea","876","Indeedee","Estándar","Paldea","ORIGIN_MARK","1","1123"
"876:1124:ORIGIN_MARK:galar","876","Indeedee female","female","Galar","ORIGIN_MARK","1","1124"
"876:1124:ORIGIN_MARK:paldea","876","Indeedee female","female","Paldea","ORIGIN_MARK","1","1124"
"877:1125:ORIGIN_MARK:galar","877","Morpeko","Estándar","Galar","ORIGIN_MARK","1","1125"
"877:1125:ORIGIN_MARK:paldea","877","Morpeko","Estándar","Paldea","ORIGIN_MARK","1","1125"
"878:1126:ORIGIN_MARK:galar","878","Cufant","Estándar","Galar","ORIGIN_MARK","1","1126"
"878:1126:ORIGIN_MARK:paldea","878","Cufant","Estándar","Paldea","ORIGIN_MARK","1","1126"
"879:1127:ORIGIN_MARK:galar","879","Copperajah","Estándar","Galar","ORIGIN_MARK","1","1127"
"879:1127:ORIGIN_MARK:paldea","879","Copperajah","Estándar","Paldea","ORIGIN_MARK","1","1127"
"880:1128:ORIGIN_MARK:galar","880","Dracozolt","Estándar","Galar","ORIGIN_MARK","1","1128"
"881:1129:ORIGIN_MARK:galar","881","Arctozolt","Estándar","Galar","ORIGIN_MARK","1","1129"
"882:1130:ORIGIN_MARK:galar","882","Dracovish","Estándar","Galar","ORIGIN_MARK","1","1130"
"883:1131:ORIGIN_MARK:galar","883","Arctovish","Estándar","Galar","ORIGIN_MARK","1","1131"
"884:1132:ORIGIN_MARK:galar","884","Duraludon","Estándar","Galar","ORIGIN_MARK","1","1132"
"884:1132:ORIGIN_MARK:paldea","884","Duraludon","Estándar","Paldea","ORIGIN_MARK","1","1132"
"885:1133:ORIGIN_MARK:galar","885","Dreepy","Estándar","Galar","ORIGIN_MARK","1","1133"
"885:1133:ORIGIN_MARK:paldea","885","Dreepy","Estándar","Paldea","ORIGIN_MARK","1","1133"
"886:1134:ORIGIN_MARK:galar","886","Drakloak","Estándar","Galar","ORIGIN_MARK","1","1134"
"886:1134:ORIGIN_MARK:paldea","886","Drakloak","Estándar","Paldea","ORIGIN_MARK","1","1134"
"887:1135:ORIGIN_MARK:galar","887","Dragapult","Estándar","Galar","ORIGIN_MARK","1","1135"
"887:1135:ORIGIN_MARK:paldea","887","Dragapult","Estándar","Paldea","ORIGIN_MARK","1","1135"
"888:1136:ORIGIN_MARK:pokemon-go","888","Zacian","Estándar","Pokémon GO","ORIGIN_MARK","0","1136"
"888:1136:ORIGIN_MARK:galar","888","Zacian","Estándar","Galar","ORIGIN_MARK","1","1136"
"889:1137:ORIGIN_MARK:pokemon-go","889","Zamazenta","Estándar","Pokémon GO","ORIGIN_MARK","1","1137"
"889:1137:ORIGIN_MARK:galar","889","Zamazenta","Estándar","Galar","ORIGIN_MARK","1","1137"
"890:1138:ORIGIN_MARK:galar","890","Eternatus","Estándar","Galar","ORIGIN_MARK","1","1138"
"891:1139:ORIGIN_MARK:pokemon-go","891","Kubfu","Estándar","Pokémon GO","ORIGIN_MARK","0","1139"
"892:1140:ORIGIN_MARK:pokemon-go","892","Urshifu single-strike","single-strike","Pokémon GO","ORIGIN_MARK","0","1140"
"893:1142:ORIGIN_MARK:pokemon-go","893","Zarude","Estándar","Pokémon GO","ORIGIN_MARK","0","1142"
"894:1144:ORIGIN_MARK:pokemon-go","894","Regieleki","Estándar","Pokémon GO","ORIGIN_MARK","0","1144"
"894:1144:ORIGIN_MARK:galar","894","Regieleki","Estándar","Galar","ORIGIN_MARK","0","1144"
"895:1145:ORIGIN_MARK:pokemon-go","895","Regidrago","Estándar","Pokémon GO","ORIGIN_MARK","0","1145"
"895:1145:ORIGIN_MARK:galar","895","Regidrago","Estándar","Galar","ORIGIN_MARK","0","1145"
"899:1149:ORIGIN_MARK:consola-virtual","899","Wyrdeer","Estándar","Consola Virtual","ORIGIN_MARK","1","1149"
"899:1149:ORIGIN_MARK:sin-marca-gen-3-5","899","Wyrdeer","Estándar","Sin marca (Gen 3-5)","ORIGIN_MARK","0","1149"
"899:1149:ORIGIN_MARK:kalos","899","Wyrdeer","Estándar","Kalos","ORIGIN_MARK","1","1149"
"899:1149:ORIGIN_MARK:alola","899","Wyrdeer","Estándar","Alola","ORIGIN_MARK","1","1149"
"899:1149:ORIGIN_MARK:pokemon-go","899","Wyrdeer","Estándar","Pokémon GO","ORIGIN_MARK","0","1149"
"899:1149:ORIGIN_MARK:galar","899","Wyrdeer","Estándar","Galar","ORIGIN_MARK","0","1149"
"899:1149:ORIGIN_MARK:sinnoh-bdsp","899","Wyrdeer","Estándar","Sinnoh (BDSP)","ORIGIN_MARK","0","1149"
"899:1149:ORIGIN_MARK:hisui-legends-arceus","899","Wyrdeer","Estándar","Hisui (Legends: Arceus)","ORIGIN_MARK","0","1149"
"899:1149:ORIGIN_MARK:paldea","899","Wyrdeer","Estándar","Paldea","ORIGIN_MARK","1","1149"
"899:1149:ORIGIN_MARK:legends-z-a","899","Wyrdeer","Estándar","Legends: Z-A","ORIGIN_MARK","0","1149"
"899:1149:DREAM_BALL:dream-ball-v","899","Wyrdeer","Estándar","Dream Ball (V)","DREAM_BALL","0","1149"
"899:1149:COLO_XD:colo-xd","899","Wyrdeer","Estándar","Colo/XD","COLO_XD","0","1149"
"900:1150:ORIGIN_MARK:consola-virtual","900","Kleavor","Estándar","Consola Virtual","ORIGIN_MARK","1","1150"
"900:1150:ORIGIN_MARK:sin-marca-gen-3-5","900","Kleavor","Estándar","Sin marca (Gen 3-5)","ORIGIN_MARK","0","1150"
"900:1150:ORIGIN_MARK:kalos","900","Kleavor","Estándar","Kalos","ORIGIN_MARK","1","1150"
"900:1150:ORIGIN_MARK:alola","900","Kleavor","Estándar","Alola","ORIGIN_MARK","1","1150"
"900:1150:ORIGIN_MARK:pokemon-go","900","Kleavor","Estándar","Pokémon GO","ORIGIN_MARK","0","1150"
"900:1150:ORIGIN_MARK:let-s-go","900","Kleavor","Estándar","Let's Go","ORIGIN_MARK","0","1150"
"900:1150:ORIGIN_MARK:galar","900","Kleavor","Estándar","Galar","ORIGIN_MARK","0","1150"
"900:1150:ORIGIN_MARK:sinnoh-bdsp","900","Kleavor","Estándar","Sinnoh (BDSP)","ORIGIN_MARK","0","1150"
"900:1150:ORIGIN_MARK:hisui-legends-arceus","900","Kleavor","Estándar","Hisui (Legends: Arceus)","ORIGIN_MARK","0","1150"
"900:1150:ORIGIN_MARK:paldea","900","Kleavor","Estándar","Paldea","ORIGIN_MARK","1","1150"
"900:1150:ORIGIN_MARK:legends-z-a","900","Kleavor","Estándar","Legends: Z-A","ORIGIN_MARK","0","1150"
"900:1150:DREAM_BALL:dream-ball-v","900","Kleavor","Estándar","Dream Ball (V)","DREAM_BALL","0","1150"
"900:1150:COLO_XD:colo-xd","900","Kleavor","Estándar","Colo/XD","COLO_XD","0","1150"
"901:1151:ORIGIN_MARK:consola-virtual","901","Ursaluna","Estándar","Consola Virtual","ORIGIN_MARK","1","1151"
"901:1151:ORIGIN_MARK:sin-marca-gen-3-5","901","Ursaluna","Estándar","Sin marca (Gen 3-5)","ORIGIN_MARK","1","1151"
"901:1151:ORIGIN_MARK:kalos","901","Ursaluna","Estándar","Kalos","ORIGIN_MARK","1","1151"
"901:1151:ORIGIN_MARK:alola","901","Ursaluna","Estándar","Alola","ORIGIN_MARK","1","1151"
"901:1151:ORIGIN_MARK:pokemon-go","901","Ursaluna","Estándar","Pokémon GO","ORIGIN_MARK","0","1151"
"901:1151:ORIGIN_MARK:galar","901","Ursaluna","Estándar","Galar","ORIGIN_MARK","0","1151"
"901:1151:ORIGIN_MARK:sinnoh-bdsp","901","Ursaluna","Estándar","Sinnoh (BDSP)","ORIGIN_MARK","0","1151"
"901:1151:ORIGIN_MARK:hisui-legends-arceus","901","Ursaluna","Estándar","Hisui (Legends: Arceus)","ORIGIN_MARK","0","1151"
"901:1151:ORIGIN_MARK:paldea","901","Ursaluna","Estándar","Paldea","ORIGIN_MARK","1","1151"
"901:1151:ORIGIN_MARK:legends-z-a","901","Ursaluna","Estándar","Legends: Z-A","ORIGIN_MARK","0","1151"
"901:1151:DREAM_BALL:dream-ball-v","901","Ursaluna","Estándar","Dream Ball (V)","DREAM_BALL","0","1151"
"901:1151:COLO_XD:colo-xd","901","Ursaluna","Estándar","Colo/XD","COLO_XD","0","1151"
"902:1153:ORIGIN_MARK:hisui-legends-arceus","902","Basculegion","Estándar","Hisui (Legends: Arceus)","ORIGIN_MARK","0","1153"
"902:1153:ORIGIN_MARK:paldea","902","Basculegion","Estándar","Paldea","ORIGIN_MARK","1","1153"
"902:1154:ORIGIN_MARK:hisui-legends-arceus","902","Basculegion female","female","Hisui (Legends: Arceus)","ORIGIN_MARK","0","1154"
"902:1154:ORIGIN_MARK:paldea","902","Basculegion female","female","Paldea","ORIGIN_MARK","1","1154"
"903:1155:ORIGIN_MARK:pokemon-go","903","Sneasler","Estándar","Pokémon GO","ORIGIN_MARK","0","1155"
"903:1155:ORIGIN_MARK:hisui-legends-arceus","903","Sneasler","Estándar","Hisui (Legends: Arceus)","ORIGIN_MARK","0","1155"
"903:1155:ORIGIN_MARK:paldea","903","Sneasler","Estándar","Paldea","ORIGIN_MARK","1","1155"
"904:1156:ORIGIN_MARK:pokemon-go","904","Overqwil","Estándar","Pokémon GO","ORIGIN_MARK","0","1156"
"904:1156:ORIGIN_MARK:hisui-legends-arceus","904","Overqwil","Estándar","Hisui (Legends: Arceus)","ORIGIN_MARK","0","1156"
"904:1156:ORIGIN_MARK:paldea","904","Overqwil","Estándar","Paldea","ORIGIN_MARK","1","1156"
"905:1157:ORIGIN_MARK:pokemon-go","905","Enamorus","Estándar","Pokémon GO","ORIGIN_MARK","0","1157"
"905:1157:ORIGIN_MARK:hisui-legends-arceus","905","Enamorus","Estándar","Hisui (Legends: Arceus)","ORIGIN_MARK","0","1157"
"905:1158:ORIGIN_MARK:hisui-legends-arceus","905","Enamorus Therian","Therian","Hisui (Legends: Arceus)","ORIGIN_MARK","0","1158"
"906:1159:ORIGIN_MARK:pokemon-go","906","Sprigatito","Estándar","Pokémon GO","ORIGIN_MARK","0","1159"
"906:1159:ORIGIN_MARK:paldea","906","Sprigatito","Estándar","Paldea","ORIGIN_MARK","0","1159"
"907:1160:ORIGIN_MARK:pokemon-go","907","Floragato","Estándar","Pokémon GO","ORIGIN_MARK","0","1160"
"907:1160:ORIGIN_MARK:paldea","907","Floragato","Estándar","Paldea","ORIGIN_MARK","0","1160"
"908:1161:ORIGIN_MARK:pokemon-go","908","Meowscarada","Estándar","Pokémon GO","ORIGIN_MARK","0","1161"
"908:1161:ORIGIN_MARK:paldea","908","Meowscarada","Estándar","Paldea","ORIGIN_MARK","0","1161"
"909:1162:ORIGIN_MARK:pokemon-go","909","Fuecoco","Estándar","Pokémon GO","ORIGIN_MARK","1","1162"
"909:1162:ORIGIN_MARK:paldea","909","Fuecoco","Estándar","Paldea","ORIGIN_MARK","0","1162"
"910:1163:ORIGIN_MARK:pokemon-go","910","Crocalor","Estándar","Pokémon GO","ORIGIN_MARK","1","1163"
"910:1163:ORIGIN_MARK:paldea","910","Crocalor","Estándar","Paldea","ORIGIN_MARK","0","1163"
"911:1164:ORIGIN_MARK:pokemon-go","911","Skeledirge","Estándar","Pokémon GO","ORIGIN_MARK","0","1164"
"911:1164:ORIGIN_MARK:paldea","911","Skeledirge","Estándar","Paldea","ORIGIN_MARK","0","1164"
"912:1165:ORIGIN_MARK:pokemon-go","912","Quaxly","Estándar","Pokémon GO","ORIGIN_MARK","0","1165"
"912:1165:ORIGIN_MARK:paldea","912","Quaxly","Estándar","Paldea","ORIGIN_MARK","0","1165"
"913:1166:ORIGIN_MARK:pokemon-go","913","Quaxwell","Estándar","Pokémon GO","ORIGIN_MARK","0","1166"
"913:1166:ORIGIN_MARK:paldea","913","Quaxwell","Estándar","Paldea","ORIGIN_MARK","0","1166"
"914:1167:ORIGIN_MARK:pokemon-go","914","Quaquaval","Estándar","Pokémon GO","ORIGIN_MARK","0","1167"
"914:1167:ORIGIN_MARK:paldea","914","Quaquaval","Estándar","Paldea","ORIGIN_MARK","0","1167"
"915:1168:ORIGIN_MARK:pokemon-go","915","Lechonk","Estándar","Pokémon GO","ORIGIN_MARK","0","1168"
"915:1168:ORIGIN_MARK:paldea","915","Lechonk","Estándar","Paldea","ORIGIN_MARK","0","1168"
"916:1169:ORIGIN_MARK:pokemon-go","916","Oinkologne","Estándar","Pokémon GO","ORIGIN_MARK","0","1169"
"916:1169:ORIGIN_MARK:paldea","916","Oinkologne","Estándar","Paldea","ORIGIN_MARK","0","1169"
"916:1170:ORIGIN_MARK:pokemon-go","916","Oinkologne female","female","Pokémon GO","ORIGIN_MARK","0","1170"
"916:1170:ORIGIN_MARK:paldea","916","Oinkologne female","female","Paldea","ORIGIN_MARK","0","1170"
"917:1171:ORIGIN_MARK:paldea","917","Tarountula","Estándar","Paldea","ORIGIN_MARK","0","1171"
"918:1172:ORIGIN_MARK:paldea","918","Spidops","Estándar","Paldea","ORIGIN_MARK","0","1172"
"919:1173:ORIGIN_MARK:pokemon-go","919","Nymble","Estándar","Pokémon GO","ORIGIN_MARK","0","1173"
"919:1173:ORIGIN_MARK:paldea","919","Nymble","Estándar","Paldea","ORIGIN_MARK","0","1173"
"920:1174:ORIGIN_MARK:pokemon-go","920","Lokix","Estándar","Pokémon GO","ORIGIN_MARK","0","1174"
"920:1174:ORIGIN_MARK:paldea","920","Lokix","Estándar","Paldea","ORIGIN_MARK","0","1174"
"921:1175:ORIGIN_MARK:pokemon-go","921","Pawmi","Estándar","Pokémon GO","ORIGIN_MARK","1","1175"
"921:1175:ORIGIN_MARK:paldea","921","Pawmi","Estándar","Paldea","ORIGIN_MARK","0","1175"
"922:1176:ORIGIN_MARK:pokemon-go","922","Pawmo","Estándar","Pokémon GO","ORIGIN_MARK","1","1176"
"922:1176:ORIGIN_MARK:paldea","922","Pawmo","Estándar","Paldea","ORIGIN_MARK","0","1176"
"923:1177:ORIGIN_MARK:pokemon-go","923","Pawmot","Estándar","Pokémon GO","ORIGIN_MARK","1","1177"
"923:1177:ORIGIN_MARK:paldea","923","Pawmot","Estándar","Paldea","ORIGIN_MARK","0","1177"
"924:1178:ORIGIN_MARK:paldea","924","Tandemaus","Estándar","Paldea","ORIGIN_MARK","0","1178"
"925:1179:ORIGIN_MARK:paldea","925","Maushold","Estándar","Paldea","ORIGIN_MARK","0","1179"
"925:1180:ORIGIN_MARK:paldea","925","Maushold 3","3","Paldea","ORIGIN_MARK","0","1180"
"926:1181:ORIGIN_MARK:pokemon-go","926","Fidough","Estándar","Pokémon GO","ORIGIN_MARK","0","1181"
"926:1181:ORIGIN_MARK:paldea","926","Fidough","Estándar","Paldea","ORIGIN_MARK","0","1181"
"927:1182:ORIGIN_MARK:pokemon-go","927","Dachsbun","Estándar","Pokémon GO","ORIGIN_MARK","0","1182"
"927:1182:ORIGIN_MARK:paldea","927","Dachsbun","Estándar","Paldea","ORIGIN_MARK","0","1182"
"928:1183:ORIGIN_MARK:pokemon-go","928","Smoliv","Estándar","Pokémon GO","ORIGIN_MARK","0","1183"
"928:1183:ORIGIN_MARK:paldea","928","Smoliv","Estándar","Paldea","ORIGIN_MARK","0","1183"
"929:1184:ORIGIN_MARK:pokemon-go","929","Dolliv","Estándar","Pokémon GO","ORIGIN_MARK","0","1184"
"929:1184:ORIGIN_MARK:paldea","929","Dolliv","Estándar","Paldea","ORIGIN_MARK","0","1184"
"930:1185:ORIGIN_MARK:pokemon-go","930","Arboliva","Estándar","Pokémon GO","ORIGIN_MARK","0","1185"
"930:1185:ORIGIN_MARK:paldea","930","Arboliva","Estándar","Paldea","ORIGIN_MARK","0","1185"
"931:1186:ORIGIN_MARK:paldea","931","Squawkabilly green","green","Paldea","ORIGIN_MARK","0","1186"
"931:1187:ORIGIN_MARK:paldea","931","Squawkabilly blue","blue","Paldea","ORIGIN_MARK","0","1187"
"931:1188:ORIGIN_MARK:paldea","931","Squawkabilly yellow","yellow","Paldea","ORIGIN_MARK","0","1188"
"931:1189:ORIGIN_MARK:paldea","931","Squawkabilly white","white","Paldea","ORIGIN_MARK","0","1189"
"932:1190:ORIGIN_MARK:paldea","932","Nacli","Estándar","Paldea","ORIGIN_MARK","0","1190"
"933:1191:ORIGIN_MARK:paldea","933","Naclstack","Estándar","Paldea","ORIGIN_MARK","0","1191"
"934:1192:ORIGIN_MARK:paldea","934","Garganacl","Estándar","Paldea","ORIGIN_MARK","0","1192"
"935:1193:ORIGIN_MARK:pokemon-go","935","Charcadet","Estándar","Pokémon GO","ORIGIN_MARK","0","1193"
"935:1193:ORIGIN_MARK:paldea","935","Charcadet","Estándar","Paldea","ORIGIN_MARK","0","1193"
"936:1194:ORIGIN_MARK:pokemon-go","936","Armarouge","Estándar","Pokémon GO","ORIGIN_MARK","0","1194"
"936:1194:ORIGIN_MARK:paldea","936","Armarouge","Estándar","Paldea","ORIGIN_MARK","0","1194"
"937:1195:ORIGIN_MARK:pokemon-go","937","Ceruledge","Estándar","Pokémon GO","ORIGIN_MARK","0","1195"
"937:1195:ORIGIN_MARK:paldea","937","Ceruledge","Estándar","Paldea","ORIGIN_MARK","0","1195"
"938:1196:ORIGIN_MARK:pokemon-go","938","Tadbulb","Estándar","Pokémon GO","ORIGIN_MARK","0","1196"
"938:1196:ORIGIN_MARK:paldea","938","Tadbulb","Estándar","Paldea","ORIGIN_MARK","0","1196"
"939:1197:ORIGIN_MARK:pokemon-go","939","Bellibolt","Estándar","Pokémon GO","ORIGIN_MARK","0","1197"
"939:1197:ORIGIN_MARK:paldea","939","Bellibolt","Estándar","Paldea","ORIGIN_MARK","0","1197"
"940:1198:ORIGIN_MARK:paldea","940","Wattrel","Estándar","Paldea","ORIGIN_MARK","0","1198"
"941:1199:ORIGIN_MARK:paldea","941","Kilowattrel","Estándar","Paldea","ORIGIN_MARK","0","1199"
"942:1200:ORIGIN_MARK:paldea","942","Maschiff","Estándar","Paldea","ORIGIN_MARK","0","1200"
"943:1201:ORIGIN_MARK:paldea","943","Mabosstiff","Estándar","Paldea","ORIGIN_MARK","0","1201"
"944:1202:ORIGIN_MARK:pokemon-go","944","Shroodle","Estándar","Pokémon GO","ORIGIN_MARK","0","1202"
"944:1202:ORIGIN_MARK:paldea","944","Shroodle","Estándar","Paldea","ORIGIN_MARK","0","1202"
"945:1203:ORIGIN_MARK:pokemon-go","945","Grafaiai","Estándar","Pokémon GO","ORIGIN_MARK","0","1203"
"945:1203:ORIGIN_MARK:paldea","945","Grafaiai","Estándar","Paldea","ORIGIN_MARK","0","1203"
"946:1204:ORIGIN_MARK:paldea","946","Bramblin","Estándar","Paldea","ORIGIN_MARK","0","1204"
"947:1205:ORIGIN_MARK:paldea","947","Brambleghast","Estándar","Paldea","ORIGIN_MARK","0","1205"
"948:1206:ORIGIN_MARK:paldea","948","Toedscool","Estándar","Paldea","ORIGIN_MARK","0","1206"
"949:1207:ORIGIN_MARK:paldea","949","Toedscruel","Estándar","Paldea","ORIGIN_MARK","0","1207"
"950:1208:ORIGIN_MARK:paldea","950","Klawf","Estándar","Paldea","ORIGIN_MARK","0","1208"
"951:1209:ORIGIN_MARK:paldea","951","Capsakid","Estándar","Paldea","ORIGIN_MARK","0","1209"
"952:1210:ORIGIN_MARK:paldea","952","Scovillain","Estándar","Paldea","ORIGIN_MARK","0","1210"
"953:1211:ORIGIN_MARK:paldea","953","Rellor","Estándar","Paldea","ORIGIN_MARK","0","1211"
"954:1212:ORIGIN_MARK:paldea","954","Rabsca","Estándar","Paldea","ORIGIN_MARK","0","1212"
"955:1213:ORIGIN_MARK:paldea","955","Flittle","Estándar","Paldea","ORIGIN_MARK","0","1213"
"956:1214:ORIGIN_MARK:paldea","956","Espathra","Estándar","Paldea","ORIGIN_MARK","0","1214"
"957:1215:ORIGIN_MARK:paldea","957","Tinkatink","Estándar","Paldea","ORIGIN_MARK","0","1215"
"958:1216:ORIGIN_MARK:paldea","958","Tinkatuff","Estándar","Paldea","ORIGIN_MARK","0","1216"
"959:1217:ORIGIN_MARK:paldea","959","Tinkaton","Estándar","Paldea","ORIGIN_MARK","0","1217"
"960:1218:ORIGIN_MARK:pokemon-go","960","Wiglett","Estándar","Pokémon GO","ORIGIN_MARK","0","1218"
"960:1218:ORIGIN_MARK:paldea","960","Wiglett","Estándar","Paldea","ORIGIN_MARK","0","1218"
"961:1219:ORIGIN_MARK:pokemon-go","961","Wugtrio","Estándar","Pokémon GO","ORIGIN_MARK","0","1219"
"961:1219:ORIGIN_MARK:paldea","961","Wugtrio","Estándar","Paldea","ORIGIN_MARK","0","1219"
"962:1220:ORIGIN_MARK:pokemon-go","962","Bombirdier","Estándar","Pokémon GO","ORIGIN_MARK","1","1220"
"962:1220:ORIGIN_MARK:paldea","962","Bombirdier","Estándar","Paldea","ORIGIN_MARK","0","1220"
"963:1221:ORIGIN_MARK:paldea","963","Finizen","Estándar","Paldea","ORIGIN_MARK","0","1221"
"964:1222:ORIGIN_MARK:paldea","964","Palafin","Estándar","Paldea","ORIGIN_MARK","0","1222"
"965:1223:ORIGIN_MARK:pokemon-go","965","Varoom","Estándar","Pokémon GO","ORIGIN_MARK","0","1223"
"965:1223:ORIGIN_MARK:paldea","965","Varoom","Estándar","Paldea","ORIGIN_MARK","0","1223"
"966:1224:ORIGIN_MARK:pokemon-go","966","Revavroom","Estándar","Pokémon GO","ORIGIN_MARK","0","1224"
"966:1224:ORIGIN_MARK:paldea","966","Revavroom","Estándar","Paldea","ORIGIN_MARK","0","1224"
"967:1225:ORIGIN_MARK:paldea","967","Cyclizar","Estándar","Paldea","ORIGIN_MARK","0","1225"
"968:1226:ORIGIN_MARK:paldea","968","Orthworm","Estándar","Paldea","ORIGIN_MARK","0","1226"
"969:1227:ORIGIN_MARK:paldea","969","Glimmet","Estándar","Paldea","ORIGIN_MARK","0","1227"
"970:1228:ORIGIN_MARK:paldea","970","Glimmora","Estándar","Paldea","ORIGIN_MARK","0","1228"
"971:1229:ORIGIN_MARK:pokemon-go","971","Greavard","Estándar","Pokémon GO","ORIGIN_MARK","0","1229"
"971:1229:ORIGIN_MARK:paldea","971","Greavard","Estándar","Paldea","ORIGIN_MARK","0","1229"
"972:1230:ORIGIN_MARK:pokemon-go","972","Houndstone","Estándar","Pokémon GO","ORIGIN_MARK","0","1230"
"972:1230:ORIGIN_MARK:paldea","972","Houndstone","Estándar","Paldea","ORIGIN_MARK","0","1230"
"973:1231:ORIGIN_MARK:paldea","973","Flamigo","Estándar","Paldea","ORIGIN_MARK","0","1231"
"974:1232:ORIGIN_MARK:pokemon-go","974","Cetoddle","Estándar","Pokémon GO","ORIGIN_MARK","0","1232"
"974:1232:ORIGIN_MARK:paldea","974","Cetoddle","Estándar","Paldea","ORIGIN_MARK","0","1232"
"975:1233:ORIGIN_MARK:pokemon-go","975","Cetitan","Estándar","Pokémon GO","ORIGIN_MARK","0","1233"
"975:1233:ORIGIN_MARK:paldea","975","Cetitan","Estándar","Paldea","ORIGIN_MARK","0","1233"
"976:1234:ORIGIN_MARK:paldea","976","Veluza","Estándar","Paldea","ORIGIN_MARK","0","1234"
"977:1235:ORIGIN_MARK:paldea","977","Dondozo","Estándar","Paldea","ORIGIN_MARK","0","1235"
"978:1236:ORIGIN_MARK:paldea","978","Tatsugiri orange","orange","Paldea","ORIGIN_MARK","0","1236"
"978:1237:ORIGIN_MARK:paldea","978","Tatsugiri red","red","Paldea","ORIGIN_MARK","0","1237"
"978:1238:ORIGIN_MARK:paldea","978","Tatsugiri yellow","yellow","Paldea","ORIGIN_MARK","0","1238"
"979:1239:ORIGIN_MARK:consola-virtual","979","Annihilape","Estándar","Consola Virtual","ORIGIN_MARK","1","1239"
"979:1239:ORIGIN_MARK:sin-marca-gen-3-5","979","Annihilape","Estándar","Sin marca (Gen 3-5)","ORIGIN_MARK","0","1239"
"979:1239:ORIGIN_MARK:kalos","979","Annihilape","Estándar","Kalos","ORIGIN_MARK","1","1239"
"979:1239:ORIGIN_MARK:alola","979","Annihilape","Estándar","Alola","ORIGIN_MARK","1","1239"
"979:1239:ORIGIN_MARK:pokemon-go","979","Annihilape","Estándar","Pokémon GO","ORIGIN_MARK","0","1239"
"979:1239:ORIGIN_MARK:let-s-go","979","Annihilape","Estándar","Let's Go","ORIGIN_MARK","0","1239"
"979:1239:ORIGIN_MARK:sinnoh-bdsp","979","Annihilape","Estándar","Sinnoh (BDSP)","ORIGIN_MARK","0","1239"
"979:1239:ORIGIN_MARK:paldea","979","Annihilape","Estándar","Paldea","ORIGIN_MARK","0","1239"
"979:1239:ORIGIN_MARK:legends-z-a","979","Annihilape","Estándar","Legends: Z-A","ORIGIN_MARK","0","1239"
"979:1239:DREAM_BALL:dream-ball-v","979","Annihilape","Estándar","Dream Ball (V)","DREAM_BALL","0","1239"
"979:1239:COLO_XD:colo-xd","979","Annihilape","Estándar","Colo/XD","COLO_XD","0","1239"
"980:1240:ORIGIN_MARK:pokemon-go","980","Clodsire","Estándar","Pokémon GO","ORIGIN_MARK","0","1240"
"980:1240:ORIGIN_MARK:paldea","980","Clodsire","Estándar","Paldea","ORIGIN_MARK","0","1240"
"981:1241:ORIGIN_MARK:consola-virtual","981","Farigiraf","Estándar","Consola Virtual","ORIGIN_MARK","1","1241"
"981:1241:ORIGIN_MARK:sin-marca-gen-3-5","981","Farigiraf","Estándar","Sin marca (Gen 3-5)","ORIGIN_MARK","0","1241"
"981:1241:ORIGIN_MARK:kalos","981","Farigiraf","Estándar","Kalos","ORIGIN_MARK","1","1241"
"981:1241:ORIGIN_MARK:alola","981","Farigiraf","Estándar","Alola","ORIGIN_MARK","1","1241"
"981:1241:ORIGIN_MARK:pokemon-go","981","Farigiraf","Estándar","Pokémon GO","ORIGIN_MARK","0","1241"
"981:1241:ORIGIN_MARK:sinnoh-bdsp","981","Farigiraf","Estándar","Sinnoh (BDSP)","ORIGIN_MARK","0","1241"
"981:1241:ORIGIN_MARK:paldea","981","Farigiraf","Estándar","Paldea","ORIGIN_MARK","0","1241"
"981:1241:ORIGIN_MARK:legends-z-a","981","Farigiraf","Estándar","Legends: Z-A","ORIGIN_MARK","0","1241"
"981:1241:DREAM_BALL:dream-ball-v","981","Farigiraf","Estándar","Dream Ball (V)","DREAM_BALL","0","1241"
"982:1242:ORIGIN_MARK:consola-virtual","982","Dudunsparce","Estándar","Consola Virtual","ORIGIN_MARK","1","1242"
"982:1242:ORIGIN_MARK:sin-marca-gen-3-5","982","Dudunsparce","Estándar","Sin marca (Gen 3-5)","ORIGIN_MARK","0","1242"
"982:1242:ORIGIN_MARK:kalos","982","Dudunsparce","Estándar","Kalos","ORIGIN_MARK","1","1242"
"982:1242:ORIGIN_MARK:alola","982","Dudunsparce","Estándar","Alola","ORIGIN_MARK","1","1242"
"982:1242:ORIGIN_MARK:pokemon-go","982","Dudunsparce","Estándar","Pokémon GO","ORIGIN_MARK","0","1242"
"982:1242:ORIGIN_MARK:galar","982","Dudunsparce","Estándar","Galar","ORIGIN_MARK","0","1242"
"982:1242:ORIGIN_MARK:sinnoh-bdsp","982","Dudunsparce","Estándar","Sinnoh (BDSP)","ORIGIN_MARK","0","1242"
"982:1242:ORIGIN_MARK:paldea","982","Dudunsparce","Estándar","Paldea","ORIGIN_MARK","0","1242"
"982:1242:ORIGIN_MARK:legends-z-a","982","Dudunsparce","Estándar","Legends: Z-A","ORIGIN_MARK","0","1242"
"982:1242:DREAM_BALL:dream-ball-v","982","Dudunsparce","Estándar","Dream Ball (V)","DREAM_BALL","0","1242"
"982:1242:COLO_XD:colo-xd","982","Dudunsparce","Estándar","Colo/XD","COLO_XD","0","1242"
"982:1243:ORIGIN_MARK:pokemon-go","982","Dudunsparce 3","3","Pokémon GO","ORIGIN_MARK","0","1243"
"982:1243:ORIGIN_MARK:galar","982","Dudunsparce 3","3","Galar","ORIGIN_MARK","0","1243"
"982:1243:ORIGIN_MARK:sinnoh-bdsp","982","Dudunsparce 3","3","Sinnoh (BDSP)","ORIGIN_MARK","0","1243"
"982:1243:ORIGIN_MARK:paldea","982","Dudunsparce 3","3","Paldea","ORIGIN_MARK","0","1243"
"982:1243:COLO_XD:colo-xd","982","Dudunsparce 3","3","Colo/XD","COLO_XD","0","1243"
"983:1244:ORIGIN_MARK:sin-marca-gen-3-5","983","Kingambit","Estándar","Sin marca (Gen 3-5)","ORIGIN_MARK","1","1244"
"983:1244:ORIGIN_MARK:alola","983","Kingambit","Estándar","Alola","ORIGIN_MARK","1","1244"
"983:1244:ORIGIN_MARK:pokemon-go","983","Kingambit","Estándar","Pokémon GO","ORIGIN_MARK","0","1244"
"983:1244:ORIGIN_MARK:galar","983","Kingambit","Estándar","Galar","ORIGIN_MARK","0","1244"
"983:1244:ORIGIN_MARK:paldea","983","Kingambit","Estándar","Paldea","ORIGIN_MARK","0","1244"
"983:1244:ORIGIN_MARK:legends-z-a","983","Kingambit","Estándar","Legends: Z-A","ORIGIN_MARK","0","1244"
"983:1244:DREAM_BALL:dream-ball-v","983","Kingambit","Estándar","Dream Ball (V)","DREAM_BALL","0","1244"
"984:1245:ORIGIN_MARK:paldea","984","Great Tusk","Estándar","Paldea","ORIGIN_MARK","0","1245"
"985:1246:ORIGIN_MARK:paldea","985","Scream Tail","Estándar","Paldea","ORIGIN_MARK","0","1246"
"986:1247:ORIGIN_MARK:paldea","986","Brute Bonnet","Estándar","Paldea","ORIGIN_MARK","0","1247"
"987:1248:ORIGIN_MARK:paldea","987","Flutter Mane","Estándar","Paldea","ORIGIN_MARK","0","1248"
"988:1249:ORIGIN_MARK:paldea","988","Slither Wing","Estándar","Paldea","ORIGIN_MARK","0","1249"
"989:1250:ORIGIN_MARK:paldea","989","Sandy Shocks","Estándar","Paldea","ORIGIN_MARK","0","1250"
"990:1251:ORIGIN_MARK:paldea","990","Iron Treads","Estándar","Paldea","ORIGIN_MARK","0","1251"
"991:1252:ORIGIN_MARK:paldea","991","Iron Bundle","Estándar","Paldea","ORIGIN_MARK","0","1252"
"992:1253:ORIGIN_MARK:paldea","992","Iron Hands","Estándar","Paldea","ORIGIN_MARK","0","1253"
"993:1254:ORIGIN_MARK:paldea","993","Iron Jugulis","Estándar","Paldea","ORIGIN_MARK","0","1254"
"994:1255:ORIGIN_MARK:paldea","994","Iron Moth","Estándar","Paldea","ORIGIN_MARK","0","1255"
"995:1256:ORIGIN_MARK:paldea","995","Iron Thorns","Estándar","Paldea","ORIGIN_MARK","0","1256"
"996:1257:ORIGIN_MARK:pokemon-go","996","Frigibax","Estándar","Pokémon GO","ORIGIN_MARK","0","1257"
"996:1257:ORIGIN_MARK:paldea","996","Frigibax","Estándar","Paldea","ORIGIN_MARK","0","1257"
"997:1258:ORIGIN_MARK:pokemon-go","997","Arctibax","Estándar","Pokémon GO","ORIGIN_MARK","0","1258"
"997:1258:ORIGIN_MARK:paldea","997","Arctibax","Estándar","Paldea","ORIGIN_MARK","0","1258"
"998:1259:ORIGIN_MARK:pokemon-go","998","Baxcalibur","Estándar","Pokémon GO","ORIGIN_MARK","0","1259"
"998:1259:ORIGIN_MARK:paldea","998","Baxcalibur","Estándar","Paldea","ORIGIN_MARK","0","1259"
"999:1260:ORIGIN_MARK:paldea","999","Gimmighoul Chest","Chest","Paldea","ORIGIN_MARK","0","1260"
"999:1261:ORIGIN_MARK:pokemon-go","999","Gimmighoul Roaming","Roaming","Pokémon GO","ORIGIN_MARK","0","1261"
"1000:1262:ORIGIN_MARK:pokemon-go","1000","Gholdengo","Estándar","Pokémon GO","ORIGIN_MARK","0","1262"
"1000:1262:ORIGIN_MARK:paldea","1000","Gholdengo","Estándar","Paldea","ORIGIN_MARK","0","1262"
"1001:1263:ORIGIN_MARK:paldea","1001","Wo-Chien","Estándar","Paldea","ORIGIN_MARK","0","1263"
"1002:1264:ORIGIN_MARK:paldea","1002","Chien-Pao","Estándar","Paldea","ORIGIN_MARK","0","1264"
"1003:1265:ORIGIN_MARK:paldea","1003","Ting-Lu","Estándar","Paldea","ORIGIN_MARK","0","1265"
"1004:1266:ORIGIN_MARK:paldea","1004","Chi-Yu","Estándar","Paldea","ORIGIN_MARK","0","1266"
"1005:1267:ORIGIN_MARK:paldea","1005","Roaring Moon","Estándar","Paldea","ORIGIN_MARK","0","1267"
"1006:1268:ORIGIN_MARK:paldea","1006","Iron Valiant","Estándar","Paldea","ORIGIN_MARK","0","1268"
"1007:1269:ORIGIN_MARK:paldea","1007","Koraidon","Estándar","Paldea","ORIGIN_MARK","0","1269"
"1008:1270:ORIGIN_MARK:paldea","1008","Miraidon","Estándar","Paldea","ORIGIN_MARK","0","1270"
"1009:1271:ORIGIN_MARK:paldea","1009","Walking Wake","Estándar","Paldea","ORIGIN_MARK","0","1271"
"1010:1272:ORIGIN_MARK:paldea","1010","Iron Leaves","Estándar","Paldea","ORIGIN_MARK","0","1272"
"1011:1273:ORIGIN_MARK:galar","1011","Dipplin","Estándar","Galar","ORIGIN_MARK","0","1273"
"1011:1273:ORIGIN_MARK:paldea","1011","Dipplin","Estándar","Paldea","ORIGIN_MARK","0","1273"
"1012:1274:ORIGIN_MARK:paldea","1012","Poltchageist","Estándar","Paldea","ORIGIN_MARK","0","1274"
"1013:1275:ORIGIN_MARK:paldea","1013","Sinistcha","Estándar","Paldea","ORIGIN_MARK","0","1275"
"1014:1276:ORIGIN_MARK:paldea","1014","Okidogi","Estándar","Paldea","ORIGIN_MARK","0","1276"
"1015:1277:ORIGIN_MARK:paldea","1015","Munkidori","Estándar","Paldea","ORIGIN_MARK","0","1277"
"1016:1278:ORIGIN_MARK:paldea","1016","Fezandipiti","Estándar","Paldea","ORIGIN_MARK","0","1278"
"1017:1279:ORIGIN_MARK:paldea","1017","Ogerpon","Estándar","Paldea","ORIGIN_MARK","0","1279"
"1018:1280:ORIGIN_MARK:galar","1018","Archaludon","Estándar","Galar","ORIGIN_MARK","0","1280"
"1018:1280:ORIGIN_MARK:paldea","1018","Archaludon","Estándar","Paldea","ORIGIN_MARK","0","1280"
"1019:1281:ORIGIN_MARK:galar","1019","Hydrapple","Estándar","Galar","ORIGIN_MARK","0","1281"
"1019:1281:ORIGIN_MARK:paldea","1019","Hydrapple","Estándar","Paldea","ORIGIN_MARK","0","1281"
"1020:1282:ORIGIN_MARK:paldea","1020","Gouging Fire","Estándar","Paldea","ORIGIN_MARK","0","1282"
"1021:1283:ORIGIN_MARK:paldea","1021","Raging Bolt","Estándar","Paldea","ORIGIN_MARK","0","1283"
"1022:1284:ORIGIN_MARK:paldea","1022","Iron Boulder","Estándar","Paldea","ORIGIN_MARK","0","1284"
"1023:1285:ORIGIN_MARK:paldea","1023","Iron Crown","Estándar","Paldea","ORIGIN_MARK","0","1285"
"1024:1286:ORIGIN_MARK:paldea","1024","Terapagos","Estándar","Paldea","ORIGIN_MARK","0","1286"
"1025:1287:ORIGIN_MARK:paldea","1025","Pecharunt","Estándar","Paldea","ORIGIN_MARK","0","1287"
